x_um,E_CB_eV,E_VB_eV,E_Fn_eV,E_Fp_eV,n_cm3,p_cm3,Jn_mA_cm2,Jp_mA_cm2,Jtotal_mA_cm2
0.0,0.9552120108495785,-2.2447879891504217,1.1102230246251565e-16,4.440892098500626e-16,4285.741459418562,1.467077351937122e-18,-1.5589700224067555e-28,3.706598859580388e-52,-1.5589700224067555e-28
0.0005555555555555556,0.9496813504570052,-2.250318649542995,1.1102230246251565e-16,8.881784197001252e-16,5315.124967849955,1.1829475824938503e-18,-1.5589700223361924e-28,3.860000490070522e-52,-1.5589700223361924e-28
0.0011111111111111111,0.944169306451448,-2.2558306935485524,2.220446049250313e-16,-0.0,6586.9794656562,9.54536789457665e-19,-1.5589700223662694e-28,7.936479125480526e-53,-1.5589700223662694e-28
0.0016666666666666666,0.9386758788329069,-2.2613241211670934,2.220446049250313e-16,-0.0,8157.262856284666,7.707872532913199e-19,-1.558970022179477e-28,1.1260717257802154e-53,-1.558970022179477e-28
0.0022222222222222222,0.933201067601382,-2.2667989323986184,2.220446049250313e-16,-4.440892098500626e-16,10094.572289768092,6.228608851257729e-19,-1.5589700221939065e-28,5.775080136652322e-53,-1.5589700221939065e-28
0.0027777777777777775,0.9277448727568733,-2.2722551272431266,2.220446049250313e-16,4.440892098500626e-16,12482.934905515083,5.036887782370039e-19,-1.5589700223328907e-28,1.3370030404555254e-52,-1.5589700223328907e-28
0.003333333333333333,0.9223072942993809,-2.2776927057006193,2.220446049250313e-16,4.440892098500626e-16,15425.200119291881,4.076131384193416e-19,-1.5589700224495442e-28,-2.3851314529441876e-54,-1.5589700224495442e-28
0.0038888888888888883,0.9168883322289045,-2.2831116677710956,2.220446049250313e-16,4.440892098500626e-16,19047.15983720359,3.301024554374752e-19,-1.5589700227147586e-28,4.682868239580718e-53,-1.5589700227147586e-28
0.0044444444444444444,0.9114879865454444,-2.2885120134545556,2.220446049250313e-16,4.440892098500626e-16,23502.54881379141,2.675247812986743e-19,-1.5589700232142253e-28,4.676442680316237e-53,-1.5589700232142253e-28
0.005,0.9061062572490004,-2.293893742751,2.220446049250313e-16,4.440892098500626e-16,28979.10833278061,2.169671391945005e-19,-1.5589700235047457e-28,6.597311600719794e-53,-1.5589700235047457e-28
0.005555555555555555,0.9007431443395726,-2.2992568556604276,1.1102230246251565e-16,4.440892098500626e-16,35705.933462949186,1.7609157979010067e-19,-1.5589700226933854e-28,1.3040451751068959e-54,-1.5589700226933854e-28
0.0061111111111111106,0.8953986478171609,-2.3046013521828392,-0.0,4.440892098500626e-16,43962.36849628983,1.4302037052215628e-19,-1.5589700231411067e-28,-1.9937023605090947e-53,-1.5589700231411067e-28
0.006666666666666666,0.8900727676817657,-2.3099272323182345,2.220446049250313e-16,8.881784197001252e-16,54088.76819485,1.1624435980351115e-19,-1.558970022727729e-28,-2.141043102539607e-53,-1.558970022727729e-28
0.007222222222222222,0.8847655039333864,-2.315234496066614,2.220446049250313e-16,4.440892098500626e-16,66499.50579376343,9.454978884911734e-20,-1.5589700224548346e-28,-4.390980643960644e-53,-1.5589700224548346e-28
0.007777777777777777,0.8794768565720232,-2.3205231434279767,2.220446049250313e-16,4.440892098500626e-16,81698.68426682762,7.695979791836099e-20,-1.5589700225308796e-28,-3.084400065052694e-53,-1.5589700225308796e-28
0.008333333333333333,0.8742068255976765,-2.3257931744023237,3.3306690738754696e-16,4.440892098500626e-16,100299.0974438714,6.268764516938441e-20,-1.5589700220800256e-28,-1.7415271416099024e-53,-1.5589700220800256e-28
0.008888888888888889,0.8689554110103457,-2.3310445889896547,1.1102230246251565e-16,-0.0,123045.09487398624,5.109926761249748e-20,-1.5589700223707257e-28,-1.6421342173789816e-53,-1.5589700223707257e-28
0.009444444444444443,0.8637226128100312,-2.336277387189969,2.220446049250313e-16,4.440892098500626e-16,150840.1320358091,4.168329838028966e-20,-1.5589700229864605e-28,-1.6361969763222746e-53,-1.5589700229864605e-28
0.01,0.8585084309967328,-2.341491569003267,1.1102230246251565e-16,4.440892098500626e-16,184779.93935116506,3.4027039155055874e-20,-1.5589700235262212e-28,-3.388557089792729e-54,-1.5589700235262212e-28
0.010555555555555556,0.8533128655704507,-2.3466871344295495,2.220446049250313e-16,4.440892098500626e-16,226192.42386864242,2.779719198297426e-20,-1.5589700238031597e-28,-5.644657010406692e-55,-1.5589700238031597e-28
0.01111111111111111,0.8481359165311846,-2.351864083468816,2.220446049250313e-16,-0.0,276685.631629643,2.2724397339819443e-20,-1.558970023697643e-28,-1.1275681395080801e-53,-1.558970023697643e-28
0.011666666666666667,0.8429775838789348,-2.3570224161210653,1.1102230246251565e-16,-0.0,338205.3526949002,1.859081821523708e-20,-1.5589700236692848e-28,-1.0064753002396674e-53,-1.5589700236692848e-28
0.012222222222222221,0.837837867613701,-2.362162132386299,1.1102230246251565e-16,4.440892098500626e-16,413104.2517319273,1.5220163445451722e-20,-1.5589700225976316e-28,-5.724971420271306e-54,-1.5589700225976316e-28
0.012777777777777779,0.8327167677354836,-2.3672832322645165,-0.0,-0.0,504224.76330904424,1.2469665690570922e-20,-1.5589700214673759e-28,9.735438531197656e-56,-1.5589700214673759e-28
0.013333333333333332,0.8276142842442824,-2.3723857157557178,-0.0,-0.0,614998.4124053676,1.0223626768042225e-20,-1.5589700203654802e-28,-2.0098299040471577e-55,-1.5589700203654802e-28
0.013888888888888886,0.8225304171400973,-2.377469582859903,1.1102230246251565e-16,-4.440892098500626e-16,749564.7185871744,8.388220623860371e-21,-1.5589700206711637e-28,-4.466318315448017e-54,-1.5589700206711637e-28
0.014444444444444444,0.8174651664229283,-2.382534833577072,1.1102230246251565e-16,-0.0,912913.4302109932,6.887306094201934e-21,-1.558970019364669e-28,-1.839517374053682e-54,-1.558970019364669e-28
0.015,0.8124185320927755,-2.387581467907225,1.1102230246251565e-16,-0.0,1111054.5285268538,5.659050991590463e-21,-1.5589700189952237e-28,-2.2573792667296167e-54,-1.5589700189952237e-28
0.015555555555555553,0.8073905141496389,-2.392609485850361,3.3306690738754696e-16,4.440892098500626e-16,1351221.2589063495,4.65320848819382e-21,-1.5589700191021442e-28,-2.2820153693074662e-54,-1.5589700191021442e-28
0.016111111111111107,0.8023811125935184,-2.3976188874064817,2.220446049250313e-16,4.440892098500626e-16,1642112.4088566417,3.828918286872234e-21,-1.5589700180145303e-28,-1.7380913739457144e-54,-1.5589700180145303e-28
0.016666666666666666,0.7973903274244141,-2.4026096725755863,2.220446049250313e-16,-4.440892098500626e-16,1994181.184735429,3.1529302750919322e-21,-1.5589700187043617e-28,-1.0033131066509063e-54,-1.5589700187043617e-28
0.017222222222222222,0.7924181586423259,-2.407581841357674,1.1102230246251565e-16,8.881784197001252e-16,2419979.3699127785,2.598168525543038e-21,-1.5589700183796806e-28,-1.9900826010485867e-54,-1.5589700183796806e-28
0.017777777777777778,0.7874646062472539,-2.412535393752746,2.220446049250313e-16,4.440892098500626e-16,2934567.0099441865,2.142569656806218e-21,-1.5589700173178166e-28,-9.688948131873853e-55,-1.5589700173178166e-28
0.018333333333333333,0.782529670239198,-2.4174703297608024,2.220446049250313e-16,-0.0,3555999.703897669,1.7681425070084597e-21,-1.5589700198130016e-28,-6.487094652495704e-55,-1.5589700198130016e-28
0.018888888888888886,0.7776133506181582,-2.422386649381842,2.220446049250313e-16,4.440892098500626e-16,4305907.7302680975,1.4602064478003725e-21,-1.558970018931185e-28,-8.177016620164145e-55,-1.558970018931185e-28
0.019444444444444445,0.7727156473841343,-2.4272843526158656,1.1102230246251565e-16,4.440892098500626e-16,5210183.7529741535,1.2067739890712665e-21,-1.5589700188480905e-28,-2.004315057104152e-55,-1.5589700188480905e-28
0.02,0.7678365605371268,-2.4321634394628733,2.220446049250313e-16,4.440892098500626e-16,6299798.798001461,9.980500065122022e-22,-1.558970019478839e-28,-2.826889564607381e-57,-1.558970019478839e-28
0.020555555555555556,0.7629760900771352,-2.437023909922865,2.220446049250313e-16,-0.0,7611769.633945933,8.2602529158670425e-22,-1.5589700174963294e-28,2.005478930166159e-55,-1.5589700174963294e-28
0.021111111111111112,0.7581342360041596,-2.4418657639958408,2.220446049250313e-16,-0.0,9190304.710404087,6.841464379579351e-22,-1.5589700179339166e-28,-6.590091268242299e-56,-1.5589700179339166e-28
0.021666666666666664,0.7533109983182,-2.4466890016818,1.1102230246251565e-16,-0.0,11088160.499561258,5.670475487453304e-22,-1.5589700170871245e-28,-4.6321505049272345e-56,-1.5589700170871245e-28
0.02222222222222222,0.7485063770192566,-2.4514936229807436,2.220446049250313e-16,4.440892098500626e-16,13368245.555263573,4.703320421052064e-22,-1.558970016668796e-28,-2.5000490773057254e-55,-1.558970016668796e-28
0.02277777777777778,0.7437203721073289,-2.4562796278926715,1.1102230246251565e-16,-4.440892098500626e-16,16105515.973275665,3.9039508214478074e-22,-1.5589700159251265e-28,-2.446688544690411e-55,-1.5589700159251265e-28
0.023333333333333334,0.7389529835824172,-2.461047016417583,2.220446049250313e-16,4.440892098500626e-16,19389213.347681932,3.242789750478762e-22,-1.55897001756076e-28,-1.1919924663160173e-55,-1.55897001756076e-28
0.02388888888888889,0.7342042114445213,-2.4657957885554787,1.1102230246251565e-16,4.440892098500626e-16,23325504.933851086,2.6955533220831793e-22,-1.5589700179979728e-28,-3.931671783291279e-56,-1.5589700179979728e-28
0.024444444444444442,0.7294740556936412,-2.4705259443063587,2.220446049250313e-16,8.881784197001252e-16,28040595.734336354,2.242289818283609e-22,-1.5589700164272342e-28,-7.537155937829823e-56,-1.5589700164272342e-28
0.024999999999999998,0.7247625163297766,-2.475237483670224,2.220446049250313e-16,-4.440892098500626e-16,33684393.83402199,1.8665956295228032e-22,-1.558970019577033e-28,-9.103349987594617e-56,-1.558970019577033e-28
0.025555555555555557,0.7200695933529278,-2.4799304066470724,2.220446049250313e-16,-0.0,40434823.7691916,1.5549750549825858e-22,-1.5589700204423222e-28,-8.99813563740638e-56,-1.5589700204423222e-28
0.026111111111111113,0.7153952867630942,-2.484604713236906,2.220446049250313e-16,4.440892098500626e-16,48502898.30150735,1.2963172205269155e-22,-1.5589700181531247e-28,-2.979909142464914e-56,-1.5589700181531247e-28
0.026666666666666665,0.710739596560276,-2.489260403439724,2.220446049250313e-16,-0.0,58138677.00149588,1.0814684054831924e-22,-1.5589700188638212e-28,-3.1146289475710326e-56,-1.5589700188638212e-28
0.02722222222222222,0.7061025227444728,-2.493897477255527,2.220446049250313e-16,4.440892098500626e-16,69638260.89144102,9.028821442242149e-23,-1.5589700186120513e-28,8.237080218077416e-57,-1.5589700186120513e-28
0.027777777777777773,0.7014840653156844,-2.498515934684316,1.1102230246251565e-16,4.440892098500626e-16,83351996.46992171,7.543327691784499e-23,-1.55897001891958e-28,-1.3378817628008237e-56,-1.55897001891958e-28
0.02833333333333333,0.6968842242739108,-2.5031157757260893,2.220446049250313e-16,4.440892098500626e-16,99694090.2125786,6.306807372396876e-23,-1.5589700167892876e-28,-2.3151083335076435e-56,-1.5589700167892876e-28
0.028888888888888888,0.6923029996191515,-2.5076970003808485,2.220446049250313e-16,4.440892098500626e-16,119153866.65386547,5.2768025142111325e-23,-1.5589700183457513e-28,-2.506366975346473e-56,-1.5589700183457513e-28
0.029444444444444443,0.6877403913514062,-2.512259608648594,2.220446049250313e-16,4.440892098500626e-16,142308940.01359788,4.418214506249645e-23,-1.5589700198537399e-28,-2.7563552091093006e-56,-1.5589700198537399e-28
0.03,0.6831963994706742,-2.516803600529326,1.1102230246251565e-16,-0.0,169840611.7334111,3.702008705220672e-23,-1.5589700227248666e-28,-1.4533371279470721e-56,-1.5589700227248666e-28
0.030555555555555555,0.6786710239769554,-2.5213289760230446,2.220446049250313e-16,8.881784197001252e-16,202551855.01762354,3.1041504067310755e-23,-1.5589700224971215e-28,4.7900595027522143e-57,-1.5589700224971215e-28
0.031111111111111107,0.674164264870249,-2.525835735129751,2.220446049250313e-16,4.440892098500626e-16,241388303.4202206,2.6047302799196832e-23,-1.5589700178110588e-28,2.0400735749023998e-56,-1.5589700178110588e-28
0.03166666666666666,0.6696761221505542,-2.530323877849446,1.1102230246251565e-16,4.440892098500626e-16,287462724.6907525,2.1872450552101586e-23,-1.5589700211373365e-28,1.5759356260692603e-56,-1.5589700211373365e-28
0.032222222222222215,0.6652065958178703,-2.53479340418213,2.220446049250313e-16,4.440892098500626e-16,342083534.6232626,1.838005514733515e-23,-1.5589700178072314e-28,8.365655348672567e-57,-1.5589700178072314e-28
0.03277777777777778,0.6607556858721961,-2.539244314127804,2.220446049250313e-16,4.440892098500626e-16,406787989.8258363,1.545648934734507e-23,-1.5589700198094927e-28,5.492349779598055e-57,-1.5589700198094927e-28
0.03333333333333333,0.6563233923135305,-2.5436766076864696,1.1102230246251565e-16,4.440892098500626e-16,483380794.5884747,1.300737286578342e-23,-1.5589700174860573e-28,4.794241943870675e-57,-1.5589700174860573e-28
0.03388888888888889,0.6519097151418721,-2.548090284858128,2.220446049250313e-16,4.440892098500626e-16,573978966.9994162,1.0954258941299002e-23,-1.5589700179440364e-28,5.698499975033335e-57,-1.5589700179440364e-28
0.034444444444444444,0.6475146543572192,-2.552485345642781,1.1102230246251565e-16,4.440892098500626e-16,681063934.9719907,9.231900132297466e-24,-1.558970020362738e-28,8.154613769221135e-58,-1.558970020362738e-28
0.035,0.6431382099595697,-2.5568617900404305,1.1102230246251565e-16,4.440892098500626e-16,807541975.9472243,7.785990596954182e-24,-1.5589700197466249e-28,4.470336596682069e-58,-1.5589700197466249e-28
0.035555555555555556,0.6387803819489215,-2.5612196180510787,2.220446049250313e-16,4.440892098500626e-16,956814277.0317148,6.571300598561793e-24,-1.5589700157621928e-28,6.23843247898738e-59,-1.5589700157621928e-28
0.03611111111111111,0.6344411703252715,-2.5655588296747287,2.220446049250313e-16,4.440892098500626e-16,1132858077.7921624,5.5501340853081505e-24,-1.5589700164573054e-28,1.4292862114422788e-57,-1.5589700164573054e-28
0.03666666666666667,0.6301205750886164,-2.5698794249113837,2.220446049250313e-16,4.440892098500626e-16,1340320568.737929,4.691052557144177e-24,-1.5589700163400956e-28,2.406027936872533e-58,-1.5589700163400956e-28
0.03722222222222222,0.6258185962389526,-2.5741814037610475,2.220446049250313e-16,4.440892098500626e-16,1584627457.8998978,3.967818555727779e-24,-1.558970018797611e-28,8.956158721665981e-58,-1.558970018797611e-28
0.03777777777777777,0.6215352337762754,-2.578464766223725,2.220446049250313e-16,-0.0,1872108389.4473913,3.358520407692326e-24,-1.55897001904893e-28,-2.015219138414637e-58,-1.55897001904893e-28
0.03833333333333332,0.6172704877005795,-2.5827295122994207,2.220446049250313e-16,-0.0,2210141705.9747167,2.8448466514042423e-24,-1.5589700227516327e-28,-8.472426527969183e-59,-1.5589700227516327e-28
0.03888888888888889,0.6130243580118585,-2.5869756419881416,1.1102230246251565e-16,4.440892098500626e-16,2607321394.3855534,2.411484155697151e-24,-1.558970021958879e-28,-1.014575925651572e-58,-1.558970021958879e-28
0.03944444444444444,0.6087968447101051,-2.591203155289895,2.220446049250313e-16,8.881784197001252e-16,3073649449.150548,2.0456185181132435e-24,-1.5589700178103671e-28,-6.633324393834632e-60,-1.5589700178103671e-28
0.04,0.6045879477953104,-2.59541205220469,2.220446049250313e-16,4.440892098500626e-16,3620757331.5983763,1.736519091323726e-24,-1.5589700150225181e-28,1.0614637611365814e-59,-1.5589700150225181e-28
0.04055555555555555,0.6003976672674645,-2.5996023327325357,3.3306690738754696e-16,4.440892098500626e-16,4262160705.9019904,1.4751940776574515e-24,-1.5589700147611446e-28,-8.76859341320232e-59,-1.5589700147611446e-28
0.04111111111111111,0.596226003126555,-2.603773996873445,1.1102230246251565e-16,4.440892098500626e-16,5013552198.2654,1.254103673947251e-24,-1.5589700131284848e-28,2.3314318687259475e-58,-1.5589700131284848e-28
0.041666666666666664,0.5920729553725683,-2.6079270446274316,1.1102230246251565e-16,4.440892098500626e-16,5893137562.936331,1.0669213410043226e-24,-1.5589700129472882e-28,2.595629257722794e-58,-1.5589700129472882e-28
0.042222222222222223,0.587938524005488,-2.612061475994512,2.220446049250313e-16,4.440892098500626e-16,6922021355.264023,9.083349947468006e-25,-1.558970013015433e-28,3.646316240516189e-58,-1.558970013015433e-28
0.042777777777777776,0.5838227090252945,-2.6161772909747056,2.220446049250313e-16,4.440892098500626e-16,8124649017.124536,7.738813354421322e-25,-1.5589700136929487e-28,1.9006917313549432e-58,-1.5589700136929487e-28
0.04333333333333333,0.5797255104319657,-2.6202744895680343,1.1102230246251565e-16,4.440892098500626e-16,9529313183.585032,6.598077017976173e-25,-1.5589700147365965e-28,2.576971767512889e-58,-1.5589700147365965e-28
0.04388888888888888,0.5756469282254755,-2.6243530717745247,3.3306690738754696e-16,4.440892098500626e-16,11168733032.587503,5.6295680208539605e-25,-1.5589700117380436e-28,2.5952291281322934e-58,-1.5589700117380436e-28
0.04444444444444444,0.5715869624057928,-2.6284130375942074,1.1102230246251565e-16,-0.0,13080716633.671337,4.806704714622595e-25,-1.5589700114390099e-28,3.989629047444697e-58,-1.5589700114390099e-28
0.045,0.5675456129728825,-2.6324543870271175,1.1102230246251565e-16,4.440892098500626e-16,15308917520.427517,4.1070926294959683e-25,-1.5589700083028088e-28,2.7095157533313667e-58,-1.5589700083028088e-28
0.04555555555555556,0.5635228799267028,-2.6364771200732973,2.220446049250313e-16,4.440892098500626e-16,17903698128.80975,3.511852236412218e-25,-1.5589700062444976e-28,3.765340587547745e-58,-1.5589700062444976e-28
0.04611111111111111,0.5595187632672053,-2.640481236732795,2.220446049250313e-16,4.440892098500626e-16,20923114325.253532,3.00505657696575e-25,-1.5589700029510612e-28,1.5502225170781638e-58,-1.5589700029510612e-28
0.04666666666666667,0.5555332629943336,-2.6444667370056667,1.1102230246251565e-16,-0.0,24434037011.805252,2.573260500642271e-25,-1.5589700010351028e-28,2.0012592021826754e-58,-1.5589700010351028e-28
0.04722222222222222,0.5515663791080225,-2.6484336208919776,2.220446049250313e-16,-0.0,28513428758.660717,2.205106332384256e-25,-1.558969999374083e-28,1.4209178268450366e-58,-1.558969999374083e-28
0.04777777777777778,0.5476181116081956,-2.6523818883918047,2.220446049250313e-16,-0.0,33249795597.76957,1.8909933484802355e-25,-1.5589700005144285e-28,6.291610233606648e-59,-1.5589700005144285e-28
0.04833333333333333,0.5436884604947648,-2.6563115395052352,2.220446049250313e-16,4.440892098500626e-16,38744836536.26765,1.6228005570459504e-25,-1.5589700009860623e-28,7.71189030477836e-59,-1.5589700009860623e-28
0.048888888888888885,0.5397774257676276,-2.660222574232373,2.220446049250313e-16,-0.0,45115316039.02576,1.3936540366761732e-25,-1.5589700049256876e-28,8.904290307789224e-59,-1.5589700049256876e-28
0.04944444444444444,0.535885007426665,-2.664114992573335,2.220446049250313e-16,4.440892098500626e-16,52495187710.996475,1.1977315456010614e-25,-1.558970004271495e-28,1.1500337652836406e-58,-1.558970004271495e-28
0.049999999999999996,0.5320112054717395,-2.6679887945282608,2.220446049250313e-16,8.881784197001252e-16,61038000709.72197,1.0300983253485538e-25,-1.558970008102809e-28,1.0354490058135108e-58,-1.558970008102809e-28
0.05055555555555555,0.5281560199026919,-2.671843980097308,2.220446049250313e-16,4.440892098500626e-16,70919624065.79337,8.865690299680517e-26,-1.5589700095488331e-28,8.536990705108834e-59,-1.5589700095488331e-28
0.051111111111111114,0.5243194507193377,-2.6756805492806626,1.1102230246251565e-16,-0.0,82341328115.88771,7.635915493762621e-26,-1.5589700097156296e-28,6.910470533265614e-59,-1.5589700097156296e-28
0.051666666666666666,0.5205014979214642,-2.679498502078536,1.1102230246251565e-16,4.440892098500626e-16,95533266693.06311,6.581491923197815e-26,-1.5589700093051188e-28,6.299549104299218e-59,-1.5589700093051188e-28
0.052222222222222225,0.5167021615088251,-2.683297838491175,2.220446049250313e-16,-0.0,110758408608.48598,5.676782747571196e-26,-1.5589700098440481e-28,4.274642165063557e-59,-1.5589700098440481e-28
0.05277777777777778,0.5129214414811367,-2.6870785585188637,1.1102230246251565e-16,-0.0,128316972336.16426,4.89998642961975e-26,-1.5589700072011302e-28,4.471657283413764e-59,-1.5589700072011302e-28
0.05333333333333333,0.5091593378380717,-2.6908406621619285,2.220446049250313e-16,4.440892098500626e-16,148551423718.6107,4.2325506373340824e-26,-1.5589700098318086e-28,3.3146243272580522e-59,-1.5589700098318086e-28
0.05388888888888889,0.5054158505792524,-2.6945841494207476,2.220446049250313e-16,-0.0,171852102989.99048,3.658677503491033e-26,-1.5589700147280201e-28,2.864943991265959e-59,-1.5589700147280201e-28
0.05444444444444444,0.5016909797042446,-2.6983090202957554,1.1102230246251565e-16,4.440892098500626e-16,198663554510.22684,3.1649057356654105e-26,-1.5589700105649996e-28,1.4190943113688022e-59,-1.5589700105649996e-28
0.05499999999999999,0.49798472521254844,-2.7020152747874517,2.220446049250313e-16,-0.0,229491640367.06863,2.739757413958181e-26,-1.5589700080715852e-28,1.7953284042562375e-59,-1.5589700080715852e-28
0.055555555555555546,0.49429708710358905,-2.705702912896411,1.6653345369377348e-16,4.440892098500626e-16,264911527484.1892,2.3734392727572972e-26,-1.558970005491864e-28,1.1755054888341504e-59,-1.558970005491864e-28
0.056111111111111105,0.49062806537670595,-2.7093719346232943,1.6653345369377348e-16,4.440892098500626e-16,305576647125.2994,2.057589901100265e-26,-1.558970009727607e-28,1.4843564779133189e-59,-1.558970009727607e-28
0.05666666666666666,0.48697766003114107,-2.713022339968859,1.1102230246251565e-16,4.440892098500626e-16,352228735762.56537,1.7850656669901355e-26,-1.5589700084628833e-28,5.699752630623362e-60,-1.5589700084628833e-28
0.05722222222222222,0.48334587106602456,-2.7166541289339756,1.1102230246251565e-16,-0.0,405709077240.4418,1.5497593187062743e-26,-1.5589700086454247e-28,5.686154111095652e-60,-1.5589700086454247e-28
0.057777777777777775,0.47973269848035927,-2.720267301519641,2.220446049250313e-16,4.440892098500626e-16,466971078073.02454,1.3464461776340906e-26,-1.5589700011423652e-28,4.569175968339267e-60,-1.5589700011423652e-28
0.058333333333333334,0.4761381422730032,-2.723861857726997,1.6653345369377348e-16,4.440892098500626e-16,537094320626.42957,1.1706536431138679e-26,-1.5589699970957235e-28,9.021740484584371e-60,-1.5589699970957235e-28
0.058888888888888886,0.4725622024426489,-2.7274377975573514,1.6653345369377348e-16,4.440892098500626e-16,617300252920.8545,1.0185504058390639e-26,-1.5589699944645897e-28,1.312726371513031e-59,-1.5589699944645897e-28
0.059444444444444446,0.46900487898780097,-2.7309951210121994,2.220446049250313e-16,-0.0,708969688904.8043,8.868523337131255e-27,-1.5589699907042615e-28,1.1895698823661502e-59,-1.5589699907042615e-28
0.06,0.4654661719067509,-2.7345338280932494,1.6653345369377348e-16,-0.0,813662309372.661,7.727424705488382e-27,-1.558969994146929e-28,1.3441322232717098e-59,-1.558969994146929e-28
0.06055555555555556,0.4619460811975463,-2.738053918802454,1.1102230246251565e-16,4.440892098500626e-16,933138371282.7667,6.738029883743363e-27,-1.5589699896871794e-28,9.557040726762487e-60,-1.5589699896871794e-28
0.06111111111111111,0.45844460685796035,-2.7415553931420398,1.6653345369377348e-16,-0.0,1069382852152.9694,5.8795727074849325e-27,-1.5589699836478587e-28,8.057290017501444e-60,-1.5589699836478587e-28
0.06166666666666666,0.4549617488854534,-2.745038251114547,2.220446049250313e-16,4.440892098500626e-16,1224632276531.4675,5.1342058770319896e-27,-1.5589699849380643e-28,6.927780773077119e-60,-1.5589699849380643e-28
0.062222222222222213,0.4514975072771306,-2.7485024927228694,1.6653345369377348e-16,8.881784197001252e-16,1401404493326.778,4.486580613456596e-27,-1.5589699871485752e-28,5.477761002815462e-60,-1.5589699871485752e-28
0.06277777777777778,0.44805188202969704,-2.7519481179703034,2.220446049250313e-16,-0.0,1602531696096.2852,3.923488219725808e-27,-1.5589699906274977e-28,5.011492613684258e-60,-1.5589699906274977e-28
0.06333333333333332,0.44462487313940424,-2.7553751268605957,2.220446049250313e-16,4.440892098500626e-16,1831197003299.2937,3.433554238043565e-27,-1.5589699881559406e-28,4.254122708245264e-60,-1.5589699881559406e-28
0.06388888888888888,0.4412164806019888,-2.7587835193980115,1.6653345369377348e-16,-0.0,2090974942075.0254,3.006977321847501e-27,-1.558969990649295e-28,3.015640785877987e-60,-1.558969990649295e-28
0.06444444444444443,0.4378267044126082,-2.762173295587392,1.6653345369377348e-16,4.440892098500626e-16,2385876207361.0947,2.635306145378454e-27,-1.5589699906494768e-28,1.2540717694066267e-60,-1.5589699906494768e-28
0.065,0.43445554456576674,-2.7655444554342337,1.1102230246251565e-16,-0.0,2720397098174.1475,2.3112486907117356e-27,-1.5589699906496245e-28,1.4925542013056507e-60,-1.5589699906496245e-28
0.06555555555555556,0.43110300105522836,-2.768896998944772,1.6653345369377348e-16,-0.0,3099574064670.15,2.028509111312382e-27,-1.5589699925937544e-28,1.8053015987940041e-60,-1.5589699925937544e-28
0.0661111111111111,0.42776907387392443,-2.772230926126076,2.220446049250313e-16,4.440892098500626e-16,3529043833219.552,1.7816480974776832e-27,-1.5589699909492318e-28,1.019837390078048e-60,-1.5589699909492318e-28
0.06666666666666667,0.4244537630138511,-2.775546236986149,1.6653345369377348e-16,4.440892098500626e-16,4015109612200.375,1.5659632833598224e-27,-1.5589699941500015e-28,6.359136792087891e-61,-1.5589699941500015e-28
0.06722222222222222,0.42115706846594975,-2.7788429315340504,2.220446049250313e-16,4.440892098500626e-16,4564813918539.502,1.3773867552048302e-27,-1.558969993064032e-28,1.510308812829893e-61,-1.558969993064032e-28
0.06777777777777778,0.41787899021997243,-2.7821210097800275,1.1102230246251565e-16,4.440892098500626e-16,5186018604218.505,1.2123971607538155e-27,-1.5589699906502003e-28,1.6490313114985557e-61,-1.5589699906502003e-28
0.06833333333333333,0.41461952826434084,-2.7853804717356594,1.6653345369377348e-16,4.440892098500626e-16,5887492702992.635,1.0679442928523626e-27,-1.558969994056281e-28,3.5011817212758035e-61,-1.558969994056281e-28
0.06888888888888889,0.4113786825859833,-2.788621317414017,1.1102230246251565e-16,-0.0,6679008760424.123,9.413843366439608e-28,-1.558969990892036e-28,4.440661384736059e-61,-1.558969990892036e-28
0.06944444444444443,0.4081564531701477,-2.7918435468298526,1.6653345369377348e-16,-0.0,7571448354948.412,8.304242380867153e-28,-1.5589699941503856e-28,8.772955901726179e-61,-1.5589699941503856e-28
0.07,0.4049528400001984,-2.7950471599998017,1.6653345369377348e-16,4.440892098500626e-16,8576917564004.517,7.330738793337986e-28,-1.558969999304853e-28,4.991899475912025e-61,-1.558969999304853e-28
0.07055555555555554,0.40176784305739643,-2.798232156942604,1.6653345369377348e-16,-0.0,9708873177186.871,6.476049399990984e-28,-1.5589700011504683e-28,5.07258639901753e-61,-1.5589700011504683e-28
0.07111111111111111,0.3986014623206494,-2.8013985376793507,1.6653345369377348e-16,4.440892098500626e-16,10982260507796.918,5.725154877638422e-28,-1.558970001358254e-28,4.613589539123485e-61,-1.558970001358254e-28
0.07166666666666667,0.39545369776622546,-2.8045463022337747,1.6653345369377348e-16,4.440892098500626e-16,12413663704940.074,5.064994816049973e-28,-1.5589700058005165e-28,4.117852664080107e-61,-1.5589700058005165e-28
0.07222222222222222,0.3923245493674447,-2.8076754506325554,1.6653345369377348e-16,4.440892098500626e-16,14021469520251.73,4.484204898986987e-28,-1.5589700058084617e-28,2.6636445522036557e-61,-1.5589700058084617e-28
0.07277777777777777,0.389214017094343,-2.8107859829056574,1.1102230246251565e-16,4.440892098500626e-16,15826045536257.912,3.9728902693765356e-28,-1.5589700046505917e-28,1.4870983311075727e-62,-1.5589700046505917e-28
0.07333333333333333,0.38612210091329513,-2.8138778990867053,1.6653345369377348e-16,-0.0,17849933917040.098,3.52242997682403e-28,-1.558970004650613e-28,-1.0713154873994703e-61,-1.558970004650613e-28
0.07388888888888889,0.38304880078658815,-2.816951199213412,2.220446049250313e-16,-0.0,20118061795991.285,3.125308141077435e-28,-1.5589700039706458e-28,-1.0333448624250861e-61,-1.5589700039706458e-28
0.07444444444444444,0.3799941166719495,-2.820005883328051,1.6653345369377348e-16,-0.0,22657969469712.63,2.774968092253646e-28,-1.558970002882037e-28,2.3229156560173688e-63,-1.558970002882037e-28
0.075,0.37695804852204456,-2.8230419514779554,1.6653345369377348e-16,4.440892098500626e-16,25500057621142.695,2.4656862838450332e-28,-1.5589700046506717e-28,1.8715684383694877e-61,-1.5589700046506717e-28
0.07555555555555554,0.37394059628391363,-2.8260594037160867,1.6653345369377348e-16,4.440892098500626e-16,28677854848498.14,2.1924632315029058e-28,-1.558970004650686e-28,1.9636751102065884e-61,-1.558970004650686e-28
0.07611111111111112,0.37094175989834804,-2.829058240101652,1.6653345369377348e-16,-0.0,32228306828992.008,1.9509291210157015e-28,-1.5589700012769477e-28,1.6079378827863895e-61,-1.5589700012769477e-28
0.07666666666666665,0.367961539299189,-2.832038460700811,1.6653345369377348e-16,-0.0,36192088497174.05,1.7372620626361321e-28,-1.5589700054585097e-28,7.720657204877164e-62,-1.5589700054585097e-28
0.07722222222222222,0.36499993441256756,-2.835000065587433,2.220446049250313e-16,-0.0,40613940666471.914,1.5481172543696454e-28,-1.558970008150712e-28,8.031339878932314e-62,-1.558970008150712e-28
0.07777777777777778,0.36205694515608433,-2.8379430548439157,1.1102230246251565e-16,-0.0,45543032568610.94,1.3805655611314108e-28,-1.5589700081507215e-28,1.2538600863391275e-61,-1.5589700081507215e-28
0.07833333333333334,0.35913257143789584,-2.8408674285621043,1.6653345369377348e-16,4.440892098500626e-16,51033351828405.59,1.2320402258726877e-28,-1.5589700115143345e-28,1.3116874578718033e-61,-1.5589700115143345e-28
0.07888888888888888,0.35622681315571025,-2.84377318684429,1.6653345369377348e-16,-0.0,57144123430111.56,1.1002906080203977e-28,-1.5589700081507368e-28,1.3735197847494696e-61,-1.5589700081507368e-28
0.07944444444444444,0.3533396701956721,-2.8466603298043283,1.6653345369377348e-16,-0.0,63940259265529.79,9.833419982331152e-29,-1.558970009178171e-28,1.316334093682266e-61,-1.558970009178171e-28
0.08,0.350471142431141,-2.8495288575688593,1.6653345369377348e-16,4.440892098500626e-16,71492839882372.56,8.794606902895171e-29,-1.5589700138379911e-28,9.798161235124018e-62,-1.5589700138379911e-28
0.08055555555555555,0.3476212297213864,-2.8523787702786136,1.6653345369377348e-16,4.440892098500626e-16,79879630073236.92,7.871236040535397e-29,-1.5589700116507458e-28,5.547104049207066e-62,-1.5589700116507458e-28
0.0811111111111111,0.34478993191014273,-2.8552100680898573,1.6653345369377348e-16,-0.0,89185629960248.81,7.04991850612425e-29,-1.5589700086822556e-28,2.8025540262875492e-62,-1.5589700086822556e-28
0.08166666666666665,0.34197724882402775,-2.8580227511759726,1.6653345369377348e-16,-0.0,99503663236531.06,6.318877141663467e-29,-1.5589700047182125e-28,1.8637420745794445e-62,-1.5589700047182125e-28
0.08222222222222222,0.3391831802708157,-2.8608168197291843,1.6653345369377348e-16,4.440892098500626e-16,110935004222508.3,5.667745970207662e-29,-1.5589700047105083e-28,1.2269689246969569e-62,-1.5589700047105083e-28
0.08277777777777777,0.33640772603752966,-2.8635922739624706,1.6653345369377348e-16,4.440892098500626e-16,123590045381605.7,5.087395357738682e-29,-1.5589700081507704e-28,2.8959898812655334e-63,-1.5589700081507704e-28
0.08333333333333333,0.3336508858883773,-2.866349114111623,2.220446049250313e-16,-0.0,137589006914586.45,4.569779499371063e-29,-1.5589700093144132e-28,1.1966975422865716e-62,-1.5589700093144132e-28
0.08388888888888889,0.330912659562534,-2.869087340437466,1.1102230246251565e-16,4.440892098500626e-16,153062690013980.38,4.1078032999397935e-29,-1.558970011650767e-28,1.538371346998128e-62,-1.558970011650767e-28
0.08444444444444445,0.32819304677171035,-2.87180695322829,1.6653345369377348e-16,4.440892098500626e-16,170153275308790.0,3.6952061134059575e-29,-1.558970014312032e-28,-1.1036601657888657e-62,-1.558970014312032e-28
0.085,0.32549204719750513,-2.874507952802495,2.220446049250313e-16,4.440892098500626e-16,189015167962758.1,3.326460145574e-29,-1.558970018363947e-28,6.006740792038308e-63,-1.558970018363947e-28
0.08555555555555555,0.3228096604885319,-2.8771903395114684,2.220446049250313e-16,4.440892098500626e-16,209815890806617.2,2.996681617964762e-29,-1.558970018650755e-28,2.7710725071119565e-63,-1.558970018650755e-28
0.08611111111111111,0.32014588625729734,-2.8798541137427027,2.220446049250313e-16,4.440892098500626e-16,232737026784397.47,2.701553043897723e-29,-1.5589700186507574e-28,-1.3107914978193808e-62,-1.5589700186507574e-28
0.08666666666666666,0.31750072407678553,-2.8824992759232146,1.1102230246251565e-16,-0.0,257975211875044.03,2.4372551865240832e-29,-1.5589700191256017e-28,-9.352804259521383e-63,-1.5589700191256017e-28
0.08722222222222223,0.31487417347680335,-2.885125826523197,1.6653345369377348e-16,-0.0,285743179510684.6,2.200407457542095e-29,-1.5589700221507508e-28,4.901987755848538e-63,-1.5589700221507508e-28
0.08777777777777776,0.31226623394004,-2.8877337660599602,1.6653345369377348e-16,-0.0,316270857353386.9,1.9880156787084673e-29,-1.5589700221507528e-28,7.023059143302507e-63,-1.5589700221507528e-28
0.08833333333333333,0.3096769048977866,-2.8903230951022136,1.6653345369377348e-16,-0.0,349806517110107.2,1.797426269617469e-29,-1.5589700221507542e-28,7.465438823591478e-63,-1.5589700221507542e-28
0.08888888888888888,0.3071061857253141,-2.892893814274686,1.1102230246251565e-16,4.440892098500626e-16,386617977859272.2,1.6262860475825003e-29,-1.5589700192853896e-28,9.888395762907586e-64,-1.5589700192853896e-28
0.08944444444444444,0.304554075736887,-2.895445924263113,1.6653345369377348e-16,4.440892098500626e-16,426993863132434.75,1.4725069314218258e-29,-1.5589700121046764e-28,-4.7038316790967376e-63,-1.5589700121046764e-28
0.09,0.30202057418038925,-2.897979425819611,1.6653345369377348e-16,-0.0,471244911738929.44,1.334234932780415e-29,-1.5589700151328035e-28,-8.289144110313889e-63,-1.5589700151328035e-28
0.09055555555555556,0.29950568023153756,-2.9004943197684625,1.6653345369377348e-16,4.440892098500626e-16,519705342039801.0,1.2098228982394072e-29,-1.5589700222437692e-28,-6.734986695629531e-63,-1.5589700222437692e-28
0.09111111111111111,0.2970093929876202,-2.90299060701238,1.6653345369377348e-16,4.440892098500626e-16,572734269069463.4,1.0978065345358845e-29,-1.5589700291507413e-28,1.4842635487520244e-63,-1.5589700291507413e-28
0.09166666666666666,0.2945317114608095,-2.9054682885391907,1.6653345369377348e-16,-0.0,630717173565466.8,9.968833091744531e-30,-1.5589700284854286e-28,1.2818858438842868e-64,-1.5589700284854286e-28
0.09222222222222222,0.29207263457101207,-2.9079273654289883,1.6653345369377348e-16,4.440892098500626e-16,694067421603729.5,9.058938707773943e-30,-1.558970025650751e-28,1.1441478922934984e-63,-1.558970025650751e-28
0.09277777777777776,0.28963216113817336,-2.910367838861827,1.6653345369377348e-16,-0.0,763227833145922.9,8.238056787649776e-30,-1.5589700272852398e-28,4.976291170170544e-63,-1.5589700272852398e-28
0.09333333333333334,0.2872102898740318,-2.9127897101259683,1.1102230246251565e-16,4.440892098500626e-16,838672297383921.5,7.496985712993773e-30,-1.5589700291507427e-28,3.811821958443277e-63,-1.5589700291507427e-28
0.09388888888888887,0.2848070193732955,-2.9151929806267045,1.6653345369377348e-16,4.440892098500626e-16,920907432318411.6,6.827520346471678e-30,-1.5589700265646856e-28,2.855245018446653e-63,-1.5589700265646856e-28
0.09444444444444444,0.2824223481042081,-2.917577651895792,1.1102230246251565e-16,4.440892098500626e-16,1010474285533144.4,6.2223396689936955e-30,-1.5589700226796804e-28,2.5562341737286553e-63,-1.5589700226796804e-28
0.09499999999999999,0.28005627439847525,-2.919943725601525,1.6653345369377348e-16,-0.0,1107950072623836.1,5.6749075492914295e-30,-1.5589700286764428e-28,9.798842530815369e-64,-1.5589700286764428e-28
0.09555555555555556,0.2777087964405161,-2.922291203559484,1.6653345369377348e-16,4.440892098500626e-16,1213949949212627.8,5.179385060684806e-30,-1.5589700325941917e-28,1.768692724777488e-63,-1.5589700325941917e-28
0.0961111111111111,0.2753799122560093,-2.9246200877439907,2.220446049250313e-16,4.440892098500626e-16,1329128811926380.5,4.730552956908754e-30,-1.558970032650736e-28,4.111450856381872e-63,-1.558970032650736e-28
0.09666666666666666,0.2730696196996868,-2.9269303803003135,2.220446049250313e-16,4.440892098500626e-16,1454183123142511.0,4.323743090748777e-30,-1.558970032788726e-28,7.359019164717377e-63,-1.558970032788726e-28
0.09722222222222222,0.2707779164423285,-2.9292220835576717,1.1102230246251565e-16,-0.0,1589852753710743.8,3.954777709253771e-30,-1.5589700394146699e-28,8.761946349306853e-63,-1.5589700394146699e-28
0.09777777777777777,0.2685047999570171,-2.931495200042983,1.6653345369377348e-16,4.440892098500626e-16,1736922837238413.2,3.61991569030646e-30,-1.5589700366245976e-28,8.198898449659415e-63,-1.5589700366245976e-28
0.09833333333333333,0.2662502675045295,-2.9337497324954707,1.6653345369377348e-16,-0.0,1896225628906340.8,3.3158048997562385e-30,-1.558970037373748e-28,9.269652816700142e-63,-1.558970037373748e-28
0.09888888888888887,0.2640143161178411,-2.935985683882159,1.6653345369377348e-16,-0.0,2068642361136453.5,3.039439948390513e-30,-1.5589700280790345e-28,1.0681904418788317e-62,-1.5589700280790345e-28
0.09944444444444445,0.26179694258571773,-2.9382030574142823,1.6653345369377348e-16,4.440892098500626e-16,2255105087781035.0,2.7881247155349664e-30,-1.5589700214636103e-28,1.2108994068224903e-62,-1.5589700214636103e-28
0.09999999999999999,0.25959814343536114,-2.9404018565646393,1.6653345369377348e-16,-0.0,2456598507848915.0,2.5594390826511333e-30,-1.5589700168685051e-28,1.1543266151783405e-62,-1.5589700168685051e-28
0.10055555555555555,0.257417914914075,-2.9425820850859252,1.6653345369377348e-16,4.440892098500626e-16,2674161759128239.5,2.3512093873560746e-30,-1.5589700206779502e-28,1.1610659677539948e-62,-1.5589700206779502e-28
0.1011111111111111,0.2552562529699166,-2.9447437470300835,2.220446049250313e-16,4.440892098500626e-16,2908890171414767.0,2.1614821670331255e-30,-1.5589700221507638e-28,1.0928671776413056e-62,-1.5589700221507638e-28
0.10166666666666667,0.25311315323130334,-2.946886846768697,2.220446049250313e-16,-0.0,3161936968413646.5,1.9885008126918605e-30,-1.558970027306658e-28,1.0465259513088143e-62,-1.558970027306658e-28
0.10222222222222223,0.2509886109855408,-2.9490113890144594,2.220446049250313e-16,4.440892098500626e-16,3434514906757574.5,1.8306847988925555e-30,-1.5589700263416605e-28,9.18191764308922e-63,-1.5589700263416605e-28
0.10277777777777777,0.24888262115624302,-2.9511173788437572,1.6653345369377348e-16,4.440892098500626e-16,3727897839980484.0,1.6866111951726072e-30,-1.558970016630342e-28,8.066006640313914e-63,-1.558970016630342e-28
0.10333333333333333,0.24679517827961495,-2.9532048217203855,2.220446049250313e-16,4.440892098500626e-16,4043422194710704.5,1.5549981991976375e-30,-1.5589700024709412e-28,7.333964575088305e-63,-1.5589700024709412e-28
0.10388888888888888,0.24472627647957051,-2.95527372352043,1.6653345369377348e-16,4.440892098500626e-16,4382488345806793.5,1.4346904624143133e-30,-1.5589700044494085e-28,6.762933882003004e-63,-1.5589700044494085e-28
0.10444444444444445,0.24267590944166031,-2.95732409055834,1.6653345369377348e-16,4.440892098500626e-16,4746561876660938.0,1.324646005835703e-30,-1.5589700114382677e-28,7.222249167899454e-63,-1.5589700114382677e-28
0.10499999999999998,0.2406440703857853,-2.959355929614215,1.3877787807814457e-16,-0.0,5137174710445191.0,1.2239245472004078e-30,-1.5589700081935766e-28,7.161095216301843e-63,-1.5589700081935766e-28
0.10555555555555556,0.23863075203767575,-2.9613692479623244,1.942890293094024e-16,-0.0,5555926097683592.0,1.1316770815206564e-30,-1.558970004659268e-28,6.582155745028339e-63,-1.558970004659268e-28
0.1061111111111111,0.23663594659911716,-2.963364053400883,1.942890293094024e-16,4.440892098500626e-16,6004483445204708.0,1.0471365753189365e-30,-1.558970001150177e-28,6.627311183448355e-63,-1.558970001150177e-28
0.10666666666666666,0.23465964571688125,-2.9653403542831187,1.3877787807814457e-16,4.440892098500626e-16,6484582971280439.0,9.696096509548458e-31,-1.5589699908782584e-28,6.627916162033482e-63,-1.5589699908782584e-28
0.1072222222222222,0.23270184045039632,-2.9672981595496037,1.6653345369377348e-16,4.440892098500626e-16,6998030171564859.0,8.984691516362768e-31,-1.558969787566535e-28,6.674680888239812e-63,-1.558969787566535e-28
0.10777777777777778,0.23076252123825552,-2.9692374787617446,2.220446049250313e-16,4.440892098500626e-16,7546700080334009.0,8.331474902196814e-31,-1.558969787566535e-28,7.159225474276474e-63,-1.558969787566535e-28
0.10833333333333334,0.2288416778631883,-2.971158322136812,1.942890293094024e-16,-0.0,8132537311665684.0,7.731306959209282e-31,-1.558969787566535e-28,7.209154600052029e-63,-1.558969787566535e-28
0.10888888888888888,0.22693929941589613,-2.973060700584104,1.942890293094024e-16,8.881784197001252e-16,8757555865110815.0,7.179530828252757e-31,-1.558969787566535e-28,7.205552561644373e-63,-1.558969787566535e-28
0.10944444444444444,0.22505537425755917,-2.974944625742441,1.1102230246251565e-16,4.440892098500626e-16,9423838680773970.0,6.671924726596198e-31,-1.558969787566535e-28,6.998996535435993e-63,-1.558969787566535e-28
0.10999999999999999,0.22318988998106098,-2.9768101100189392,1.3877787807814457e-16,4.440892098500626e-16,1.0133536928999702e+16,6.204659118947478e-31,-1.558969787566535e-28,6.872391669175529e-63,-1.558969787566535e-28
0.11055555555555556,0.2213428333709424,-2.9786571666290578,1.6653345369377348e-16,-0.0,1.0888869020328032e+16,5.774258299583778e-31,-1.558969787566535e-28,6.750056575564329e-63,-1.558969787566535e-28
0.11111111111111109,0.2195141903621051,-2.9804858096378952,1.6653345369377348e-16,-0.0,1.1692119321966944e+16,5.37756591275808e-31,-1.558969787566535e-28,6.69372712820735e-63,-1.558969787566535e-28
0.11166666666666666,0.2177039459972868,-2.9822960540027132,1.3877787807814457e-16,4.440892098500626e-16,1.2545636567747182e+16,5.0117139910900665e-31,-1.558969787566535e-28,6.692318179284982e-63,-1.558969787566535e-28
0.11222222222222221,0.21591208438333975,-2.9840879156166604,1.3877787807814457e-16,4.440892098500626e-16,1.3451831949377456e+16,4.6740951381435585e-31,-1.558969787566535e-28,6.568637824334247e-63,-1.558969787566535e-28
0.11277777777777778,0.21413858864634608,-2.985861411353654,1.6653345369377348e-16,-0.0,1.441317687781048e+16,4.3623375225838006e-31,-1.558969787566535e-28,6.549982697908702e-63,-1.558969787566535e-28
0.11333333333333331,0.21238344088561315,-2.987616559114387,1.3877787807814457e-16,4.440892098500626e-16,1.5432200404662326e+16,4.074282387799629e-31,-1.558969787566535e-28,6.563916828372458e-63,-1.558969787566535e-28
0.11388888888888889,0.2106466221265962,-2.989353377873404,1.942890293094024e-16,4.440892098500626e-16,1.6511486294901422e+16,3.8079638132349597e-31,-1.558969787566535e-28,6.506313512870575e-63,-1.558969787566535e-28
0.11444444444444445,0.2089281122728031,-2.991071887727197,1.6653345369377348e-16,8.881784197001252e-16,1.765366974343675e+16,3.561590492372528e-31,-1.558969787566535e-28,6.652376824095504e-63,-1.558969787566535e-28
0.11499999999999999,0.20722789005674214,-2.992772109943258,1.6653345369377348e-16,-0.0,1.8861433729787996e+16,3.3335293177851406e-31,-1.558969787566535e-28,6.724480061524024e-63,-1.558969787566535e-28
0.11555555555555555,0.20554593298998083,-2.9944540670100195,1.3877787807814457e-16,-0.0,2.01375050067063e+16,3.1222905862851927e-31,-1.558969787566535e-28,6.579635102079644e-63,-1.558969787566535e-28
0.1161111111111111,0.20388221731239026,-2.9961177826876098,1.3877787807814457e-16,8.881784197001252e-16,2.1484649720431856e+16,2.9265146572957393e-31,-1.558969787566535e-28,6.531296563861463e-63,-1.558969787566535e-28
0.11666666666666667,0.202236717940657,-2.997763282059343,1.942890293094024e-16,4.440892098500626e-16,2.2905668662213748e+16,2.744959915421808e-31,-1.558969787566535e-28,6.387428359754569e-63,-1.558969787566535e-28
0.11722222222222221,0.2006094084161502,-2.99939059158385,1.6653345369377348e-16,8.881784197001252e-16,2.4403392152773556e+16,2.5764919040799345e-31,-1.558969787566535e-28,6.536046630710726e-63,-1.558969787566535e-28
0.11777777777777777,0.19900026085223985,-3.0009997391477605,1.3877787807814457e-16,-0.0,2.598067456355352e+16,2.4200735111748338e-31,-1.558969787566535e-28,6.508721990398741e-63,-1.558969787566535e-28
0.11833333333333332,0.19740924588116773,-3.0025907541188324,1.3877787807814457e-16,4.440892098500626e-16,2.7640388480845176e+16,2.274756100381236e-31,-1.558969787566535e-28,6.624611438160108e-63,-1.558969787566535e-28
0.11888888888888889,0.19583633260058012,-3.00416366739942,1.6653345369377348e-16,4.440892098500626e-16,2.93854185212284e+16,2.1396714927945744e-31,-1.558969787566535e-28,6.58294435187465e-63,-1.558969787566535e-28
0.11944444444444445,0.19428148851983662,-3.0057185114801634,2.220446049250313e-16,4.440892098500626e-16,3.121865480915449e+16,2.0140247136872975e-31,-1.558969787566535e-28,6.580922091816765e-63,-1.558969787566535e-28
0.12,0.1927446795062178,-3.0072553204937824,1.942890293094024e-16,-0.0,3.3142986129955724e+16,1.8970874280058232e-31,-1.558969787566535e-28,6.592122530994582e-63,-1.558969787566535e-28
0.12055555555555555,0.19122586973115777,-3.008774130268842,1.3877787807814457e-16,4.440892098500626e-16,3.5161292774052216e+16,1.788191996174525e-31,-1.558969787566535e-28,6.613777830439371e-63,-1.558969787566535e-28
0.12111111111111111,0.18972502161663635,-3.010274978383364,1.3877787807814457e-16,-0.0,3.727643909062189e+16,1.6867260888534837e-31,-1.558969787566535e-28,6.543006524686573e-63,-1.558969787566535e-28
0.12166666666666666,0.18824209578186785,-3.011757904218132,1.942890293094024e-16,4.440892098500626e-16,3.949126577149633e+16,1.5921278056144643e-31,-1.558969787566535e-28,6.508235445091484e-63,-1.558969787566535e-28
0.12222222222222222,0.18677705099043154,-3.0132229490095686,1.942890293094024e-16,4.440892098500626e-16,4.1808581888508696e+16,1.5038812481461252e-31,-1.558969787566535e-28,6.526402694899126e-63,-1.558969787566535e-28
0.12277777777777776,0.1853298440979917,-3.0146701559020084,1.3877787807814457e-16,4.440892098500626e-16,4.423115670994006e+16,1.4215125036415601e-31,-1.558969787566535e-28,6.493852971937864e-63,-1.558969787566535e-28
0.12333333333333332,0.1839004300007546,-3.0160995699992457,8.326672684688674e-17,-0.0,4.676171132406403e+16,1.3445859985315341e-31,-1.558969787566535e-28,6.398173646015468e-63,-1.558969787566535e-28
0.1238888888888889,0.1824887615848028,-3.017511238415197,1.3877787807814457e-16,4.440892098500626e-16,4.940291010007046e+16,1.272701186759044e-31,-1.558969787566535e-28,6.422458424622453e-63,-1.558969787566535e-28
0.12444444444444443,0.1810947896765144,-3.018905210323486,1.6653345369377348e-16,4.440892098500626e-16,5.2157352018666744e+16,1.2054895404047071e-31,-1.558969787566535e-28,6.402688239248386e-63,-1.558969787566535e-28
0.125,0.17971846299420016,-3.0202815370058,1.3877787807814457e-16,-0.0,5.502756190678098e+16,1.142611813698431e-31,-1.558969787566535e-28,6.411447928273862e-63,-1.558969787566535e-28
0.12555555555555556,0.17835972810111517,-3.021640271898885,1.942890293094024e-16,-0.0,5.8015981612594104e+16,1.0837555543499014e-31,-1.558969787566535e-28,6.412931591105082e-63,-1.558969787566535e-28
0.12611111111111112,0.1770185293600155,-3.0229814706399845,1.3877787807814457e-16,4.440892098500626e-16,6.112496115875984e+16,1.0286328387253198e-31,-1.558969787566535e-28,6.444099873681879e-63,-1.558969787566535e-28
0.12666666666666665,0.17569480888942637,-3.0243051911105736,8.326672684688674e-17,4.440892098500626e-16,6.4356749913124296e+16,9.769782097229178e-32,-1.558969787566535e-28,6.450687098902325e-63,-1.558969787566535e-28
0.1272222222222222,0.17438850652178414,-3.025611493478216,1.3877787807814457e-16,-0.0,6.771348781748173e+16,9.285467982861434e-32,-1.558969787566535e-28,6.441558132064995e-63,-1.558969787566535e-28
0.12777777777777777,0.17309955976361627,-3.0269004402363837,1.6653345369377348e-16,8.881784197001252e-16,7.1197196715879944e+16,8.83112611366132e-32,-1.558969787566535e-28,6.413103757233287e-63,-1.558969787566535e-28
0.12833333333333333,0.17182790375792198,-3.0281720962420784,1.3877787807814457e-16,-0.0,7.480977182470611e+16,8.404669708262014e-32,-1.558969787566535e-28,6.415529448696232e-63,-1.558969787566535e-28
0.12888888888888886,0.1705734712489101,-3.02942652875109,1.3877787807814457e-16,4.440892098500626e-16,7.855297338723245e+16,8.004170892903269e-32,-1.558969787566535e-28,6.444881655041977e-63,-1.558969787566535e-28
0.12944444444444445,0.169336192549251,-3.030663807450749,1.1102230246251565e-16,-0.0,8.242841855545392e+16,7.627847702963145e-32,-1.558969787566535e-28,6.473603400075765e-63,-1.558969787566535e-28
0.13,0.1681159955099619,-3.0318840044900384,1.3877787807814457e-16,4.440892098500626e-16,8.64375735420195e+16,7.274052213317156e-32,-1.558969787566535e-28,6.454310263512729e-63,-1.558969787566535e-28
0.13055555555555556,0.16691280549298992,-3.03308719450701,2.220446049250313e-16,4.440892098500626e-16,9.058174608483051e+16,6.941259694290618e-32,-1.558969787566535e-28,6.42218654120936e-63,-1.558969787566535e-28
0.13111111111111112,0.1657265453469593,-3.0342734546530408,1.6653345369377348e-16,4.440892098500626e-16,9.486207826473974e+16,6.628058699940998e-32,-1.558969787566535e-28,6.392496476405498e-63,-1.558969787566535e-28
0.13166666666666665,0.16455713538597247,-3.0354428646140277,1.1102230246251565e-16,-0.0,9.92795397174924e+16,6.333142004145653e-32,-1.558969787566535e-28,6.376084421576318e-63,-1.558969787566535e-28
0.1322222222222222,0.1634044933715803,-3.03659550662842,1.3877787807814457e-16,-0.0,1.0383492127905029e+17,6.055298308045823e-32,-1.558969787566535e-28,6.367916390405677e-63,-1.558969787566535e-28
0.13277777777777777,0.16226853449808176,-3.0377314655019183,1.1102230246251565e-16,8.881784197001252e-16,1.085288291015687e+17,5.793404649640681e-32,-1.558969787566535e-28,6.383497236073265e-63,-1.558969787566535e-28
0.13333333333333333,0.16114917138126295,-3.0388508286187372,1.6653345369377348e-16,-0.0,1.1336167927545325e+17,5.546419452814593e-32,-1.558969787566535e-28,6.371554139179217e-63,-1.558969787566535e-28
0.13388888888888886,0.16004631405067377,-3.0399536859493264,1.1102230246251565e-16,4.440892098500626e-16,1.1833369299067128e+17,5.313376158949582e-32,-1.558969787566535e-28,6.354320500254816e-63,-1.558969787566535e-28
0.13444444444444445,0.15895986994552128,-3.041040130054479,1.3877787807814457e-16,4.440892098500626e-16,1.2344489226803053e+17,5.093377389579696e-32,-1.558969787566535e-28,6.340676801070012e-63,-1.558969787566535e-28
0.135,0.1578897439140268,-3.0421102560859734,1.6653345369377348e-16,4.440892098500626e-16,1.2869509628946677e+17,4.8855895932730586e-32,-1.558969787566535e-28,6.34998536710178e-63,-1.558969787566535e-28
0.13555555555555557,0.15683583821678151,-3.043164161783219,1.3877787807814457e-16,-0.0,1.3408391835013603e+17,4.6892381343989886e-32,-1.558969787566535e-28,6.344351285715301e-63,-1.558969787566535e-28
0.13611111111111107,0.15579805253417653,-3.0442019474658237,2.220446049250313e-16,4.440892098500626e-16,1.396107634535339e+17,4.5036027852276607e-32,-1.558969787566535e-28,6.344259375647817e-63,-1.558969787566535e-28
0.13666666666666666,0.1547762839775116,-3.0452237160224884,1.3877787807814457e-16,4.440892098500626e-16,1.452748265699885e+17,4.328013586264272e-32,-1.558969787566535e-28,6.341803072192027e-63,-1.558969787566535e-28
0.13722222222222222,0.1537704271040056,-3.0462295728959945,1.6653345369377348e-16,4.440892098500626e-16,1.5107509157236794e+17,4.161847043037579e-32,-1.558969787566535e-28,6.347577283580039e-63,-1.558969787566535e-28
0.13777777777777778,0.15278037393573352,-3.0472196260642668,1.3877787807814457e-16,-0.0,1.5701033085992758e+17,4.004522630412297e-32,-1.558969787566535e-28,6.345567259928417e-63,-1.558969787566535e-28
0.13833333333333334,0.1518060139824704,-3.0481939860175298,1.1102230246251565e-16,-0.0,1.6307910567764755e+17,3.855499578100024e-32,-1.558969787566535e-28,6.366981301214156e-63,-1.558969787566535e-28
0.13888888888888887,0.15084723426807387,-3.049152765731926,1.6653345369377348e-16,4.440892098500626e-16,1.692797671367809e+17,3.7142739133676243e-32,-1.558969787566535e-28,6.3685024956055e-63,-1.558969787566535e-28
0.13944444444444445,0.1499039193612463,-3.050096080638754,1.942890293094024e-16,4.440892098500626e-16,1.756104579308034e+17,3.580375739267455e-32,-1.558969787566535e-28,6.37274649192275e-63,-1.558969787566535e-28
0.14,0.14897595141044667,-3.0510240485895537,1.3877787807814457e-16,4.440892098500626e-16,1.8206911474287213e+17,3.453366728481376e-32,-1.558969787566535e-28,6.370998161241095e-63,-1.558969787566535e-28
0.14055555555555554,0.14806321018232987,-3.0519367898176704,1.6653345369377348e-16,-0.0,1.886534713401383e+17,3.332837814595383e-32,-1.558969787566535e-28,6.372282240831159e-63,-1.558969787566535e-28
0.14111111111111108,0.14716557310394823,-3.052834426896052,1.1102230246251565e-16,-0.0,1.9536106234099437e+17,3.2184070643495736e-32,-1.558969787566535e-28,6.36689106178796e-63,-1.558969787566535e-28
0.14166666666666666,0.14628291530863213,-3.053717084691368,1.3877787807814457e-16,4.440892098500626e-16,2.021892276394562e+17,3.1097177158136204e-32,-1.558969787566535e-28,6.37340802096237e-63,-1.558969787566535e-28
0.14222222222222222,0.1454151096850193,-3.054584890314981,1.942890293094024e-16,-0.0,2.0913511747081386e+17,3.006436368702402e-32,-1.558969787566535e-28,6.395233152331301e-63,-1.558969787566535e-28
0.14277777777777778,0.14456202693011394,-3.0554379730698864,1.942890293094024e-16,-0.0,2.1619569808828502e+17,2.908251314419499e-32,-1.558969787566535e-28,6.391847570341631e-63,-1.558969787566535e-28
0.14333333333333334,0.14372353560624201,-3.056276464393758,2.498001805406602e-16,-0.0,2.233677580237122e+17,2.8148709943641757e-32,-1.558969787566535e-28,6.391956034167412e-63,-1.558969787566535e-28
0.14388888888888887,0.1428995022008604,-3.05710049779914,1.1102230246251565e-16,4.440892098500626e-16,2.306479149103497e+17,2.726022575931283e-32,-1.558969787566535e-28,6.390805983990488e-63,-1.558969787566535e-28
0.14444444444444443,0.1420897911895178,-3.0579102088104824,1.6653345369377348e-16,4.440892098500626e-16,2.380326228325273e+17,2.641450636703131e-32,-1.558969787566535e-28,6.389217933976151e-63,-1.558969787566535e-28
0.145,0.14129426510164067,-3.0587057348983597,1.3877787807814457e-16,4.440892098500626e-16,2.4551818016929312e+17,2.560915948071713e-32,-1.558969787566535e-28,6.396716227404973e-63,-1.558969787566535e-28
0.14555555555555555,0.14051278458885902,-3.059487215411141,1.1102230246251565e-16,4.440892098500626e-16,2.5310073789683142e+17,2.484194350288235e-32,-1.558969787566535e-28,6.390904472380698e-63,-1.558969787566535e-28
0.14611111111111108,0.1397452084972831,-3.060254791502717,1.6653345369377348e-16,4.440892098500626e-16,2.6077630829540496e+17,2.4110757117738005e-32,-1.558969787566535e-28,6.389708706600442e-63,-1.558969787566535e-28
0.14666666666666667,0.13899139394191723,-3.061008606058083,1.3877787807814457e-16,-0.0,2.685407740347441e+17,2.3413629658181783e-32,-1.558969787566535e-28,6.376862672576106e-63,-1.558969787566535e-28
0.14722222222222223,0.13825119638327876,-3.0617488036167213,1.6653345369377348e-16,4.440892098500626e-16,2.7638989759395187e+17,2.2748712185595178e-32,-1.558969787566535e-28,6.380018532655267e-63,-1.558969787566535e-28
0.14777777777777779,0.13752446970607368,-3.0624755302939266,1.6653345369377348e-16,-0.0,2.843193309726418e+17,2.211426922630178e-32,-1.558969787566535e-28,6.376286613381984e-63,-1.558969787566535e-28
0.14833333333333334,0.13681106629951717,-3.063188933700483,1.3877787807814457e-16,-0.0,2.9232462565210176e+17,2.1508671112962768e-32,-1.558969787566535e-28,6.382469956989753e-63,-1.558969787566535e-28
0.14888888888888888,0.13611083714075684,-3.0638891628592435,1.6653345369377348e-16,-0.0,3.004012427434387e+17,2.0930386885053243e-32,-1.558969787566535e-28,6.376475319310674e-63,-1.558969787566535e-28
0.14944444444444444,0.13542363187957185,-3.064576368120428,1.942890293094024e-16,4.440892098500626e-16,3.085445632947166e+17,2.0377977703548822e-32,-1.558969787566535e-28,6.376794256828819e-63,-1.558969787566535e-28
0.15,0.13474929892429205,-3.065250701075708,1.6653345369377348e-16,4.440892098500626e-16,3.167498987114257e+17,1.9850090740200086e-32,-1.558969787566535e-28,6.37041919035609e-63,-1.558969787566535e-28
0.15055555555555555,0.1340876855287132,-3.065912314471287,1.942890293094024e-16,4.440892098500626e-16,3.2501250124678784e+17,1.9345453504868958e-32,-1.558969787566535e-28,6.37065007098889e-63,-1.558969787566535e-28
0.15111111111111108,0.1334386378801664,-3.0665613621198338,1.942890293094024e-16,-0.0,3.333275745141742e+17,1.8862868577659878e-32,-1.558969787566535e-28,6.375564784305499e-63,-1.558969787566535e-28
0.15166666666666667,0.13280200118943358,-3.0671979988105664,1.6653345369377348e-16,4.440892098500626e-16,3.416902839668716e+17,1.8401208715611563e-32,-1.558969787566535e-28,6.378189481744669e-63,-1.558969787566535e-28
0.15222222222222223,0.13217761978075382,-3.0678223802192464,1.942890293094024e-16,4.440892098500626e-16,3.500957673225892e+17,1.7959412304397928e-32,-1.558969787566535e-28,6.365208811922757e-63,-1.558969787566535e-28
0.1527777777777778,0.13156533718217794,-3.0684346628178223,1.3877787807814457e-16,4.440892098500626e-16,3.5853914488753926e+17,1.7536479129337802e-32,-1.558969787566535e-28,6.361389188717792e-63,-1.558969787566535e-28
0.1533333333333333,0.13096499621596475,-3.0690350037840353,1.1102230246251565e-16,4.440892098500626e-16,3.6701552974346406e+17,1.7131466441667475e-32,-1.558969787566535e-28,6.358000983571206e-63,-1.558969787566535e-28
0.15388888888888888,0.1303764390898871,-3.069623560910113,1.1102230246251565e-16,4.440892098500626e-16,3.7552003774595814e+17,1.6743485298711246e-32,-1.558969787566535e-28,6.359756271069555e-63,-1.558969787566535e-28
0.15444444444444444,0.1297995074883515,-3.0702004925116486,1.942890293094024e-16,-0.0,3.8404779731108186e+17,1.637169715695074e-32,-1.558969787566535e-28,6.361506234420292e-63,-1.558969787566535e-28
0.155,0.12923404266293487,-3.0707659573370654,1.6653345369377348e-16,4.440892098500626e-16,3.925939589611264e+17,1.6015310699147802e-32,-1.558969787566535e-28,6.363989096940294e-63,-1.558969787566535e-28
0.15555555555555556,0.12867988552241566,-3.0713201144775844,1.3877787807814457e-16,8.881784197001252e-16,4.011537045959715e+17,1.5673578878458594e-32,-1.558969787566535e-28,6.366189808689076e-63,-1.558969787566535e-28
0.1561111111111111,0.12813687672258928,-3.071863123277411,1.3877787807814457e-16,4.440892098500626e-16,4.097222564547981e+17,1.534579616390598e-32,-1.558969787566535e-28,6.363052744170594e-63,-1.558969787566535e-28
0.15666666666666668,0.12760485675536398,-3.0723951432446364,2.220446049250313e-16,-0.0,4.182948857472318e+17,1.5031295972311834e-32,-1.558969787566535e-28,6.365995820851715e-63,-1.558969787566535e-28
0.15722222222222224,0.12708366603661836,-3.0729163339633816,1.6653345369377348e-16,4.440892098500626e-16,4.268669209367071e+17,1.4729448272950667e-32,-1.558969787566535e-28,6.370906304456267e-63,-1.558969787566535e-28
0.15777777777777777,0.12657314499312228,-3.0734268550068777,1.6653345369377348e-16,4.440892098500626e-16,4.354337556486136e+17,1.4439657352712948e-32,-1.558969787566535e-28,6.362450135928779e-63,-1.558969787566535e-28
0.1583333333333333,0.1260731341484479,-3.0739268658515524,1.3877787807814457e-16,4.440892098500626e-16,4.439908561836808e+17,1.416135973027717e-32,-1.558969787566535e-28,6.361056185698754e-63,-1.558969787566535e-28
0.15888888888888889,0.12558347420727056,-3.0744165257927296,1.3877787807814457e-16,4.440892098500626e-16,4.5253376862893005e+17,1.389402220837715e-32,-1.558969787566535e-28,6.359552022847062e-63,-1.558969787566535e-28
0.15944444444444444,0.12510400613807376,-3.0748959938619262,1.6653345369377348e-16,8.881784197001252e-16,4.610581255513474e+17,1.3637140054417427e-32,-1.558969787566535e-28,6.364688451957178e-63,-1.558969787566535e-28
0.16,0.12463457125471727,-3.075365428745283,1.5265566588595902e-16,4.440892098500626e-16,4.6955965225360864e+17,1.339023530065799e-32,-1.558969787566535e-28,6.363585703156558e-63,-1.558969787566535e-28
0.16055555555555556,0.12417501129617164,-3.0758249887038285,1.1102230246251565e-16,-0.0,4.7803417259374624e+17,1.3152855155220013e-32,-1.558969787566535e-28,6.363633095244702e-63,-1.558969787566535e-28
0.1611111111111111,0.12372516850382592,-3.0762748314961743,1.942890293094024e-16,4.440892098500626e-16,4.864776143727803e+17,1.292457051590647e-32,-1.558969787566535e-28,6.365704646763634e-63,-1.558969787566535e-28
0.16166666666666665,0.12328488569712814,-3.076715114302872,1.6653345369377348e-16,4.440892098500626e-16,4.948860142719978e+17,1.2704974580096317e-32,-1.558969787566535e-28,6.367023062022478e-63,-1.558969787566535e-28
0.1622222222222222,0.12285400634815008,-3.07714599365185,1.3877787807814457e-16,4.440892098500626e-16,5.0325552232503206e+17,1.2493681544362945e-32,-1.558969787566535e-28,6.363426299281835e-63,-1.558969787566535e-28
0.16277777777777777,0.12243237465298412,-3.077567625347016,9.71445146547012e-17,-0.0,5.1158240596374694e+17,1.2290325386632996e-32,-1.558969787566535e-28,6.356759511310032e-63,-1.558969787566535e-28
0.1633333333333333,0.1220198356005664,-3.077980164399434,1.942890293094024e-16,4.440892098500626e-16,5.198630536300645e+17,1.2094558725546817e-32,-1.558969787566535e-28,6.361853579330626e-63,-1.558969787566535e-28
0.1638888888888889,0.1216162350401615,-3.0783837649598387,2.0816681711721685e-16,-0.0,5.280939779328916e+17,1.190605175234548e-32,-1.558969787566535e-28,6.358918854077078e-63,-1.558969787566535e-28
0.16444444444444445,0.12122141974738887,-3.078778580252611,1.5265566588595902e-16,4.440892098500626e-16,5.362718183562441e+17,1.1724491230292803e-32,-1.558969787566535e-28,6.360121338471602e-63,-1.558969787566535e-28
0.165,0.12083523748560515,-3.079164762514395,1.942890293094024e-16,-0.0,5.4439334359153594e+17,1.154957955563949e-32,-1.558969787566535e-28,6.360745021642688e-63,-1.558969787566535e-28
0.16555555555555554,0.12045753706558188,-3.0795424629344184,1.3877787807814457e-16,4.440892098500626e-16,5.5245545344491405e+17,1.1381033877327563e-32,-1.558969787566535e-28,6.36409413125532e-63,-1.558969787566535e-28
0.1661111111111111,0.12008816840461106,-3.079911831595389,1.942890293094024e-16,8.881784197001252e-16,5.60455180303895e+17,1.121858527199554e-32,-1.558969787566535e-28,6.364885227058409e-63,-1.558969787566535e-28
0.16666666666666666,0.11972698258169506,-3.080273017418305,2.0816681711721685e-16,4.440892098500626e-16,5.68389690245019e+17,1.1061977969129935e-32,-1.558969787566535e-28,6.367621472849471e-63,-1.558969787566535e-28
0.16722222222222222,0.11937383188880452,-3.0806261681111957,1.6653345369377348e-16,4.440892098500626e-16,5.7625628379920166e+17,1.0910968623054283e-32,-1.558969787566535e-28,6.362662730909166e-63,-1.558969787566535e-28
0.16777777777777778,0.11902856988205712,-3.080971430117943,1.1102230246251565e-16,4.440892098500626e-16,5.840523963044023e+17,1.076532563029493e-32,-1.558969787566535e-28,6.365174553919083e-63,-1.558969787566535e-28
0.1683333333333333,0.11869105143001857,-3.0813089485699816,1.3877787807814457e-16,4.440892098500626e-16,5.917755979200142e+17,1.0624828488147209e-32,-1.558969787566535e-28,6.365459942193017e-63,-1.558969787566535e-28
0.1688888888888889,0.11836113275812632,-3.0816388672418737,2.0816681711721685e-16,4.440892098500626e-16,5.994235933430365e+17,1.0489267191344552e-32,-1.558969787566535e-28,6.368782274486758e-63,-1.558969787566535e-28
0.16944444444444445,0.11803867149165348,-3.0819613285083465,1.6653345369377348e-16,-0.0,6.069942211884093e+17,1.0358441665327559e-32,-1.558969787566535e-28,6.365632280615519e-63,-1.558969787566535e-28
0.17,0.11772352669608971,-3.0822764733039105,1.942890293094024e-16,4.440892098500626e-16,6.144854530753741e+17,1.0232161233277763e-32,-1.558969787566535e-28,6.3648243509143e-63,-1.558969787566535e-28
0.17055555555555552,0.1174155589146102,-3.08258444108539,1.8041124150158794e-16,4.440892098500626e-16,6.218953924456132e+17,1.0110244114601228e-32,-1.558969787566535e-28,6.363086824929921e-63,-1.558969787566535e-28
0.1711111111111111,0.11711463020372093,-3.082885369796279,1.5265566588595902e-16,4.440892098500626e-16,6.292222731054012e+17,9.992516953254287e-33,-1.558969787566535e-28,6.35940489174262e-63,-1.558969787566535e-28
0.17166666666666666,0.11682060416591927,-3.083179395834081,1.5265566588595902e-16,4.440892098500626e-16,6.36464457537407e+17,9.878814373544769e-33,-1.558969787566535e-28,6.359068394771838e-63,-1.558969787566535e-28
0.17222222222222222,0.11653334598016724,-3.083466654019833,2.0816681711721685e-16,4.440892098500626e-16,6.436204349815986e+17,9.768978561954254e-33,-1.558969787566535e-28,6.357732788062462e-63,-1.558969787566535e-28
0.17277777777777778,0.11625272243026968,-3.0837472775697305,1.942890293094024e-16,4.440892098500626e-16,6.506888193008127e+17,9.662858873350711e-33,-1.558969787566535e-28,6.359636161460871e-63,-1.558969787566535e-28
0.1733333333333333,0.11597860193034315,-3.084021398069657,1.5265566588595902e-16,-0.0,6.576683466696067e+17,9.560311459735844e-33,-1.558969787566535e-28,6.357596701133284e-63,-1.558969787566535e-28
0.1738888888888889,0.11571085454857072,-3.0842891454514296,1.3877787807814457e-16,4.440892098500626e-16,6.645578730746922e+17,9.461198920540436e-33,-1.558969787566535e-28,6.356241857772312e-63,-1.558969787566535e-28
0.17444444444444446,0.11544935202853318,-3.084550647971467,9.71445146547012e-17,4.440892098500626e-16,6.713563716623342e+17,9.365389972843346e-33,-1.558969787566535e-28,6.358259907077591e-63,-1.558969787566535e-28
0.175,0.1151939678080715,-3.0848060321919286,1.6653345369377348e-16,-0.0,6.780629299518903e+17,9.272759140242498e-33,-1.558969787566535e-28,6.357854159035692e-63,-1.558969787566535e-28
0.17555555555555552,0.11494457703658195,-3.085055422963418,1.5265566588595902e-16,4.440892098500626e-16,6.846767469092229e+17,9.183186459528672e-33,-1.558969787566535e-28,6.357320548610126e-63,-1.558969787566535e-28
0.1761111111111111,0.11470105658981267,-3.0852989434101876,1.3877787807814457e-16,-0.0,6.911971299209192e+17,9.096557203717531e-33,-1.558969787566535e-28,6.356510313908518e-63,-1.558969787566535e-28
0.17666666666666667,0.11446328508260262,-3.0855367149173976,1.8041124150158794e-16,4.440892098500626e-16,6.976234916744709e+17,9.012761620568921e-33,-1.558969787566535e-28,6.355930955819072e-63,-1.558969787566535e-28
0.17722222222222223,0.11423114288012554,-3.0857688571198745,1.8041124150158794e-16,4.440892098500626e-16,7.039553469449837e+17,8.931694685831155e-33,-1.558969787566535e-28,6.356253462836971e-63,-1.558969787566535e-28
0.17777777777777776,0.11400451210674861,-3.0859954878932516,1.8041124150158794e-16,4.440892098500626e-16,7.10192309327622e+17,8.853255869982087e-33,-1.558969787566535e-28,6.357824578777783e-63,-1.558969787566535e-28
0.17833333333333332,0.11378327665312238,-3.086216723346878,2.220446049250313e-16,4.440892098500626e-16,7.16334087914225e+17,8.777348917847165e-33,-1.558969787566535e-28,6.358660265960064e-63,-1.558969787566535e-28
0.17888888888888888,0.11356732218188398,-3.086432677818116,1.8041124150158794e-16,4.440892098500626e-16,7.223804839174674e+17,8.703881640425514e-33,-1.558969787566535e-28,6.35936983303156e-63,-1.558969787566535e-28
0.17944444444444443,0.11335653613119628,-3.086643463868804,1.3877787807814457e-16,4.440892098500626e-16,7.283313872776106e+17,8.632765717914057e-33,-1.558969787566535e-28,6.361948743596196e-63,-1.558969787566535e-28
0.18,0.113150807716689,-3.086849192283311,1.5265566588595902e-16,4.440892098500626e-16,7.341867732493856e+17,8.563916513428144e-33,-1.558969787566535e-28,6.360360291862863e-63,-1.558969787566535e-28
0.18055555555555552,0.11295002793217523,-3.087049972067825,1.3877787807814457e-16,4.440892098500626e-16,7.399466989705553e+17,8.497252896888962e-33,-1.558969787566535e-28,6.360164607807468e-63,-1.558969787566535e-28
0.1811111111111111,0.11275408954849464,-3.0872459104515055,1.249000902703301e-16,4.440892098500626e-16,7.456113000421713e+17,8.432697078243468e-33,-1.558969787566535e-28,6.360799823776957e-63,-1.558969787566535e-28
0.18166666666666667,0.11256288711084611,-3.087437112889154,1.942890293094024e-16,8.881784197001252e-16,7.511807871215516e+17,8.370174449567582e-33,-1.558969787566535e-28,6.36088034158399e-63,-1.558969787566535e-28
0.18222222222222223,0.11237631693505129,-3.087623683064949,1.1102230246251565e-16,4.440892098500626e-16,7.566554425255227e+17,8.309613435654225e-33,-1.558969787566535e-28,6.358356140364301e-63,-1.558969787566535e-28
0.18277777777777776,0.11219427710233837,-3.0878057228976616,1.5265566588595902e-16,-0.0,7.620356168654888e+17,8.25094535244127e-33,-1.558969787566535e-28,6.360428984629767e-63,-1.558969787566535e-28
0.18333333333333332,0.1120166674526249,-3.0879833325473753,1.1102230246251565e-16,4.440892098500626e-16,7.673217257243192e+17,8.19410427280135e-33,-1.558969787566535e-28,6.359799007156651e-63,-1.558969787566535e-28
0.18388888888888888,0.1118433895768578,-3.0881566104231424,1.942890293094024e-16,-0.0,7.725142463672998e+17,8.13902689942312e-33,-1.558969787566535e-28,6.36177534496203e-63,-1.558969787566535e-28
0.18444444444444444,0.11167434680830163,-3.0883256531916987,1.3877787807814457e-16,4.440892098500626e-16,7.776137144979528e+17,8.085652444324857e-33,-1.558969787566535e-28,6.362326204672179e-63,-1.558969787566535e-28
0.185,0.1115094442123864,-3.088490555787614,1.942890293094024e-16,8.881784197001252e-16,7.826207210779497e+17,8.033922514485249e-33,-1.558969787566535e-28,6.360102235798813e-63,-1.558969787566535e-28
0.18555555555555553,0.1113485885756767,-3.0886514114243235,1.6653345369377348e-16,4.440892098500626e-16,7.875359092011043e+17,7.983781003394635e-33,-1.558969787566535e-28,6.358422152431713e-63,-1.558969787566535e-28
0.18611111111111112,0.11119168839405513,-3.088808311605945,1.6653345369377348e-16,8.881784197001252e-16,7.923599710247589e+17,7.935173988205439e-33,-1.558969787566535e-28,6.35998068337656e-63,-1.558969787566535e-28
0.18666666666666668,0.11103865385983491,-3.0889613461401653,1.1102230246251565e-16,4.440892098500626e-16,7.970936447728136e+17,7.888049632064193e-33,-1.558969787566535e-28,6.360242617141136e-63,-1.558969787566535e-28
0.18722222222222223,0.1108893968478884,-3.0891106031521116,1.942890293094024e-16,4.440892098500626e-16,8.017377118131953e+17,7.842358091340406e-33,-1.558969787566535e-28,6.360615863058755e-63,-1.558969787566535e-28
0.18777777777777774,0.11074383090112927,-3.0892561690988707,1.3877787807814457e-16,4.440892098500626e-16,8.062929938039909e+17,7.798051427567537e-33,-1.558969787566535e-28,6.362408582508514e-63,-1.558969787566535e-28
0.18833333333333332,0.11060187121536547,-3.0893981287846346,1.942890293094024e-16,4.440892098500626e-16,8.107603499118355e+17,7.755083523823908e-33,-1.558969787566535e-28,6.360937083047192e-63,-1.558969787566535e-28
0.18888888888888888,0.11046343462322067,-3.0895365653767795,1.3877787807814457e-16,4.440892098500626e-16,8.151406741156897e+17,7.713410005201831e-33,-1.558969787566535e-28,6.361115389196342e-63,-1.558969787566535e-28
0.18944444444444444,0.11032843957742627,-3.0896715604225737,1.3877787807814457e-16,4.440892098500626e-16,8.194348925901427e+17,7.672988163216731e-33,-1.558969787566535e-28,6.361018700728462e-63,-1.558969787566535e-28
0.18999999999999997,0.1101968061336146,-3.0898031938663855,1.1102230246251565e-16,8.881784197001252e-16,8.23643961166868e+17,7.63377688396242e-33,-1.558969787566535e-28,6.361628507521733e-63,-1.558969787566535e-28
0.19055555555555553,0.11006845593264475,-3.0899315440673556,1.1102230246251565e-16,-0.0,8.277688628757432e+17,7.595736579807556e-33,-1.558969787566535e-28,6.360359254410782e-63,-1.558969787566535e-28
0.19111111111111112,0.10994331218222053,-3.0900566878177798,1.5265566588595902e-16,4.440892098500626e-16,8.318106055754904e+17,7.558829124354454e-33,-1.558969787566535e-28,6.359577224254047e-63,-1.558969787566535e-28
0.19166666666666668,0.10982129963808318,-3.0901787003619168,1.6653345369377348e-16,4.440892098500626e-16,8.357702196667217e+17,7.523017790557589e-33,-1.558969787566535e-28,6.359312433171872e-63,-1.558969787566535e-28
0.1922222222222222,0.10970234458484857,-3.0902976554151516,1.8041124150158794e-16,4.440892098500626e-16,8.396487558866138e+17,7.488267191835125e-33,-1.558969787566535e-28,6.360599130436342e-63,-1.558969787566535e-28
0.19277777777777774,0.10958637481654165,-3.0904136251834586,1.249000902703301e-16,4.440892098500626e-16,8.43447283184604e+17,7.454543226022539e-33,-1.558969787566535e-28,6.360304978790749e-63,-1.558969787566535e-28
0.19333333333333333,0.1094733196166614,-3.0905266803833387,1.3877787807814457e-16,4.440892098500626e-16,8.471668866855073e+17,7.421813021954315e-33,-1.558969787566535e-28,6.361325791471617e-63,-1.558969787566535e-28
0.1938888888888889,0.10936310973792379,-3.0906368902620764,1.8041124150158794e-16,-0.0,8.50808665735928e+17,7.390044888567822e-33,-1.558969787566535e-28,6.363410955875959e-63,-1.558969787566535e-28
0.19444444444444445,0.10925567738180503,-3.090744322618195,1.8041124150158794e-16,4.440892098500626e-16,8.543737320304093e+17,7.359208266420754e-33,-1.558969787566535e-28,6.363130908878987e-63,-1.558969787566535e-28
0.19499999999999998,0.10915095617789017,-3.09084904382211,1.1102230246251565e-16,-0.0,8.578632078172495e+17,7.329273681487035e-33,-1.558969787566535e-28,6.363420665954797e-63,-1.558969787566535e-28
0.19555555555555554,0.1090488811630273,-3.0909511188369727,1.6653345369377348e-16,8.881784197001252e-16,8.61278224183968e+17,7.30021270110252e-33,-1.558969787566535e-28,6.35912415552679e-63,-1.558969787566535e-28
0.1961111111111111,0.10894938876019977,-3.0910506112398,1.5265566588595902e-16,4.440892098500626e-16,8.64619919425126e+17,7.271997891919291e-33,-1.558969787566535e-28,6.360203313018742e-63,-1.558969787566535e-28
0.19666666666666666,0.10885241675733226,-3.091147583242668,8.326672684688674e-17,4.440892098500626e-16,8.678894374850299e+17,7.244602779809012e-33,-1.558969787566535e-28,6.35889438369021e-63,-1.558969787566535e-28
0.19722222222222222,0.10875790428600207,-3.091242095713998,1.6653345369377348e-16,8.881784197001252e-16,8.710879264756238e+17,7.218001811607957e-33,-1.558969787566535e-28,6.357618577051116e-63,-1.558969787566535e-28
0.19777777777777775,0.10866579180010916,-3.091334208199891,1.942890293094024e-16,8.881784197001252e-16,8.742165372670739e+17,7.192170318610728e-33,-1.558969787566535e-28,6.358460607938709e-63,-1.558969787566535e-28
0.19833333333333333,0.10857602105446379,-3.0914239789455364,1.5265566588595902e-16,4.440892098500626e-16,8.772764221516732e+17,7.16708448170727e-33,-1.558969787566535e-28,6.356760826416996e-63,-1.558969787566535e-28
0.1988888888888889,0.10848853508328765,-3.0915114649167124,1.5265566588595902e-16,4.440892098500626e-16,8.802687335802519e+17,7.14272129807255e-33,-1.558969787566535e-28,6.358075866834388e-63,-1.558969787566535e-28
0.19944444444444445,0.10840327817876089,-3.0915967218212392,1.3877787807814457e-16,4.440892098500626e-16,8.83194622965575e+17,7.119058549358984e-33,-1.558969787566535e-28,6.359887028075249e-63,-1.558969787566535e-28
0.19999999999999998,0.10832019586959224,-3.091679804130408,9.71445146547012e-17,4.440892098500626e-16,8.860552395523863e+17,7.096074771305698e-33,-1.558969787566535e-28,6.359313181334397e-63,-1.558969787566535e-28
0.20055555555555554,0.10823923489964543,-3.091760765100355,8.326672684688674e-17,4.440892098500626e-16,8.888517293517184e+17,7.07374922469541e-33,-1.558969787566535e-28,6.358946589585869e-63,-1.558969787566535e-28
0.2011111111111111,0.1081603432066322,-3.091839656793368,1.5265566588595902e-16,4.440892098500626e-16,8.915852341378321e+17,7.052061867591381e-33,-1.558969787566535e-28,6.359811011213228e-63,-1.558969787566535e-28
0.20166666666666666,0.10808346990081885,-3.0919165300991813,1.6653345369377348e-16,-0.0,8.942568905082993e+17,7.030993328770607e-33,-1.558969787566535e-28,6.361294101356291e-63,-1.558969787566535e-28
0.2022222222222222,0.10800856524386343,-3.0919914347561366,1.3877787807814457e-16,4.440892098500626e-16,8.968678290018252e+17,7.010524882321488e-33,-1.558969787566535e-28,6.363490908443671e-63,-1.558969787566535e-28
0.20277777777777775,0.1079355806277732,-3.092064419372227,1.5265566588595902e-16,-0.0,8.994191732726906e+17,6.990638423342494e-33,-1.558969787566535e-28,6.364708351681372e-63,-1.558969787566535e-28
0.20333333333333334,0.10786446855398935,-3.0921355314460106,1.8041124150158794e-16,8.881784197001252e-16,9.019120393201059e+17,6.971316444684199e-33,-1.558969787566535e-28,6.364040242045201e-63,-1.558969787566535e-28
0.2038888888888889,0.10779518261263071,-3.0922048173873695,1.6653345369377348e-16,4.440892098500626e-16,9.043475347698912e+17,6.95254201469212e-33,-1.558969787566535e-28,6.366136724914753e-63,-1.558969787566535e-28
0.20444444444444446,0.10772767746188155,-3.092272322538119,1.8041124150158794e-16,4.440892098500626e-16,9.067267582074778e+17,6.934298755890707e-33,-1.558969787566535e-28,6.367065030330874e-63,-1.558969787566535e-28
0.20499999999999996,0.10766190880751625,-3.092338091192484,1.8041124150158794e-16,-4.440892098500626e-16,9.090507985609452e+17,6.916570824561617e-33,-1.558969787566535e-28,6.366125044360466e-63,-1.558969787566535e-28
0.20555555555555555,0.10759783338262802,-3.092402166617372,1.5265566588595902e-16,4.440892098500626e-16,9.113207345302333e+17,6.89934289118529e-33,-1.558969787566535e-28,6.366930342701687e-63,-1.558969787566535e-28
0.2061111111111111,0.10753540892754915,-3.092464591072451,2.220446049250313e-16,-0.0,9.135376340613956e+17,6.882600121702788e-33,-1.558969787566535e-28,6.36830002277272e-63,-1.558969787566535e-28
0.20666666666666667,0.10747459416997263,-3.0925254058300276,1.249000902703301e-16,4.440892098500626e-16,9.157025538639892e+17,6.866328159553034e-33,-1.558969787566535e-28,6.36864918561422e-63,-1.558969787566535e-28
0.2072222222222222,0.1074153488052837,-3.0925846511947164,1.249000902703301e-16,-0.0,9.178165389698273e+17,6.850513108456541e-33,-1.558969787566535e-28,6.369815545595623e-63,-1.558969787566535e-28
0.20777777777777776,0.10735763347711991,-3.09264236652288,1.942890293094024e-16,4.440892098500626e-16,9.198806223308006e+17,6.835141515906316e-33,-1.558969787566535e-28,6.370114042425895e-63,-1.558969787566535e-28
0.20833333333333334,0.1073014097581318,-3.092698590241868,1.5265566588595902e-16,4.440892098500626e-16,9.218958244553371e+17,6.820200357329569e-33,-1.558969787566535e-28,6.369414125118516e-63,-1.558969787566535e-28
0.2088888888888889,0.10724664013097707,-3.092753359869023,1.249000902703301e-16,-0.0,9.238631530808211e+17,6.805677020892054e-33,-1.558969787566535e-28,6.370302810493158e-63,-1.558969787566535e-28
0.20944444444444443,0.10719328796956218,-3.092806712030438,1.6653345369377348e-16,-4.440892098500626e-16,9.257836028799397e+17,6.791559292918773e-33,-1.558969787566535e-28,6.369849524327405e-63,-1.558969787566535e-28
0.20999999999999996,0.10714131752052586,-3.0928586824794744,1.8041124150158794e-16,4.440892098500626e-16,9.276581551997455e+17,6.77783534390113e-33,-1.558969787566535e-28,6.369083683975962e-63,-1.558969787566535e-28
0.21055555555555555,0.10709069388497144,-3.0929093061150286,2.0816681711721685e-16,4.440892098500626e-16,9.294877778317437e+17,6.764493715063287e-33,-1.558969787566535e-28,6.368932273048049e-63,-1.558969787566535e-28
0.2111111111111111,0.10704138300045063,-3.0929586169995495,1.8041124150158794e-16,-0.0,9.312734248114819e+17,6.751523305460775e-33,-1.558969787566535e-28,6.366717942396414e-63,-1.558969787566535e-28
0.21166666666666667,0.10699335162320706,-3.093006648376793,2.0816681711721685e-16,4.440892098500626e-16,9.330160362459794e+17,6.738913359591237e-33,-1.558969787566535e-28,6.365897395519199e-63,-1.558969787566535e-28
0.2122222222222222,0.10694656731067964,-3.0930534326893206,1.6653345369377348e-16,-0.0,9.347165381676159e+17,6.726653455492323e-33,-1.558969787566535e-28,6.365833409649302e-63,-1.558969787566535e-28
0.21277777777777776,0.1069009984042561,-3.093099001595744,1.5265566588595902e-16,-0.0,9.363758424135473e+17,6.714733493299757e-33,-1.558969787566535e-28,6.36576862934757e-63,-1.558969787566535e-28
0.21333333333333332,0.10685661401229612,-3.093143385987704,1.8041124150158794e-16,-0.0,9.379948465286034e+17,6.703143684254014e-33,-1.558969787566535e-28,6.365472523888584e-63,-1.558969787566535e-28
0.21388888888888888,0.10681338399342266,-3.0931866160065775,2.0816681711721685e-16,4.440892098500626e-16,9.39574433690488e+17,6.691874540130542e-33,-1.558969787566535e-28,6.362744862374035e-63,-1.558969787566535e-28
0.2144444444444444,0.10677127894008154,-3.0932287210599188,1.5265566588595902e-16,-0.0,9.411154726560408e+17,6.680916863077646e-33,-1.558969787566535e-28,6.36279951807065e-63,-1.558969787566535e-28
0.21499999999999997,0.10673027016236852,-3.0932697298376315,1.6653345369377348e-16,4.440892098500626e-16,9.426188177274e+17,6.670261735841196e-33,-1.558969787566535e-28,6.363036256101426e-63,-1.558969787566535e-28
0.21555555555555556,0.10669032967212527,-3.093309670327875,1.8041124150158794e-16,4.440892098500626e-16,9.440853087368116e+17,6.659900512363281e-33,-1.558969787566535e-28,6.364215673525051e-63,-1.558969787566535e-28
0.21611111111111111,0.1066514301673051,-3.093348569832695,1.942890293094024e-16,8.881784197001252e-16,9.455157710489774e+17,6.649824808734136e-33,-1.558969787566535e-28,6.365497892506849e-63,-1.558969787566535e-28
0.21666666666666667,0.10661354501660819,-3.093386454983392,1.6653345369377348e-16,4.440892098500626e-16,9.46911015579816e+17,6.640026494486343e-33,-1.558969787566535e-28,6.367945812970126e-63,-1.558969787566535e-28
0.2172222222222222,0.10657664824438712,-3.093423351755613,2.0816681711721685e-16,4.440892098500626e-16,9.482718388305554e+17,6.630497684213596e-33,-1.558969787566535e-28,6.365944051668758e-63,-1.558969787566535e-28
0.21777777777777776,0.10654071451581826,-3.093459285484182,1.5265566588595902e-16,8.881784197001252e-16,9.495990229362706e+17,6.621230729502181e-33,-1.558969787566535e-28,6.368708056311569e-63,-1.558969787566535e-28
0.21833333333333332,0.10650571912233914,-3.093494280877661,1.1102230246251565e-16,4.440892098500626e-16,9.508933357279022e+17,6.612218211160218e-33,-1.558969787566535e-28,6.366047578512933e-63,-1.558969787566535e-28
0.21888888888888888,0.10647163796735354,-3.0935283620326466,1.8041124150158794e-16,4.440892098500626e-16,9.521555308066766e+17,6.603452931732748e-33,-1.558969787566535e-28,6.364967519244622e-63,-1.558969787566535e-28
0.21944444444444441,0.1064384475522025,-3.0935615524477975,1.6653345369377348e-16,4.440892098500626e-16,9.533863476300759e+17,6.594927908292792e-33,-1.558969787566535e-28,6.366837827222572e-63,-1.558969787566535e-28
0.21999999999999997,0.10640612496239837,-3.0935938750376017,1.6653345369377348e-16,4.440892098500626e-16,9.545865116085952e+17,6.58663636549366e-33,-1.558969787566535e-28,6.364865185051557e-63,-1.558969787566535e-28
0.22055555555555556,0.10637464785412026,-3.09362535214588,1.6653345369377348e-16,4.440892098500626e-16,9.557567342124113e+17,6.578571728874289e-33,-1.558969787566535e-28,6.363770374340215e-63,-1.558969787566535e-28
0.22111111111111112,0.10634399444096837,-3.0936560055590316,1.249000902703301e-16,4.440892098500626e-16,9.568977130872608e+17,6.570727618404918e-33,-1.558969787566535e-28,6.363607800443347e-63,-1.558969787566535e-28
0.22166666666666668,0.10631414348097717,-3.093685856519023,1.8041124150158794e-16,-0.0,9.580101321787104e+17,6.56309784226593e-33,-1.558969787566535e-28,6.365450982981434e-63,-1.558969787566535e-28
0.22222222222222218,0.10628507426388184,-3.0937149257361183,1.8041124150158794e-16,4.440892098500626e-16,9.59094661864207e+17,6.555676390847437e-33,-1.558969787566535e-28,6.366200119782115e-63,-1.558969787566535e-28
0.22277777777777777,0.10625676659863853,-3.0937432334013617,1.8041124150158794e-16,4.440892098500626e-16,9.601519590921996e+17,6.548457430962945e-33,-1.558969787566535e-28,6.365904639306343e-63,-1.558969787566535e-28
0.22333333333333333,0.10622920080119386,-3.0937707991988064,1.6653345369377348e-16,4.440892098500626e-16,9.611826675277089e+17,6.541435300267363e-33,-1.558969787566535e-28,6.363831908412183e-63,-1.558969787566535e-28
0.2238888888888889,0.1062023576825023,-3.0937976423174978,1.3877787807814457e-16,4.440892098500626e-16,9.621874177037398e+17,6.534604501871512e-33,-1.558969787566535e-28,6.365431031136176e-63,-1.558969787566535e-28
0.22444444444444442,0.10617621853678755,-3.093823781463213,1.3877787807814457e-16,-0.0,9.631668271779951e+17,6.527959699144659e-33,-1.558969787566535e-28,6.36812713657391e-63,-1.558969787566535e-28
0.22499999999999998,0.10615076513004562,-3.0938492348699547,1.942890293094024e-16,4.440892098500626e-16,9.641215006943237e+17,6.521495710699248e-33,-1.558969787566535e-28,6.365059678674183e-63,-1.558969787566535e-28
0.22555555555555556,0.10612597968878679,-3.0938740203112136,1.6653345369377348e-16,-0.0,9.650520303483954e+17,6.51520750554878e-33,-1.558969787566535e-28,6.364786414239814e-63,-1.558969787566535e-28
0.22611111111111112,0.10610184488901192,-3.0938981551109883,9.71445146547012e-17,-0.0,9.659589957571871e+17,6.509090198432746e-33,-1.558969787566535e-28,6.363074361790321e-63,-1.558969787566535e-28
0.22666666666666663,0.10607834384542225,-3.0939216561545777,2.220446049250313e-16,-0.0,9.66842964231723e+17,6.50313904530223e-33,-1.558969787566535e-28,6.364820683042452e-63,-1.558969787566535e-28
0.2272222222222222,0.10605546010085715,-3.093944539899143,1.3877787807814457e-16,-0.0,9.677044909526895e+17,6.49734943896049e-33,-1.558969787566535e-28,6.366788985688322e-63,-1.558969787566535e-28
0.22777777777777777,0.10603317761595937,-3.093966822384041,1.6653345369377348e-16,-0.0,9.685441191485463e+17,6.491716904851412e-33,-1.558969787566535e-28,6.369665311395732e-63,-1.558969787566535e-28
0.22833333333333333,0.10601148075906086,-3.0939885192409395,1.6653345369377348e-16,-0.0,9.693623802756947e+17,6.486237096990275e-33,-1.558969787566535e-28,6.370422151790436e-63,-1.558969787566535e-28
0.2288888888888889,0.10599035429628934,-3.0940096457037107,1.3877787807814457e-16,4.440892098500626e-16,9.701597942003864e+17,6.480905794032842e-33,-1.558969787566535e-28,6.370383055125586e-63,-1.558969787566535e-28
0.22944444444444442,0.10596978338188973,-3.0940302166181106,8.326672684688674e-17,-0.0,9.709368693820279e+17,6.475718895475457e-33,-1.558969787566535e-28,6.371028896194216e-63,-1.558969787566535e-28
0.22999999999999998,0.10594975354875852,-3.094050246451242,1.249000902703301e-16,4.440892098500626e-16,9.71694103057547e+17,6.470672417982686e-33,-1.558969787566535e-28,6.371140784235888e-63,-1.558969787566535e-28
0.23055555555555557,0.10593025069918605,-3.094069749300814,1.5265566588595902e-16,4.440892098500626e-16,9.724319814265563e+17,6.465762491837449e-33,-1.558969787566535e-28,6.368977218336822e-63,-1.558969787566535e-28
0.2311111111111111,0.10591126109580556,-3.0940887389041944,1.6653345369377348e-16,8.881784197001252e-16,9.731509798369965e+17,6.460985357507487e-33,-1.558969787566535e-28,6.36885723829049e-63,-1.558969787566535e-28
0.23166666666666663,0.10589277135274355,-3.094107228647257,1.6653345369377348e-16,-0.0,9.738515629710263e+17,6.456337362327559e-33,-1.558969787566535e-28,6.369091691358863e-63,-1.558969787566535e-28
0.2322222222222222,0.10587476842696869,-3.0941252315730314,1.8041124150158794e-16,4.440892098500626e-16,9.745341850309138e+17,6.451814957287988e-33,-1.558969787566535e-28,6.370478111182048e-63,-1.558969787566535e-28
0.23277777777777778,0.10585723960983567,-3.0941427603901643,1.6653345369377348e-16,4.440892098500626e-16,9.751992899247014e+17,6.447414693930296e-33,-1.558969787566535e-28,6.370066863104281e-63,-1.558969787566535e-28
0.23333333333333334,0.1058401725188215,-3.0941598274811786,1.249000902703301e-16,4.440892098500626e-16,9.758473114514058e+17,6.44313322134311e-33,-1.558969787566535e-28,6.369182890419269e-63,-1.558969787566535e-28
0.2338888888888889,0.10582355508944907,-3.094176444910551,1.5265566588595902e-16,4.440892098500626e-16,9.76478673485611e+17,6.438967283255862e-33,-1.558969787566535e-28,6.370156237752214e-63,-1.558969787566535e-28
0.23444444444444443,0.10580737556739606,-3.094192624432604,2.0816681711721685e-16,8.881784197001252e-16,9.77093790161215e+17,6.434913715226343e-33,-1.558969787566535e-28,6.370394337482876e-63,-1.558969787566535e-28
0.235,0.10579162250078444,-3.094208377499216,1.5265566588595902e-16,-4.440892098500626e-16,9.776930660542173e+17,6.430969441919278e-33,-1.558969787566535e-28,6.369786818255078e-63,-1.558969787566535e-28
0.23555555555555555,0.10577628473264938,-3.0942237152673506,1.5265566588595902e-16,8.881784197001252e-16,9.78276896364331e+17,6.427131474470883e-33,-1.558969787566535e-28,6.372139075459648e-63,-1.558969787566535e-28
0.2361111111111111,0.105761351393581,-3.094238648606419,1.6653345369377348e-16,4.440892098500626e-16,9.788456670953267e+17,6.423396907940378e-33,-1.558969787566535e-28,6.370333113372e-63,-1.558969787566535e-28
0.23666666666666664,0.10574681189453844,-3.0942531881054616,1.3877787807814457e-16,-0.0,9.793997552339487e+17,6.419762918839168e-33,-1.558969787566535e-28,6.370207592856519e-63,-1.558969787566535e-28
0.2372222222222222,0.10573265591983133,-3.0942673440801687,1.6653345369377348e-16,-0.0,9.799395289272959e+17,6.416226762740894e-33,-1.558969787566535e-28,6.369920759119767e-63,-1.558969787566535e-28
0.23777777777777778,0.10571887342026609,-3.094281126579734,2.0816681711721685e-16,4.440892098500626e-16,9.804653476585344e+17,6.41278577196667e-33,-1.558969787566535e-28,6.369569987865222e-63,-1.558969787566535e-28
0.23833333333333334,0.10570545460645309,-3.094294545393547,1.6653345369377348e-16,4.440892098500626e-16,9.80977562420874e+17,6.409437353342208e-33,-1.558969787566535e-28,6.372508829151655e-63,-1.558969787566535e-28
0.2388888888888889,0.10569238994227265,-3.0943076100577276,1.942890293094024e-16,8.881784197001252e-16,9.814765158896836e+17,6.406178986026355e-33,-1.558969787566535e-28,6.373090854161623e-63,-1.558969787566535e-28
0.23944444444444443,0.10567967013849472,-3.0943203298615054,1.1102230246251565e-16,-0.0,9.81962542592683e+17,6.403008219407259e-33,-1.558969787566535e-28,6.373373612864043e-63,-1.558969787566535e-28
0.24,0.10566728614655174,-3.0943327138534484,9.71445146547012e-17,-0.0,9.824359690781217e+17,6.399922671063155e-33,-1.558969787566535e-28,6.376054353793268e-63,-1.558969787566535e-28
0.24055555555555552,0.10565522915245856,-3.094344770847542,1.8041124150158794e-16,4.440892098500626e-16,9.828971140808945e+17,6.396920024788486e-33,-1.558969787566535e-28,6.375429977647068e-63,-1.558969787566535e-28
0.2411111111111111,0.10564349057087863,-3.0943565094291214,1.5265566588595902e-16,4.440892098500626e-16,9.833462886865087e+17,6.393998028679584e-33,-1.558969787566535e-28,6.37566036138723e-63,-1.558969787566535e-28
0.24166666666666664,0.10563206203933279,-3.0943679379606674,2.0816681711721685e-16,4.440892098500626e-16,9.837837964928815e+17,6.391154493279397e-33,-1.558969787566535e-28,6.373830838193107e-63,-1.558969787566535e-28
0.24222222222222223,0.10562093541254669,-3.0943790645874536,2.220446049250313e-16,-0.0,9.842099337698868e+17,6.388387289780208e-33,-1.558969787566535e-28,6.373443495980264e-63,-1.558969787566535e-28
0.2427777777777778,0.10561010275693539,-3.094389897243065,2.0816681711721685e-16,4.440892098500626e-16,9.846249896166367e+17,6.385694348280772e-33,-1.558969787566535e-28,6.376245265204691e-63,-1.558969787566535e-28
0.24333333333333332,0.10559955634522106,-3.094400443654779,1.6653345369377348e-16,4.440892098500626e-16,9.850292461164467e+17,6.383073656096936e-33,-1.558969787566535e-28,6.375254893272843e-63,-1.558969787566535e-28
0.24388888888888885,0.10558928865118117,-3.094410711348819,1.5265566588595902e-16,-0.0,9.854229784894758e+17,6.380523256123933e-33,-1.558969787566535e-28,6.374410841644867e-63,-1.558969787566535e-28
0.24444444444444444,0.10557929234452501,-3.094420707655475,1.5265566588595902e-16,4.440892098500626e-16,9.858064552429732e+17,6.37804124524756e-33,-1.558969787566535e-28,6.37216355242946e-63,-1.558969787566535e-28
0.245,0.10556956028589448,-3.0944304397141056,1.3877787807814457e-16,-0.0,9.861799383191724e+17,6.375625772805038e-33,-1.558969787566535e-28,6.372715046216552e-63,-1.558969787566535e-28
0.24555555555555553,0.10556008552198765,-3.0944399144780124,1.6653345369377348e-16,-0.0,9.865436832407675e+17,6.373275039090793e-33,-1.558969787566535e-28,6.37029748058221e-63,-1.558969787566535e-28
0.2461111111111111,0.10555086128080154,-3.094449138719199,1.942890293094024e-16,4.440892098500626e-16,9.868979392539784e+17,6.370987293907822e-33,-1.558969787566535e-28,6.371512454022968e-63,-1.558969787566535e-28
0.24666666666666665,0.10554188096699174,-3.0944581190330083,1.249000902703301e-16,4.440892098500626e-16,9.87242949469211e+17,6.368760835163641e-33,-1.558969787566535e-28,6.371094913691933e-63,-1.558969787566535e-28
0.24722222222222223,0.10553313815734688,-3.0944668618426534,2.220446049250313e-16,-0.0,9.875789509992733e+17,6.366594007505981e-33,-1.558969787566535e-28,6.369190707345824e-63,-1.558969787566535e-28
0.2477777777777778,0.1055246265963734,-3.0944753734036268,8.326672684688674e-17,-0.0,9.87906175095182e+17,6.364485201001185e-33,-1.558969787566535e-28,6.367961382345182e-63,-1.558969787566535e-28
0.24833333333333332,0.10551634019199146,-3.0944836598080085,8.326672684688674e-17,-0.0,9.882248472795502e+17,6.362432849851671e-33,-1.558969787566535e-28,6.368712218245351e-63,-1.558969787566535e-28
0.24888888888888885,0.1055082730113352,-3.094491726988665,9.71445146547012e-17,4.440892098500626e-16,9.885351874775571e+17,6.360435431150205e-33,-1.558969787566535e-28,6.366489616345553e-63,-1.558969787566535e-28
0.24944444444444444,0.10550041927665876,-3.0944995807233413,8.326672684688674e-17,4.440892098500626e-16,9.888374101455117e+17,6.358491463673142e-33,-1.558969787566535e-28,6.365647791944173e-63,-1.558969787566535e-28
0.25,0.10549277336134383,-3.0945072266386564,2.220446049250313e-16,4.440892098500626e-16,9.891317243970249e+17,6.356599506707549e-33,-1.558969787566535e-28,6.363012839476213e-63,-1.558969787566535e-28
0.25055555555555553,0.10548532978600589,-3.0945146702139943,1.6653345369377348e-16,4.440892098500626e-16,9.894183341267835e+17,6.354758158913693e-33,-1.558969787566535e-28,6.363898449179223e-63,-1.558969787566535e-28
0.2511111111111111,0.1054780832146992,-3.094521916785301,1.6653345369377348e-16,4.440892098500626e-16,9.89697438131975e+17,6.352966057220975e-33,-1.558969787566535e-28,6.366554560720993e-63,-1.558969787566535e-28
0.25166666666666665,0.10547102845121492,-3.0945289715487854,2.0816681711721685e-16,4.440892098500626e-16,9.899692302313494e+17,6.351221875756283e-33,-1.558969787566535e-28,6.366148277607945e-63,-1.558969787566535e-28
0.25222222222222224,0.1054641604354728,-3.0945358395645273,6.938893903907228e-17,-0.0,9.902338993819519e+17,6.349524324803821e-33,-1.558969787566535e-28,6.367948867464779e-63,-1.558969787566535e-28
0.2527777777777777,0.10545747424000412,-3.094542525759996,1.6653345369377348e-16,4.440892098500626e-16,9.90491629793541e+17,6.34787214979446e-33,-1.558969787566535e-28,6.37053734278805e-63,-1.558969787566535e-28
0.2533333333333333,0.1054509650665208,-3.0945490349334794,1.249000902703301e-16,-0.0,9.907426010407204e+17,6.34626413032639e-33,-1.558969787566535e-28,6.37257172424831e-63,-1.558969787566535e-28
0.2538888888888889,0.10544462824257345,-3.094555371757427,2.220446049250313e-16,4.440892098500626e-16,9.909869881728072e+17,6.34469907921186e-33,-1.558969787566535e-28,6.371591974997137e-63,-1.558969787566535e-28
0.2544444444444444,0.10543845921829159,-3.0945615407817084,1.3877787807814457e-16,4.440892098500626e-16,9.912249618214381e+17,6.34317584155397e-33,-1.558969787566535e-28,6.369887999830265e-63,-1.558969787566535e-28
0.255,0.10543245356320752,-3.0945675464367928,1.5265566588595902e-16,4.440892098500626e-16,9.914566883059981e+17,6.341693293848004e-33,-1.558969787566535e-28,6.369242743255637e-63,-1.558969787566535e-28
0.25555555555555554,0.10542660696315947,-3.094573393036841,1.3877787807814457e-16,4.440892098500626e-16,9.916823297368069e+17,6.34025034311101e-33,-1.558969787566535e-28,6.368050305848857e-63,-1.558969787566535e-28
0.2561111111111111,0.10542091521727431,-3.0945790847827257,1.942890293094024e-16,4.440892098500626e-16,9.919020441161706e+17,6.33884592603436e-33,-1.558969787566535e-28,6.369553117779138e-63,-1.558969787566535e-28
0.25666666666666665,0.10541537423502545,-3.0945846257649747,1.942890293094024e-16,8.881784197001252e-16,9.92115985437296e+17,6.337479008162045e-33,-1.558969787566535e-28,6.371321974296425e-63,-1.558969787566535e-28
0.25722222222222224,0.10540998003336594,-3.0945900199666343,1.5265566588595902e-16,-0.0,9.923243037811151e+17,6.336148583092563e-33,-1.558969787566535e-28,6.37313294734451e-63,-1.558969787566535e-28
0.2577777777777777,0.10540472873393425,-3.094595271266066,1.6653345369377348e-16,-0.0,9.925271454110222e+17,6.334853671702058e-33,-1.558969787566535e-28,6.3726058135187e-63,-1.558969787566535e-28
0.2583333333333333,0.10539961656033114,-3.094600383439669,1.942890293094024e-16,4.440892098500626e-16,9.927246528655561e+17,6.333593321392383e-33,-1.558969787566535e-28,6.370781667874862e-63,-1.558969787566535e-28
0.2588888888888889,0.10539463983546588,-3.0946053601645342,1.8041124150158794e-16,4.440892098500626e-16,9.929169650490836e+17,6.332366605358726e-33,-1.558969787566535e-28,6.369101963957855e-63,-1.558969787566535e-28
0.2594444444444444,0.10538979497897044,-3.09461020502103,1.5265566588595902e-16,-4.440892098500626e-16,9.931042173204803e+17,6.331172621878074e-33,-1.558969787566535e-28,6.3718054615597e-63,-1.558969787566535e-28
0.26,0.10538507850467937,-3.094614921495321,1.942890293094024e-16,-0.0,9.932865415798701e+17,6.330010493618868e-33,-1.558969787566535e-28,6.373176780685637e-63,-1.558969787566535e-28
0.26055555555555554,0.10538048701817393,-3.094619512981826,1.8041124150158794e-16,4.440892098500626e-16,9.934640663534382e+17,6.328879366970597e-33,-1.558969787566535e-28,6.372347847951139e-63,-1.558969787566535e-28
0.2611111111111111,0.10537601721438955,-3.0946239827856106,1.6653345369377348e-16,-0.0,9.93636916876356e+17,6.327778411390747e-33,-1.558969787566535e-28,6.373557011886046e-63,-1.558969787566535e-28
0.26166666666666666,0.10537166587528429,-3.094628334124716,1.6653345369377348e-16,-0.0,9.938052151738372e+17,6.32670681877149e-33,-1.558969787566535e-28,6.371007404840943e-63,-1.558969787566535e-28
0.26222222222222225,0.10536742986756775,-3.0946325701324326,1.6653345369377348e-16,-0.0,9.939690801403496e+17,6.325663802824877e-33,-1.558969787566535e-28,6.368815081586063e-63,-1.558969787566535e-28
0.2627777777777777,0.10536330614048711,-3.094636693859513,1.3877787807814457e-16,4.440892098500626e-16,9.941286276170772e+17,6.324648598483744e-33,-1.558969787566535e-28,6.369201521206557e-63,-1.558969787566535e-28
0.2633333333333333,0.10535929172367009,-3.09464070827633,2.0816681711721685e-16,-0.0,9.942839704676184e+17,6.323660461320685e-33,-1.558969787566535e-28,6.367729325954744e-63,-1.558969787566535e-28
0.2638888888888889,0.10535538372502362,-3.0946446162749766,1.942890293094024e-16,4.440892098500626e-16,9.944352186519213e+17,6.322698666982434e-33,-1.558969787566535e-28,6.367784655698606e-63,-1.558969787566535e-28
0.2644444444444444,0.10535157932868683,-3.094648420671313,1.942890293094024e-16,4.440892098500626e-16,9.945824792985544e+17,6.321762510642015e-33,-1.558969787566535e-28,6.367906503640155e-63,-1.558969787566535e-28
0.265,0.10534787579303645,-3.094652124206964,1.3877787807814457e-16,-0.0,9.947258567752696e+17,6.320851306463494e-33,-1.558969787566535e-28,6.367409675118201e-63,-1.558969787566535e-28
0.26555555555555554,0.10534427044874395,-3.0946557295512562,1.5265566588595902e-16,4.440892098500626e-16,9.948654527579596e+17,6.319964387084425e-33,-1.558969787566535e-28,6.365994455063745e-63,-1.558969787566535e-28
0.26611111111111113,0.10534076069688231,-3.094659239303118,1.6653345369377348e-16,4.440892098500626e-16,9.95001366297991e+17,6.319101103111341e-33,-1.558969787566535e-28,6.370175666128207e-63,-1.558969787566535e-28
0.26666666666666666,0.10533734400708222,-3.094662655992918,1.942890293094024e-16,4.440892098500626e-16,9.951336938879718e+17,6.318260822629482e-33,-1.558969787566535e-28,6.36841570382654e-63,-1.558969787566535e-28
0.26722222222222214,0.1053340179157366,-3.0946659820842637,1.5265566588595902e-16,-0.0,9.952625295259302e+17,6.317442930726963e-33,-1.558969787566535e-28,6.365459105701506e-63,-1.558969787566535e-28
0.2677777777777777,0.10533078002425,-3.09466921997575,1.5265566588595902e-16,4.440892098500626e-16,9.953879647780588e+17,6.316646829030953e-33,-1.558969787566535e-28,6.363651231133058e-63,-1.558969787566535e-28
0.2683333333333333,0.10532762799733314,-3.094672372002667,1.249000902703301e-16,-0.0,9.955100888399567e+17,6.315871935258582e-33,-1.558969787566535e-28,6.363782373168137e-63,-1.558969787566535e-28
0.2688888888888889,0.10532455956134262,-3.0946754404386576,1.5265566588595902e-16,-0.0,9.956289885964063e+17,6.315117682777484e-33,-1.558969787566535e-28,6.363822032045464e-63,-1.558969787566535e-28
0.26944444444444443,0.10532157250266311,-3.094678427497337,1.5265566588595902e-16,-0.0,9.957447486797236e+17,6.314383520181957e-33,-1.558969787566535e-28,6.361809695210152e-63,-1.558969787566535e-28
0.27,0.10531866466613188,-3.0946813353338682,1.6653345369377348e-16,4.440892098500626e-16,9.958574515267205e+17,6.313668910878518e-33,-1.558969787566535e-28,6.359897380225974e-63,-1.558969787566535e-28
0.27055555555555555,0.10531583395350391,-3.094684166046496,1.1102230246251565e-16,4.440892098500626e-16,9.959671774342971e+17,6.31297333268366e-33,-1.558969787566535e-28,6.358994296553483e-63,-1.558969787566535e-28
0.27111111111111114,0.10531307832195758,-3.0946869216780426,1.3877787807814457e-16,4.440892098500626e-16,9.960740046136897e+17,6.312296277433192e-33,-1.558969787566535e-28,6.358641584969228e-63,-1.558969787566535e-28
0.27166666666666667,0.10531039578263912,-3.0946896042173613,1.5265566588595902e-16,4.440892098500626e-16,9.961780092433807e+17,6.311637250601827e-33,-1.558969787566535e-28,6.362027893921078e-63,-1.558969787566535e-28
0.27222222222222214,0.1053077843992436,-3.0946922156007566,1.942890293094024e-16,4.440892098500626e-16,9.962792655208198e+17,6.310995770933856e-33,-1.558969787566535e-28,6.362828004329433e-63,-1.558969787566535e-28
0.27277777777777773,0.10530524228663302,-3.094694757713367,1.1102230246251565e-16,4.440892098500626e-16,9.963778457128443e+17,6.31037137008261e-33,-1.558969787566535e-28,6.359941136963374e-63,-1.558969787566535e-28
0.2733333333333333,0.10530276760949142,-3.0946972323905086,1.6653345369377348e-16,4.440892098500626e-16,9.964738202048815e+17,6.309763592261934e-33,-1.558969787566535e-28,6.360221397003609e-63,-1.558969787566535e-28
0.2738888888888889,0.10530035858101372,-3.0946996414189867,2.0816681711721685e-16,4.440892098500626e-16,9.965672575489389e+17,6.30917199390544e-33,-1.558969787566535e-28,6.358917671518237e-63,-1.558969787566535e-28
0.27444444444444444,0.10529801346162987,-3.0947019865383703,1.942890293094024e-16,4.440892098500626e-16,9.966582245104308e+17,6.308596143336323e-33,-1.558969787566535e-28,6.359640672347197e-63,-1.558969787566535e-28
0.275,0.10529573055776242,-3.0947042694422375,1.6653345369377348e-16,4.440892098500626e-16,9.967467861138346e+17,6.308035620445825e-33,-1.558969787566535e-28,6.359818475373315e-63,-1.558969787566535e-28
0.27555555555555555,0.10529350822061662,-3.0947064917793834,1.1102230246251565e-16,4.440892098500626e-16,9.968330056872124e+17,6.307490016380819e-33,-1.558969787566535e-28,6.359329177616893e-63,-1.558969787566535e-28
0.2761111111111111,0.10529134484500063,-3.0947086551549994,1.5265566588595902e-16,4.440892098500626e-16,9.969169449057061e+17,6.306958933239582e-33,-1.558969787566535e-28,6.357916894867413e-63,-1.558969787566535e-28
0.27666666666666667,0.10528923886817637,-3.094710761131824,1.942890293094024e-16,-0.0,9.969986638339514e+17,6.306441983775977e-33,-1.558969787566535e-28,6.359224767852309e-63,-1.558969787566535e-28
0.27722222222222215,0.10528718876874177,-3.0947128112312585,1.5265566588595902e-16,-0.0,9.970782209674054e+17,6.305938791111644e-33,-1.558969787566535e-28,6.357736511871223e-63,-1.558969787566535e-28
0.27777777777777773,0.10528519306554174,-3.0947148069344586,1.249000902703301e-16,-0.0,9.971556732726708e+17,6.3054489884567e-33,-1.558969787566535e-28,6.356644725438631e-63,-1.558969787566535e-28
0.2783333333333333,0.10528325031660735,-3.0947167496833927,1.6653345369377348e-16,4.440892098500626e-16,9.972310762268146e+17,6.30497221883701e-33,-1.558969787566535e-28,6.358261987828121e-63,-1.558969787566535e-28
0.2788888888888889,0.1052813591181242,-3.094718640881876,1.3877787807814457e-16,4.440892098500626e-16,9.973044838556531e+17,6.304508134830552e-33,-1.558969787566535e-28,6.359321273894077e-63,-1.558969787566535e-28
0.27944444444444444,0.10527951810342673,-3.0947204818965734,1.249000902703301e-16,-0.0,9.973759487711512e+17,6.304056398309716e-33,-1.558969787566535e-28,6.356199574198873e-63,-1.558969787566535e-28
0.28,0.10527772594201734,-3.094722274057983,1.5265566588595902e-16,4.440892098500626e-16,9.97445522207914e+17,6.303616680190311e-33,-1.558969787566535e-28,6.356167646990917e-63,-1.558969787566535e-28
0.28055555555555556,0.10527598133861249,-3.094724018661388,1.6653345369377348e-16,-0.0,9.975132540587315e+17,6.303188660188791e-33,-1.558969787566535e-28,6.358160783841173e-63,-1.558969787566535e-28
0.2811111111111111,0.1052742830322142,-3.094725716967786,2.498001805406602e-16,4.440892098500626e-16,9.975791929092227e+17,6.302772026584475e-33,-1.558969787566535e-28,6.359130578440732e-63,-1.558969787566535e-28
0.2816666666666667,0.10527262979520496,-3.094727370204795,1.6653345369377348e-16,4.440892098500626e-16,9.976433860716215e+17,6.302366475990069e-33,-1.558969787566535e-28,6.357979743499553e-63,-1.558969787566535e-28
0.28222222222222215,0.10527102043246872,-3.0947289795675315,1.6653345369377348e-16,4.440892098500626e-16,9.977058796176724e+17,6.301971713126829e-33,-1.558969787566535e-28,6.355707238887033e-63,-1.558969787566535e-28
0.28277777777777774,0.10526945378053254,-3.0947305462194676,1.6653345369377348e-16,4.440892098500626e-16,9.977667184107264e+17,6.301587450607615e-33,-1.558969787566535e-28,6.353048655752397e-63,-1.558969787566535e-28
0.2833333333333333,0.10526792870673057,-3.0947320712932695,1.6653345369377348e-16,4.440892098500626e-16,9.978259461370839e+17,6.30121340872322e-33,-1.558969787566535e-28,6.353183473735502e-63,-1.558969787566535e-28
0.2838888888888889,0.10526644410839042,-3.09473355589161,1.942890293094024e-16,-0.0,9.978836053365128e+17,6.300849315237233e-33,-1.558969787566535e-28,6.353827839768885e-63,-1.558969787566535e-28
0.28444444444444444,0.10526499891204139,-3.0947350010879586,1.3877787807814457e-16,4.440892098500626e-16,9.979397374319677e+17,6.300494905184149e-33,-1.558969787566535e-28,6.353166051620019e-63,-1.558969787566535e-28
0.285,0.10526359207264341,-3.094736407927357,1.6653345369377348e-16,-0.0,9.979943827585847e+17,6.300149920675351e-33,-1.558969787566535e-28,6.35370504681495e-63,-1.558969787566535e-28
0.28555555555555556,0.1052622225728373,-3.094737777427163,1.249000902703301e-16,4.440892098500626e-16,9.980475805918616e+17,6.299814110708287e-33,-1.558969787566535e-28,6.351272301760364e-63,-1.558969787566535e-28
0.2861111111111111,0.10526088942221307,-3.094739110577787,1.5265566588595902e-16,8.881784197001252e-16,9.980993691752311e+17,6.299487230982318e-33,-1.558969787566535e-28,6.35294132239278e-63,-1.558969787566535e-28
0.2866666666666667,0.10525959165659682,-3.0947404083434034,1.5265566588595902e-16,4.440892098500626e-16,9.981497857469181e+17,6.299169043718191e-33,-1.558969787566535e-28,6.353698331420993e-63,-1.558969787566535e-28
0.28722222222222216,0.1052583283373576,-3.094741671662643,1.6653345369377348e-16,-0.0,9.981988665660977e+17,6.298859317483149e-33,-1.558969787566535e-28,6.354818890788967e-63,-1.558969787566535e-28
0.28777777777777774,0.10525709855073234,-3.094742901449268,1.1102230246251565e-16,4.440892098500626e-16,9.98246646938368e+17,6.298557827020799e-33,-1.558969787566535e-28,6.354826756901801e-63,-1.558969787566535e-28
0.28833333333333333,0.10525590140716978,-3.0947440985928303,1.3877787807814457e-16,4.440892098500626e-16,9.982931612405541e+17,6.298264353085983e-33,-1.558969787566535e-28,6.3548624588939e-63,-1.558969787566535e-28
0.28888888888888886,0.10525473604069041,-3.0947452639593096,1.6653345369377348e-16,4.440892098500626e-16,9.983384429448916e+17,6.297978682283447e-33,-1.558969787566535e-28,6.353675357545734e-63,-1.558969787566535e-28
0.28944444444444445,0.1052536016082623,-3.094746398391738,1.942890293094024e-16,8.881784197001252e-16,9.983825246426554e+17,6.297700606910443e-33,-1.558969787566535e-28,6.353098395264884e-63,-1.558969787566535e-28
0.29,0.10525249728919406,-3.0947475027108062,1.1102230246251565e-16,-0.0,9.984254380671493e+17,6.297429924805336e-33,-1.558969787566535e-28,6.35193939186455e-63,-1.558969787566535e-28
0.29055555555555557,0.10525142228454448,-3.0947485777154555,2.220446049250313e-16,4.440892098500626e-16,9.984672141160934e+17,6.297166439197594e-33,-1.558969787566535e-28,6.352491816368228e-63,-1.558969787566535e-28
0.2911111111111111,0.10525037581654711,-3.094749624183453,1.5265566588595902e-16,4.440892098500626e-16,9.98507882873408e+17,6.296909958564687e-33,-1.558969787566535e-28,6.353410238229759e-63,-1.558969787566535e-28
0.2916666666666667,0.105249357128052,-3.094750642871948,1.942890293094024e-16,8.881784197001252e-16,9.985474736304508e+17,6.296660296491662e-33,-1.558969787566535e-28,6.353995826791312e-63,-1.558969787566535e-28
0.29222222222222216,0.10524836548197847,-3.0947516345180217,1.8041124150158794e-16,4.440892098500626e-16,9.985860149067592e+17,6.296417271533688e-33,-1.558969787566535e-28,6.355720952248208e-63,-1.558969787566535e-28
0.29277777777777775,0.10524740016078404,-3.0947525998392162,1.6653345369377348e-16,-0.0,9.986235344702561e+17,6.296180707083314e-33,-1.558969787566535e-28,6.355096269408295e-63,-1.558969787566535e-28
0.29333333333333333,0.10524646046594743,-3.094753539534053,1.5265566588595902e-16,4.440892098500626e-16,9.98660059356903e+17,6.29595043124066e-33,-1.558969787566535e-28,6.354523672307483e-63,-1.558969787566535e-28
0.29388888888888887,0.10524554571746603,-3.0947544542825343,1.3877787807814457e-16,-0.0,9.98695615889821e+17,6.29572627668832e-33,-1.558969787566535e-28,6.35559509816657e-63,-1.558969787566535e-28
0.29444444444444445,0.10524465525336657,-3.0947553447466336,1.6653345369377348e-16,4.440892098500626e-16,9.987302296979238e+17,6.295508080568125e-33,-1.558969787566535e-28,6.356689365902817e-63,-1.558969787566535e-28
0.295,0.10524378842922666,-3.0947562115707736,1.249000902703301e-16,-0.0,9.987639257341381e+17,6.295295684362386e-33,-1.558969787566535e-28,6.356259883493214e-63,-1.558969787566535e-28
0.29555555555555557,0.10524294461771005,-3.0947570553822903,1.5265566588595902e-16,-0.0,9.987967282931365e+17,6.29508893377718e-33,-1.558969787566535e-28,6.356693619960129e-63,-1.558969787566535e-28
0.2961111111111111,0.10524212320811427,-3.0947578767918857,1.942890293094024e-16,4.440892098500626e-16,9.98828661028573e+17,6.294887678629666e-33,-1.558969787566535e-28,6.36007946669891e-63,-1.558969787566535e-28
0.2966666666666667,0.10524132360593119,-3.094758676394069,1.6653345369377348e-16,4.440892098500626e-16,9.988597469698565e+17,6.294691772738662e-33,-1.558969787566535e-28,6.360061143219955e-63,-1.558969787566535e-28
0.29722222222222217,0.10524054523241894,-3.094759454767581,1.942890293094024e-16,4.440892098500626e-16,9.988900085385068e+17,6.294501073817286e-33,-1.558969787566535e-28,6.359330968390796e-63,-1.558969787566535e-28
0.29777777777777775,0.10523978752418273,-3.0947602124758173,2.0816681711721685e-16,4.440892098500626e-16,9.989194675641499e+17,6.294315443369021e-33,-1.558969787566535e-28,6.358393541418192e-63,-1.558969787566535e-28
0.29833333333333334,0.10523904993276867,-3.0947609500672315,1.942890293094024e-16,-0.0,9.989481453000558e+17,6.294134746586366e-33,-1.558969787566535e-28,6.357463118771998e-63,-1.558969787566535e-28
0.29888888888888887,0.10523833192426818,-3.094761668075732,1.8041124150158794e-16,-4.440892098500626e-16,9.989760624382611e+17,6.293958852251926e-33,-1.558969787566535e-28,6.356956219276148e-63,-1.558969787566535e-28
0.29944444444444446,0.10523763297893407,-3.094762367021066,1.6653345369377348e-16,4.440892098500626e-16,9.990032391242568e+17,6.293787632643405e-33,-1.558969787566535e-28,6.357496504167357e-63,-1.558969787566535e-28
0.3,0.10523695259080484,-3.094763047409195,1.942890293094024e-16,4.440892098500626e-16,9.990296949713656e+17,6.293620963440143e-33,-1.558969787566535e-28,6.355946923169916e-63,-1.558969787566535e-28
0.3005555555555556,0.10523629026733844,-3.094763709732662,1.5265566588595902e-16,4.440892098500626e-16,9.990554490747662e+17,6.293458723631237e-33,-1.558969787566535e-28,6.354709457065315e-63,-1.558969787566535e-28
0.3011111111111111,0.10523564552905729,-3.094764354470943,1.8041124150158794e-16,4.440892098500626e-16,9.990805200251007e+17,6.293300795428374e-33,-1.558969787566535e-28,6.354596774554137e-63,-1.558969787566535e-28
0.30166666666666664,0.10523501790920237,-3.0947649820907976,1.5265566588595902e-16,4.440892098500626e-16,9.99104925921715e+17,6.293147064178948e-33,-1.558969787566535e-28,6.354372800036193e-63,-1.558969787566535e-28
0.30222222222222217,0.10523440695339742,-3.0947655930466027,1.5265566588595902e-16,4.440892098500626e-16,9.991286843855511e+17,6.292997418283136e-33,-1.558969787566535e-28,6.355225824591439e-63,-1.558969787566535e-28
0.30277777777777776,0.10523381221931938,-3.0947661877806807,1.8041124150158794e-16,4.440892098500626e-16,9.991518125717759e+17,6.292851749112235e-33,-1.558969787566535e-28,6.354379566018423e-63,-1.558969787566535e-28
0.30333333333333334,0.10523323327637868,-3.0947667667236214,2.220446049250313e-16,-0.0,9.991743271820532e+17,6.292709950928736e-33,-1.558969787566535e-28,6.357479139791123e-63,-1.558969787566535e-28
0.3038888888888889,0.10523266970540879,-3.0947673302945913,2.0816681711721685e-16,4.440892098500626e-16,9.991962444764572e+17,6.292571920809595e-33,-1.558969787566535e-28,6.357920675667825e-63,-1.558969787566535e-28
0.30444444444444446,0.10523212109836483,-3.0947678789016355,2.3592239273284576e-16,-0.0,9.992175802850552e+17,6.292437558571873e-33,-1.558969787566535e-28,6.357504549968887e-63,-1.558969787566535e-28
0.305,0.10523158705802749,-3.094768412941973,9.71445146547012e-17,-0.0,9.992383500192621e+17,6.292306766698623e-33,-1.558969787566535e-28,6.357624871930502e-63,-1.558969787566535e-28
0.3055555555555556,0.10523106719771619,-3.094768932802284,1.8041124150158794e-16,-0.0,9.992585686828988e+17,6.292179450268287e-33,-1.558969787566535e-28,6.356802763104708e-63,-1.558969787566535e-28
0.3061111111111111,0.10523056114100904,-3.0947694388589913,1.6653345369377348e-16,-0.0,9.99278250882907e+17,6.292055516884973e-33,-1.558969787566535e-28,6.356873216088228e-63,-1.558969787566535e-28
0.3066666666666666,0.10523006852147271,-3.0947699314785275,1.249000902703301e-16,4.440892098500626e-16,9.992974108397769e+17,6.291934876612047e-33,-1.558969787566535e-28,6.356670628949366e-63,-1.558969787566535e-28
0.3072222222222222,0.10522958898239715,-3.094770411017603,1.942890293094024e-16,4.440892098500626e-16,9.993160623977416e+17,6.291817441905992e-33,-1.558969787566535e-28,6.355440836141547e-63,-1.558969787566535e-28
0.30777777777777776,0.10522912217653663,-3.0947708778234637,1.6653345369377348e-16,4.440892098500626e-16,9.993342190347224e+17,6.2917031275524e-33,-1.558969787566535e-28,6.357573098121759e-63,-1.558969787566535e-28
0.30833333333333335,0.10522866776585948,-3.094771332234141,2.0816681711721685e-16,4.440892098500626e-16,9.993518938719923e+17,6.291591850604192e-33,-1.558969787566535e-28,6.359449847978133e-63,-1.558969787566535e-28
0.3088888888888889,0.10522822542130411,-3.094771774578696,2.0816681711721685e-16,4.440892098500626e-16,9.993690996835428e+17,6.29148353032118e-33,-1.558969787566535e-28,6.360258871366887e-63,-1.558969787566535e-28
0.30944444444444447,0.10522779482254174,-3.0947722051774584,1.6653345369377348e-16,4.440892098500626e-16,9.993858489052342e+17,6.291378088111293e-33,-1.558969787566535e-28,6.360419294056686e-63,-1.558969787566535e-28
0.31,0.1052273756577436,-3.0947726243422564,9.71445146547012e-17,4.440892098500626e-16,9.994021536437644e+17,6.29127544747325e-33,-1.558969787566535e-28,6.361686419610182e-63,-1.558969787566535e-28
0.31055555555555553,0.1052269676233557,-3.0947730323766445,1.249000902703301e-16,-0.0,9.994180256853481e+17,6.291175533940713e-33,-1.558969787566535e-28,6.361752566577587e-63,-1.558969787566535e-28
0.3111111111111111,0.10522657042388006,-3.09477342957612,1.3877787807814457e-16,4.440892098500626e-16,9.994334765041393e+17,6.291078275028045e-33,-1.558969787566535e-28,6.359002375004414e-63,-1.558969787566535e-28
0.3116666666666666,0.10522618377166137,-3.0947738162283387,1.3877787807814457e-16,-0.0,9.994485172704659e+17,6.290983600178278e-33,-1.558969787566535e-28,6.358397717045903e-63,-1.558969787566535e-28
0.3122222222222222,0.1052258073866782,-3.094774192613322,1.942890293094024e-16,4.440892098500626e-16,9.994631588588827e+17,6.290891440710631e-33,-1.558969787566535e-28,6.3579129487649e-63,-1.558969787566535e-28
0.31277777777777777,0.10522544099633996,-3.0947745590036604,1.6653345369377348e-16,-0.0,9.99477411855989e+17,6.290801729771279e-33,-1.558969787566535e-28,6.357785282054064e-63,-1.558969787566535e-28
0.31333333333333335,0.10522508433529149,-3.0947749156647086,1.249000902703301e-16,-0.0,9.994912865679905e+17,6.29071440228442e-33,-1.558969787566535e-28,6.35616633659372e-63,-1.558969787566535e-28
0.3138888888888889,0.10522473714522068,-3.0947752628547796,1.5265566588595902e-16,4.440892098500626e-16,9.995047930281085e+17,6.290629394904875e-33,-1.558969787566535e-28,6.353886783243948e-63,-1.558969787566535e-28
0.31444444444444447,0.10522439917467086,-3.0947756008253293,1.6653345369377348e-16,4.440892098500626e-16,9.995179410038208e+17,6.290546645972491e-33,-1.558969787566535e-28,6.354880275990274e-63,-1.558969787566535e-28
0.315,0.10522407017885893,-3.0947759298211412,1.249000902703301e-16,-0.0,9.995307400038883e+17,6.290466095466493e-33,-1.558969787566535e-28,6.35568321420544e-63,-1.558969787566535e-28
0.31555555555555553,0.10522374991949962,-3.0947762500805007,1.6653345369377348e-16,-0.0,9.995431992851473e+17,6.290387684962158e-33,-1.558969787566535e-28,6.355733648787352e-63,-1.558969787566535e-28
0.3161111111111111,0.10522343816463237,-3.094776561835368,5.551115123125783e-17,-4.440892098500626e-16,9.995553278591763e+17,6.290311357588858e-33,-1.558969787566535e-28,6.354884691111836e-63,-1.558969787566535e-28
0.3166666666666666,0.10522313468845351,-3.094776865311547,1.6653345369377348e-16,4.440892098500626e-16,9.99567134498815e+17,6.290237057987583e-33,-1.558969787566535e-28,6.351942133956603e-63,-1.558969787566535e-28
0.3172222222222222,0.10522283927115211,-3.094777160728848,1.1102230246251565e-16,-0.0,9.995786277444579e+17,6.290164732271957e-33,-1.558969787566535e-28,6.351937623669128e-63,-1.558969787566535e-28
0.31777777777777777,0.105222551698753,-3.0947774483012473,1.6653345369377348e-16,4.440892098500626e-16,9.995898159101723e+17,6.290094327987766e-33,-1.558969787566535e-28,6.350166730118103e-63,-1.558969787566535e-28
0.31833333333333336,0.10522227176296056,-3.0947777282370397,1.5265566588595902e-16,-0.0,9.996007070896957e+17,6.290025794076232e-33,-1.558969787566535e-28,6.351281699158395e-63,-1.558969787566535e-28
0.3188888888888889,0.10522199926100806,-3.0947780007389922,1.6653345369377348e-16,-0.0,9.996113091622892e+17,6.289959080835267e-33,-1.558969787566535e-28,6.351501536143531e-63,-1.558969787566535e-28
0.3194444444444444,0.10522173399551088,-3.0947782660044894,1.249000902703301e-16,-0.0,9.996216297983951e+17,6.289894139884742e-33,-1.558969787566535e-28,6.353045634103358e-63,-1.558969787566535e-28
0.32,0.10522147577432489,-3.094778524225675,1.6653345369377348e-16,4.440892098500626e-16,9.996316764651283e+17,6.289830924130708e-33,-1.558969787566535e-28,6.351346888155463e-63,-1.558969787566535e-28
0.32055555555555554,0.10522122441040638,-3.0947787755895937,2.0816681711721685e-16,8.881784197001252e-16,9.996414564316818e+17,6.289769387731058e-33,-1.558969787566535e-28,6.350918495730421e-63,-1.558969787566535e-28
0.3211111111111111,0.10522097972167632,-3.094779020278324,1.6653345369377348e-16,4.440892098500626e-16,9.996509767745807e+17,6.289709486062707e-33,-1.558969787566535e-28,6.353123376353359e-63,-1.558969787566535e-28
0.3216666666666666,0.10522074153088956,-3.0947792584691105,1.6653345369377348e-16,4.440892098500626e-16,9.996602443827589e+17,6.289651175688354e-33,-1.558969787566535e-28,6.35181260104126e-63,-1.558969787566535e-28
0.3222222222222222,0.10522050966550667,-3.0947794903344934,1.5265566588595902e-16,-0.0,9.996692659624968e+17,6.289594414326007e-33,-1.558969787566535e-28,6.350854795136692e-63,-1.558969787566535e-28
0.3227777777777778,0.10522028395756838,-3.094779716042432,1.942890293094024e-16,-0.0,9.996780480422971e+17,6.289539160816917e-33,-1.558969787566535e-28,6.352396419373518e-63,-1.558969787566535e-28
0.3233333333333333,0.10522006424357372,-3.0947799357564265,1.5265566588595902e-16,-0.0,9.996865969775903e+17,6.28948537509701e-33,-1.558969787566535e-28,6.349615801344922e-63,-1.558969787566535e-28
0.3238888888888889,0.1052198503643631,-3.0947801496356373,1.8041124150158794e-16,4.440892098500626e-16,9.99694918955279e+17,6.289433018166795e-33,-1.558969787566535e-28,6.350463700936546e-63,-1.558969787566535e-28
0.3244444444444444,0.10521964216500213,-3.094780357834998,9.71445146547012e-17,8.881784197001252e-16,9.997030199982121e+17,6.289382052063881e-33,-1.558969787566535e-28,6.352093607470036e-63,-1.558969787566535e-28
0.325,0.10521943949466961,-3.0947805605053307,1.8041124150158794e-16,-0.0,9.997109059695557e+17,6.28933243983479e-33,-1.558969787566535e-28,6.349275085636178e-63,-1.558969787566535e-28
0.32555555555555554,0.10521924220654794,-3.094780757793452,1.8041124150158794e-16,8.881784197001252e-16,9.997185825769988e+17,6.289284145507662e-33,-1.558969787566535e-28,6.348880961259696e-63,-1.558969787566535e-28
0.3261111111111111,0.10521905015771815,-3.0947809498422822,1.3877787807814457e-16,-4.440892098500626e-16,9.997260553768497e+17,6.289237134067643e-33,-1.558969787566535e-28,6.350734750314173e-63,-1.558969787566535e-28
0.3266666666666666,0.10521886320905544,-3.0947811367909446,1.249000902703301e-16,8.881784197001252e-16,9.997333297780765e+17,6.289191371429625e-33,-1.558969787566535e-28,6.351625334148775e-63,-1.558969787566535e-28
0.3272222222222222,0.10521868122512829,-3.094781318774872,1.6653345369377348e-16,-0.0,9.997404110462116e+17,6.289146824415332e-33,-1.558969787566535e-28,6.352005820549814e-63,-1.558969787566535e-28
0.3277777777777778,0.1052185040741011,-3.0947814959258992,1.5265566588595902e-16,-0.0,9.997473043071203e+17,6.289103460727584e-33,-1.558969787566535e-28,6.350095699039158e-63,-1.558969787566535e-28
0.3283333333333333,0.10521833162763883,-3.0947816683723612,1.5265566588595902e-16,-0.0,9.997540145507109e+17,6.289061248927947e-33,-1.558969787566535e-28,6.35092872093378e-63,-1.558969787566535e-28
0.3288888888888889,0.10521816376081328,-3.094781836239187,1.3877787807814457e-16,-0.0,9.997605466345556e+17,6.289020158413229e-33,-1.558969787566535e-28,6.350178654286374e-63,-1.558969787566535e-28
0.32944444444444443,0.10521800035201312,-3.094781999647987,1.5265566588595902e-16,4.440892098500626e-16,9.997669052873843e+17,6.288980159393859e-33,-1.558969787566535e-28,6.347194864603176e-63,-1.558969787566535e-28
0.33,0.10521784128285633,-3.094782158717144,1.5265566588595902e-16,4.440892098500626e-16,9.997730951124762e+17,6.288941222871735e-33,-1.558969787566535e-28,6.346638756046177e-63,-1.558969787566535e-28
0.33055555555555555,0.10521768643810381,-3.0947823135618964,1.1102230246251565e-16,4.440892098500626e-16,9.997791205910094e+17,6.288903320619589e-33,-1.558969787566535e-28,6.347688277497518e-63,-1.558969787566535e-28
0.3311111111111111,0.1052175357055759,-3.094782464294424,1.6653345369377348e-16,4.440892098500626e-16,9.997849860853061e+17,6.28886642516001e-33,-1.558969787566535e-28,6.34485891036667e-63,-1.558969787566535e-28
0.3316666666666666,0.1052173889760718,-3.0947826110239283,1.5265566588595902e-16,4.440892098500626e-16,9.997906958419406e+17,6.288830509745974e-33,-1.558969787566535e-28,6.344073603105173e-63,-1.558969787566535e-28
0.3322222222222222,0.10521724614329026,-3.09478275385671,1.5265566588595902e-16,-0.0,9.997962539948348e+17,6.288795548341313e-33,-1.558969787566535e-28,6.345652675839655e-63,-1.558969787566535e-28
0.3327777777777778,0.1052171071037521,-3.094782892896248,1.8041124150158794e-16,4.440892098500626e-16,9.998016645682508e+17,6.288761515601334e-33,-1.558969787566535e-28,6.343181280778004e-63,-1.558969787566535e-28
0.3333333333333333,0.10521697175672584,-3.0947830282432744,2.220446049250313e-16,4.440892098500626e-16,9.998069314796797e+17,6.288728386855261e-33,-1.558969787566535e-28,6.342373810448874e-63,-1.558969787566535e-28
0.3338888888888889,0.10521684000415488,-3.0947831599958455,1.5265566588595902e-16,-0.0,9.99812058542664e+17,6.288696138087936e-33,-1.558969787566535e-28,6.341662412610189e-63,-1.558969787566535e-28
0.33444444444444443,0.10521671175058617,-3.094783288249414,2.3592239273284576e-16,-0.0,9.9981704946958e+17,6.288664745921904e-33,-1.558969787566535e-28,6.343116651944328e-63,-1.558969787566535e-28
0.335,0.10521658690310065,-3.0947834130968994,1.942890293094024e-16,4.440892098500626e-16,9.998219078743066e+17,6.288634187601187e-33,-1.558969787566535e-28,6.342519725857111e-63,-1.558969787566535e-28
0.33555555555555555,0.10521646537124729,-3.094783534628753,1.6653345369377348e-16,4.440892098500626e-16,9.998266372748183e+17,6.288604440974436e-33,-1.558969787566535e-28,6.341910654807926e-63,-1.558969787566535e-28
0.3361111111111111,0.10521634706697647,-3.0947836529330237,1.3877787807814457e-16,-0.0,9.998312410957513e+17,6.288575484479068e-33,-1.558969787566535e-28,6.341382610868938e-63,-1.558969787566535e-28
0.3366666666666666,0.10521623190457619,-3.094783768095424,1.3877787807814457e-16,4.440892098500626e-16,9.998357226708828e+17,6.288547297124869e-33,-1.558969787566535e-28,6.341119581460862e-63,-1.558969787566535e-28
0.3372222222222222,0.10521611980061085,-3.0947838801993894,1.1102230246251565e-16,4.440892098500626e-16,9.998400852455071e+17,6.288519858480203e-33,-1.558969787566535e-28,6.341695358907377e-63,-1.558969787566535e-28
0.3377777777777778,0.10521601067386038,-3.0947839893261397,1.8041124150158794e-16,4.440892098500626e-16,9.99844331978805e+17,6.288493148655698e-33,-1.558969787566535e-28,6.341827751984059e-63,-1.558969787566535e-28
0.3383333333333333,0.10521590444526085,-3.0947840955547394,1.942890293094024e-16,-0.0,9.998484659461356e+17,6.288467148290544e-33,-1.558969787566535e-28,6.339951630786886e-63,-1.558969787566535e-28
0.3388888888888889,0.10521580103784806,-3.0947841989621523,1.1102230246251565e-16,-0.0,9.998524901412367e+17,6.288441838538431e-33,-1.558969787566535e-28,6.339213839436531e-63,-1.558969787566535e-28
0.33944444444444444,0.10521570037670191,-3.0947842996232984,2.0816681711721685e-16,4.440892098500626e-16,9.998564074783951e+17,6.28841720105375e-33,-1.558969787566535e-28,6.340673775262123e-63,-1.558969787566535e-28
0.34,0.105215602388891,-3.094784397611109,1.6653345369377348e-16,4.440892098500626e-16,9.998602207945645e+17,6.288393217978435e-33,-1.558969787566535e-28,6.343392590555374e-63,-1.558969787566535e-28
0.34055555555555556,0.1052155070034208,-3.0947844929965793,1.5265566588595902e-16,4.440892098500626e-16,9.998639328514138e+17,6.288369871928694e-33,-1.558969787566535e-28,6.34293400854852e-63,-1.558969787566535e-28
0.34111111111111103,0.10521541415118235,-3.0947845858488177,1.1102230246251565e-16,4.440892098500626e-16,9.998675463373e+17,6.288347145982759e-33,-1.558969787566535e-28,6.343836348133016e-63,-1.558969787566535e-28
0.3416666666666666,0.1052153237649015,-3.094784676235099,1.6653345369377348e-16,-0.0,9.99871063869248e+17,6.288325023668422e-33,-1.558969787566535e-28,6.342890782758112e-63,-1.558969787566535e-28
0.3422222222222222,0.10521523577909025,-3.09478476422091,1.5265566588595902e-16,-0.0,9.998744879948252e+17,6.28830348895105e-33,-1.558969787566535e-28,6.344505526986836e-63,-1.558969787566535e-28
0.3427777777777778,0.10521515013000027,-3.09478484987,1.5265566588595902e-16,-0.0,9.998778211939699e+17,6.288282526222021e-33,-1.558969787566535e-28,6.34464429927367e-63,-1.558969787566535e-28
0.3433333333333333,0.10521506675557551,-3.0947849332444246,1.3877787807814457e-16,4.440892098500626e-16,9.998810658808116e+17,6.288262120287456e-33,-1.558969787566535e-28,6.346511172924843e-63,-1.558969787566535e-28
0.3438888888888889,0.10521498559540698,-3.094785014404593,1.5265566588595902e-16,4.440892098500626e-16,9.998842244054435e+17,6.288242256356927e-33,-1.558969787566535e-28,6.344450788546704e-63,-1.558969787566535e-28
0.34444444444444444,0.10521490659069294,-3.0947850934093073,1.6653345369377348e-16,8.881784197001252e-16,9.998872990554551e+17,6.288222920033439e-33,-1.558969787566535e-28,6.343081247706907e-63,-1.558969787566535e-28
0.345,0.10521482968419094,-3.0947851703158094,2.636779683484747e-16,4.440892098500626e-16,9.998902920578079e+17,6.288204097302501e-33,-1.558969787566535e-28,6.339851402648441e-63,-1.558969787566535e-28
0.34555555555555556,0.10521475482017562,-3.094785245179825,1.6653345369377348e-16,4.440892098500626e-16,9.998932055804536e+17,6.288185774520683e-33,-1.558969787566535e-28,6.342494781833749e-63,-1.558969787566535e-28
0.34611111111111104,0.10521468194440775,-3.0947853180555924,1.249000902703301e-16,4.440892098500626e-16,9.998960417335741e+17,6.288167938408785e-33,-1.558969787566535e-28,6.341453107490907e-63,-1.558969787566535e-28
0.3466666666666666,0.1052146110040848,-3.0947853889959154,1.8041124150158794e-16,-0.0,9.998988025714708e+17,6.288150576039521e-33,-1.558969787566535e-28,6.344042682009815e-63,-1.558969787566535e-28
0.3472222222222222,0.10521454194780427,-3.094785458052196,1.942890293094024e-16,4.440892098500626e-16,9.999014900939922e+17,6.288133674828181e-33,-1.558969787566535e-28,6.343671814034728e-63,-1.558969787566535e-28
0.3477777777777778,0.10521447472553414,-3.094785525274466,1.6653345369377348e-16,4.440892098500626e-16,9.999041062476945e+17,6.288117222526383e-33,-1.558969787566535e-28,6.344337560025741e-63,-1.558969787566535e-28
0.34833333333333333,0.10521440928856751,-3.0947855907114326,1.942890293094024e-16,4.440892098500626e-16,9.999066529276e+17,6.288101207209624e-33,-1.558969787566535e-28,6.345829483230022e-63,-1.558969787566535e-28
0.3488888888888889,0.10521434558948939,-3.0947856544105106,1.5265566588595902e-16,4.440892098500626e-16,9.999091319784812e+17,6.288085617270131e-33,-1.558969787566535e-28,6.347105686430824e-63,-1.558969787566535e-28
0.34944444444444445,0.1052142835821488,-3.094785716417851,1.8041124150158794e-16,8.881784197001252e-16,9.99911545195958e+17,6.2880704414096e-33,-1.558969787566535e-28,6.34490967854162e-63,-1.558969787566535e-28
0.35,0.10521422322161689,-3.0947857767783833,1.942890293094024e-16,4.440892098500626e-16,9.999138943281085e+17,6.288055668629187e-33,-1.558969787566535e-28,6.343275849485265e-63,-1.558969787566535e-28
0.3505555555555555,0.10521416446415677,-3.0947858355358435,1.3877787807814457e-16,-0.0,9.999161810766522e+17,6.28804128822171e-33,-1.558969787566535e-28,6.344008490676395e-63,-1.558969787566535e-28
0.35111111111111104,0.10521410726719743,-3.0947858927328027,1.5265566588595902e-16,4.440892098500626e-16,9.999184070979695e+17,6.288027289765578e-33,-1.558969787566535e-28,6.346482470397432e-63,-1.558969787566535e-28
0.3516666666666666,0.10521405158929531,-3.094785948410705,2.498001805406602e-16,4.440892098500626e-16,9.999205740045836e+17,6.288013663115295e-33,-1.558969787566535e-28,6.349099540346108e-63,-1.558969787566535e-28
0.3522222222222222,0.10521399739010606,-3.094786002609894,1.5265566588595902e-16,4.440892098500626e-16,9.999226833662492e+17,6.288000398394759e-33,-1.558969787566535e-28,6.347000024771303e-63,-1.558969787566535e-28
0.3527777777777778,0.10521394463036099,-3.094786055369639,1.1102230246251565e-16,-0.0,9.999247367109033e+17,6.287987485990993e-33,-1.558969787566535e-28,6.344842445759225e-63,-1.558969787566535e-28
0.35333333333333333,0.10521389327183156,-3.0947861067281686,1.942890293094024e-16,-0.0,9.999267355260163e+17,6.28797491654574e-33,-1.558969787566535e-28,6.344155152196944e-63,-1.558969787566535e-28
0.35388888888888886,0.10521384327730299,-3.094786156722697,2.0816681711721685e-16,4.440892098500626e-16,9.999286812596138e+17,6.287962680948928e-33,-1.558969787566535e-28,6.34477923645217e-63,-1.558969787566535e-28
0.35444444444444445,0.10521379461055258,-3.0947862053894477,1.6653345369377348e-16,-0.0,9.999305753211393e+17,6.287950770333933e-33,-1.558969787566535e-28,6.345981554607116e-63,-1.558969787566535e-28
0.355,0.10521374723631738,-3.094786252763683,1.942890293094024e-16,-0.0,9.999324190827066e+17,6.287939176068364e-33,-1.558969787566535e-28,6.348038208508349e-63,-1.558969787566535e-28
0.3555555555555555,0.1052137011202694,-3.094786298879731,1.1102230246251565e-16,4.440892098500626e-16,9.999342138800489e+17,6.28792788974932e-33,-1.558969787566535e-28,6.347206727558955e-63,-1.558969787566535e-28
0.35611111111111104,0.10521365622899598,-3.094786343771004,1.1102230246251565e-16,4.440892098500626e-16,9.999359610133051e+17,6.287916903197846e-33,-1.558969787566535e-28,6.34747122197791e-63,-1.558969787566535e-28
0.35666666666666663,0.10521361252996958,-3.0947863874700308,1.3877787807814457e-16,-0.0,9.999376617481718e+17,6.287906208451687e-33,-1.558969787566535e-28,6.34428678897515e-63,-1.558969787566535e-28
0.3572222222222222,0.10521356999152526,-3.094786430008475,2.636779683484747e-16,4.440892098500626e-16,9.999393173167974e+17,6.287895797759566e-33,-1.558969787566535e-28,6.34265883736115e-63,-1.558969787566535e-28
0.35777777777777775,0.10521352858284183,-3.0947864714171582,1.1102230246251565e-16,4.440892098500626e-16,9.99940928918484e+17,6.287885663577511e-33,-1.558969787566535e-28,6.343701298322111e-63,-1.558969787566535e-28
0.35833333333333334,0.10521348827391558,-3.0947865117260847,1.5265566588595902e-16,-0.0,9.999424977207688e+17,6.287875798560905e-33,-1.558969787566535e-28,6.342219945276587e-63,-1.558969787566535e-28
0.35888888888888887,0.10521344903553753,-3.0947865509644625,1.249000902703301e-16,-0.0,9.999440248602394e+17,6.287866195560092e-33,-1.558969787566535e-28,6.339839167589478e-63,-1.558969787566535e-28
0.35944444444444446,0.10521341083927777,-3.0947865891607225,1.3877787807814457e-16,-0.0,9.999455114431919e+17,6.287856847616003e-33,-1.558969787566535e-28,6.340314157759296e-63,-1.558969787566535e-28
0.36,0.10521337365745992,-3.09478662634254,2.0816681711721685e-16,4.440892098500626e-16,9.99946958546601e+17,6.287847747954247e-33,-1.558969787566535e-28,6.34273688079913e-63,-1.558969787566535e-28
0.3605555555555555,0.10521333746314093,-3.094786662536859,2.0816681711721685e-16,4.440892098500626e-16,9.999483672189075e+17,6.287838889979934e-33,-1.558969787566535e-28,6.338480672058961e-63,-1.558969787566535e-28
0.36111111111111105,0.105213302230096,-3.094786697769904,1.249000902703301e-16,4.440892098500626e-16,9.999497384806112e+17,6.287830267273818e-33,-1.558969787566535e-28,6.338050961297194e-63,-1.558969787566535e-28
0.36166666666666664,0.10521326793279623,-3.094786732067204,1.8041124150158794e-16,8.881784197001252e-16,9.999510733251485e+17,6.287821873587209e-33,-1.558969787566535e-28,6.33954544237276e-63,-1.558969787566535e-28
0.3622222222222222,0.10521323454638842,-3.0947867654536116,9.71445146547012e-17,4.440892098500626e-16,9.999523727196454e+17,6.287813702836957e-33,-1.558969787566535e-28,6.339593894127233e-63,-1.558969787566535e-28
0.36277777777777775,0.10521320204668233,-3.0947867979533177,1.6653345369377348e-16,4.440892098500626e-16,9.999536376054591e+17,6.287805749101884e-33,-1.558969787566535e-28,6.341697230592471e-63,-1.558969787566535e-28
0.36333333333333334,0.10521317041012923,-3.094786829589871,2.3592239273284576e-16,4.440892098500626e-16,9.999548688989679e+17,6.287798006618038e-33,-1.558969787566535e-28,6.341114107044982e-63,-1.558969787566535e-28
0.3638888888888889,0.10521313961380413,-3.094786860386196,2.220446049250313e-16,-0.0,9.999560674922866e+17,6.287790469774312e-33,-1.558969787566535e-28,6.340581591344103e-63,-1.558969787566535e-28
0.36444444444444446,0.10521310963539299,-3.094786890364607,1.6653345369377348e-16,4.440892098500626e-16,9.999572342537631e+17,6.287783133108874e-33,-1.558969787566535e-28,6.341052794584748e-63,-1.558969787566535e-28
0.365,0.10521308045317423,-3.094786919546826,1.5265566588595902e-16,4.440892098500626e-16,9.999583700286953e+17,6.287775991305043e-33,-1.558969787566535e-28,6.341298867272758e-63,-1.558969787566535e-28
0.3655555555555555,0.10521305204600145,-3.094786947953999,1.8041124150158794e-16,-0.0,9.999594756399999e+17,6.287769039187097e-33,-1.558969787566535e-28,6.339970690841496e-63,-1.558969787566535e-28
0.36611111111111105,0.10521302439329122,-3.094786975606709,1.5265566588595902e-16,4.440892098500626e-16,9.999605518886843e+17,6.287762271716958e-33,-1.558969787566535e-28,6.342132356086369e-63,-1.558969787566535e-28
0.36666666666666664,0.10521299747500729,-3.094787002524993,1.942890293094024e-16,4.440892098500626e-16,9.999615995544744e+17,6.287755683990531e-33,-1.558969787566535e-28,6.34165546149855e-63,-1.558969787566535e-28
0.3672222222222222,0.10521297127164364,-3.0947870287283568,2.0816681711721685e-16,4.440892098500626e-16,9.999626193964561e+17,6.287749271233585e-33,-1.558969787566535e-28,6.343096296011861e-63,-1.558969787566535e-28
0.36777777777777776,0.10521294576421353,-3.0947870542357867,1.6653345369377348e-16,4.440892098500626e-16,9.999636121535133e+17,6.28774302879899e-33,-1.558969787566535e-28,6.342068974579144e-63,-1.558969787566535e-28
0.36833333333333335,0.10521292093423507,-3.0947870790657652,9.71445146547012e-17,4.440892098500626e-16,9.999645785448891e+17,6.287736952163132e-33,-1.558969787566535e-28,6.342737364268154e-63,-1.558969787566535e-28
0.3688888888888889,0.10521289676371587,-3.094787103236284,1.8041124150158794e-16,4.440892098500626e-16,9.999655192707844e+17,6.287731036922252e-33,-1.558969787566535e-28,6.344425092095309e-63,-1.558969787566535e-28
0.36944444444444446,0.10521287323514156,-3.094787126764859,1.3877787807814457e-16,-0.0,9.999664350127832e+17,6.287725278789587e-33,-1.558969787566535e-28,6.341626655182888e-63,-1.558969787566535e-28
0.37,0.10521285033146427,-3.094787149668536,1.249000902703301e-16,-0.0,9.999673264343337e+17,6.287719673592684e-33,-1.558969787566535e-28,6.341797470023085e-63,-1.558969787566535e-28
0.3705555555555555,0.10521282803608745,-3.0947871719639126,1.5265566588595902e-16,4.440892098500626e-16,9.99968194181318e+17,6.287714217269289e-33,-1.558969787566535e-28,6.342836629036234e-63,-1.558969787566535e-28
0.37111111111111106,0.10521280633285535,-3.0947871936671447,1.6653345369377348e-16,4.440892098500626e-16,9.999690388824627e+17,6.28770890586538e-33,-1.558969787566535e-28,6.341615491580735e-63,-1.558969787566535e-28
0.37166666666666665,0.1052127852060426,-3.0947872147939575,1.5265566588595902e-16,4.440892098500626e-16,9.999698611497492e+17,6.287703735532306e-33,-1.558969787566535e-28,6.340301597891584e-63,-1.558969787566535e-28
0.37222222222222223,0.10521276464034035,-3.09478723535966,1.6653345369377348e-16,4.440892098500626e-16,9.999706615789533e+17,6.287698702522857e-33,-1.558969787566535e-28,6.33829593235318e-63,-1.558969787566535e-28
0.37277777777777776,0.10521274462084595,-3.0947872553791544,1.3877787807814457e-16,-0.0,9.999714407500416e+17,6.28769380318992e-33,-1.558969787566535e-28,6.339625199555183e-63,-1.558969787566535e-28
0.37333333333333335,0.10521272513305402,-3.0947872748669463,1.5265566588595902e-16,4.440892098500626e-16,9.999721992275263e+17,6.28768903398308e-33,-1.558969787566535e-28,6.337445748470582e-63,-1.558969787566535e-28
0.3738888888888889,0.1052127061628435,-3.0947872938371566,1.5265566588595902e-16,-0.0,9.999729375609586e+17,6.287684391446566e-33,-1.558969787566535e-28,6.337170320183848e-63,-1.558969787566535e-28
0.37444444444444447,0.1052126876964678,-3.0947873123035325,1.6653345369377348e-16,-0.0,9.99973656285323e+17,6.287679872215499e-33,-1.558969787566535e-28,6.339820159308135e-63,-1.558969787566535e-28
0.375,0.1052126697205466,-3.0947873302794537,1.1102230246251565e-16,-0.0,9.999743559213466e+17,6.287675473015354e-33,-1.558969787566535e-28,6.340389571635941e-63,-1.558969787566535e-28
0.3755555555555555,0.10521265222205473,-3.0947873477779453,1.942890293094024e-16,-0.0,9.999750369759456e+17,6.287671190658205e-33,-1.558969787566535e-28,6.341311698574463e-63,-1.558969787566535e-28
0.37611111111111106,0.10521263518831181,-3.0947873648116886,1.8041124150158794e-16,-0.0,9.999756999426048e+17,6.28766702204049e-33,-1.558969787566535e-28,6.340300715314685e-63,-1.558969787566535e-28
0.37666666666666665,0.10521261860697545,-3.094787381393025,1.8041124150158794e-16,-0.0,9.999763453016673e+17,6.287662964141578e-33,-1.558969787566535e-28,6.33936064843503e-63,-1.558969787566535e-28
0.37722222222222224,0.10521260246603098,-3.094787397533969,1.1102230246251565e-16,4.440892098500626e-16,9.999769735207178e+17,6.287659014020918e-33,-1.558969787566535e-28,6.336263325129138e-63,-1.558969787566535e-28
0.37777777777777777,0.10521258675378209,-3.094787413246218,9.71445146547012e-17,4.440892098500626e-16,9.999775850549596e+17,6.287655168815973e-33,-1.558969787566535e-28,6.335277478100803e-63,-1.558969787566535e-28
0.37833333333333335,0.10521257145884355,-3.0947874285411565,1.5265566588595902e-16,4.440892098500626e-16,9.999781803474848e+17,6.287651425740172e-33,-1.558969787566535e-28,6.334789277360045e-63,-1.558969787566535e-28
0.3788888888888889,0.1052125565701329,-3.0947874434298672,1.249000902703301e-16,-0.0,9.999787598295994e+17,6.287647782081293e-33,-1.558969787566535e-28,6.334175954473233e-63,-1.558969787566535e-28
0.3794444444444444,0.10521254207686137,-3.0947874579231387,1.942890293094024e-16,8.881784197001252e-16,9.999793239211905e+17,6.287644235198608e-33,-1.558969787566535e-28,6.335607122161064e-63,-1.558969787566535e-28
0.37999999999999995,0.10521252796852659,-3.0947874720314736,1.3877787807814457e-16,-0.0,9.999798730309871e+17,6.28764078252217e-33,-1.558969787566535e-28,6.335363364522023e-63,-1.558969787566535e-28
0.3805555555555555,0.10521251423490624,-3.094787485765094,1.5265566588595902e-16,-0.0,9.999804075568344e+17,6.28763742154977e-33,-1.558969787566535e-28,6.332673104131249e-63,-1.558969787566535e-28
0.38111111111111107,0.10521250086604844,-3.0947874991339517,1.6653345369377348e-16,-0.0,9.999809278860428e+17,6.287634149846043e-33,-1.558969787566535e-28,6.330646499936695e-63,-1.558969787566535e-28
0.38166666666666665,0.10521248785226561,-3.0947875121477346,1.6653345369377348e-16,8.881784197001252e-16,9.999814343956413e+17,6.2876309650397e-33,-1.558969787566535e-28,6.330074026826823e-63,-1.558969787566535e-28
0.38222222222222224,0.1052124751841283,-3.094787524815872,1.249000902703301e-16,4.440892098500626e-16,9.99981927452611e+17,6.287627864823433e-33,-1.558969787566535e-28,6.329850218076824e-63,-1.558969787566535e-28
0.3827777777777778,0.10521246285245706,-3.094787537147543,1.942890293094024e-16,4.440892098500626e-16,9.999824074142115e+17,6.287624846950441e-33,-1.558969787566535e-28,6.331246707513234e-63,-1.558969787566535e-28
0.38333333333333336,0.10521245084831565,-3.0947875491516843,2.0816681711721685e-16,4.440892098500626e-16,9.99982874628226e+17,6.287621909233791e-33,-1.558969787566535e-28,6.332654031101788e-63,-1.558969787566535e-28
0.3838888888888889,0.10521243916300604,-3.094787560836994,1.249000902703301e-16,4.440892098500626e-16,9.999833294331727e+17,6.287619049544549e-33,-1.558969787566535e-28,6.332762074988956e-63,-1.558969787566535e-28
0.3844444444444444,0.10521242778806122,-3.094787572211939,1.5265566588595902e-16,-0.0,9.999837721585868e+17,6.287616265810617e-33,-1.558969787566535e-28,6.331590330731821e-63,-1.558969787566535e-28
0.38499999999999995,0.10521241671523812,-3.094787583284762,1.249000902703301e-16,4.440892098500626e-16,9.999842031252769e+17,6.287613556014583e-33,-1.558969787566535e-28,6.331515982623535e-63,-1.558969787566535e-28
0.3855555555555555,0.10521240593651349,-3.0947875940634866,1.249000902703301e-16,4.440892098500626e-16,9.99984622645504e+17,6.287610918192927e-33,-1.558969787566535e-28,6.330099863932287e-63,-1.558969787566535e-28
0.38611111111111107,0.10521239544407723,-3.094787604555923,2.0816681711721685e-16,8.881784197001252e-16,9.999850310232332e+17,6.28760835043422e-33,-1.558969787566535e-28,6.325371387955578e-63,-1.558969787566535e-28
0.38666666666666666,0.10521238523032583,-3.0947876147696745,1.249000902703301e-16,-0.0,9.999854285543808e+17,6.287605850877707e-33,-1.558969787566535e-28,6.325485859498821e-63,-1.558969787566535e-28
0.38722222222222225,0.10521237528785837,-3.0947876247121417,1.249000902703301e-16,4.440892098500626e-16,9.999858155269952e+17,6.28760341771187e-33,-1.558969787566535e-28,6.330139549382222e-63,-1.558969787566535e-28
0.3877777777777778,0.10521236560947073,-3.0947876343905296,1.5265566588595902e-16,-0.0,9.999861922214547e+17,6.287601049173889e-33,-1.558969787566535e-28,6.332317806250092e-63,-1.558969787566535e-28
0.3883333333333333,0.10521235618814961,-3.0947876438118507,1.6653345369377348e-16,-0.0,9.999865589107123e+17,6.287598743547149e-33,-1.558969787566535e-28,6.331741665197071e-63,-1.558969787566535e-28
0.3888888888888889,0.10521234701706783,-3.0947876529829323,1.8041124150158794e-16,-0.0,9.999869158604806e+17,6.287596499160875e-33,-1.558969787566535e-28,6.330280450871399e-63,-1.558969787566535e-28
0.3894444444444444,0.10521233808958036,-3.09478766191042,1.942890293094024e-16,4.440892098500626e-16,9.999872633293814e+17,6.287594314388702e-33,-1.558969787566535e-28,6.330195608523091e-63,-1.558969787566535e-28
0.38999999999999996,0.1052123293992181,-3.094787670600782,1.8041124150158794e-16,4.440892098500626e-16,9.999876015691901e+17,6.28759218764761e-33,-1.558969787566535e-28,6.325821652644723e-63,-1.558969787566535e-28
0.3905555555555555,0.10521232093968352,-3.0947876790603166,1.942890293094024e-16,4.440892098500626e-16,9.999879308250053e+17,6.287590117396393e-33,-1.558969787566535e-28,6.325354893557445e-63,-1.558969787566535e-28
0.3911111111111111,0.10521231270484693,-3.0947876872951534,1.3877787807814457e-16,-0.0,9.99988251335392e+17,6.287588102134776e-33,-1.558969787566535e-28,6.326343921704905e-63,-1.558969787566535e-28
0.39166666666666666,0.10521230468874149,-3.0947876953112585,1.6653345369377348e-16,8.881784197001252e-16,9.999885633325843e+17,6.287586140402427e-33,-1.558969787566535e-28,6.328141582506101e-63,-1.558969787566535e-28
0.3922222222222222,0.10521229688555817,-3.094787703114442,1.6653345369377348e-16,4.440892098500626e-16,9.999888670426647e+17,6.287584230777887e-33,-1.558969787566535e-28,6.330491910082596e-63,-1.558969787566535e-28
0.3927777777777778,0.10521228928964271,-3.0947877107103574,1.5265566588595902e-16,4.440892098500626e-16,9.999891626856968e+17,6.287582371877315e-33,-1.558969787566535e-28,6.330558246936742e-63,-1.558969787566535e-28
0.3933333333333333,0.10521228189548942,-3.0947877181045107,9.71445146547012e-17,8.881784197001252e-16,9.999894504759622e+17,6.287580562353147e-33,-1.558969787566535e-28,6.330168125821742e-63,-1.558969787566535e-28
0.3938888888888889,0.10521227469774563,-3.0947877253022544,1.5265566588595902e-16,4.440892098500626e-16,9.999897306217929e+17,6.287578800895712e-33,-1.558969787566535e-28,6.328968038527659e-63,-1.558969787566535e-28
0.39444444444444443,0.10521226769118891,-3.094787732308811,1.8041124150158794e-16,4.440892098500626e-16,9.999900033264408e+17,6.287577086226525e-33,-1.558969787566535e-28,6.32944850686249e-63,-1.558969787566535e-28
0.39499999999999996,0.10521226087074659,-3.0947877391292535,1.249000902703301e-16,-0.0,9.99990268787334e+17,6.287575417104536e-33,-1.558969787566535e-28,6.331454017152648e-63,-1.558969787566535e-28
0.3955555555555555,0.10521225423147695,-3.094787745768523,1.6653345369377348e-16,4.440892098500626e-16,9.999905271968104e+17,6.287573792320068e-33,-1.558969787566535e-28,6.331553706393811e-63,-1.558969787566535e-28
0.3961111111111111,0.1052122477685642,-3.094787752231436,1.3877787807814457e-16,4.440892098500626e-16,9.999907787422976e+17,6.287572210694625e-33,-1.558969787566535e-28,6.329626841450702e-63,-1.558969787566535e-28
0.39666666666666667,0.10521224147733016,-3.09478775852267,1.3877787807814457e-16,-0.0,9.999910236058729e+17,6.2875706710834e-33,-1.558969787566535e-28,6.330106877114599e-63,-1.558969787566535e-28
0.3972222222222222,0.10521223535321511,-3.094787764646785,1.5265566588595902e-16,-0.0,9.999912619650035e+17,6.287569172370448e-33,-1.558969787566535e-28,6.335977422906236e-63,-1.558969787566535e-28
0.3977777777777778,0.10521222939177788,-3.0947877706082223,1.8041124150158794e-16,8.881784197001252e-16,9.999914939925408e+17,6.287567713468686e-33,-1.558969787566535e-28,6.335303756017319e-63,-1.558969787566535e-28
0.3983333333333333,0.10521222358870347,-3.0947877764112968,1.8041124150158794e-16,4.440892098500626e-16,9.999917198564244e+17,6.287566293322575e-33,-1.558969787566535e-28,6.334527023236297e-63,-1.558969787566535e-28
0.3988888888888889,0.10521221793978475,-3.0947877820602154,1.942890293094024e-16,4.440892098500626e-16,9.999919397203999e+17,6.287564910902134e-33,-1.558969787566535e-28,6.335359997754636e-63,-1.558969787566535e-28
0.39944444444444444,0.10521221244092632,-3.0947877875590737,1.1102230246251565e-16,-0.0,9.99992153743857e+17,6.287563565205258e-33,-1.558969787566535e-28,6.336890362855197e-63,-1.558969787566535e-28
0.39999999999999997,0.10521220708814799,-3.0947877929118524,1.3877787807814457e-16,-0.0,9.999923620817161e+17,6.287562255257721e-33,-1.558969787566535e-28,6.336586954086977e-63,-1.558969787566535e-28
0.4005555555555555,0.10521220187756791,-3.0947877981224323,1.5265566588595902e-16,-0.0,9.999925648850546e+17,6.287560980109606e-33,-1.558969787566535e-28,6.338500927918496e-63,-1.558969787566535e-28
0.4011111111111111,0.10521219680540994,-3.09478780319459,1.5265566588595902e-16,4.440892098500626e-16,9.999927623008426e+17,6.287559738836728e-33,-1.558969787566535e-28,6.341260175627001e-63,-1.558969787566535e-28
0.40166666666666667,0.10521219186800207,-3.094787808131998,1.8041124150158794e-16,8.881784197001252e-16,9.999929544719988e+17,6.287558530540545e-33,-1.558969787566535e-28,6.343957221703319e-63,-1.558969787566535e-28
0.4022222222222222,0.105212187061763,-3.0947878129382373,1.6653345369377348e-16,-0.0,9.999931415379071e+17,6.28755735434477e-33,-1.558969787566535e-28,6.341177135665424e-63,-1.558969787566535e-28
0.4027777777777778,0.105212182383211,-3.094787817616789,1.5265566588595902e-16,4.440892098500626e-16,9.999933236340795e+17,6.287556209396969e-33,-1.558969787566535e-28,6.338962438018118e-63,-1.558969787566535e-28
0.4033333333333333,0.10521217782895814,-3.094787822171042,1.3877787807814457e-16,-0.0,9.999935008923776e+17,6.287555094868214e-33,-1.558969787566535e-28,6.338903287735454e-63,-1.558969787566535e-28
0.4038888888888889,0.10521217339570077,-3.0947878266042994,1.6653345369377348e-16,4.440892098500626e-16,9.99993673441383e+17,6.287554009949944e-33,-1.558969787566535e-28,6.337812054310168e-63,-1.558969787566535e-28
0.4044444444444444,0.10521216908022846,-3.094787830919772,2.220446049250313e-16,-0.0,9.999938414060468e+17,6.287552953856567e-33,-1.558969787566535e-28,6.336886319100217e-63,-1.558969787566535e-28
0.40499999999999997,0.1052121648794152,-3.094787835120585,1.942890293094024e-16,4.440892098500626e-16,9.999940049080325e+17,6.287551925822949e-33,-1.558969787566535e-28,6.336413893559786e-63,-1.558969787566535e-28
0.4055555555555555,0.10521216079021367,-3.0947878392097863,1.3877787807814457e-16,4.440892098500626e-16,9.999941640659461e+17,6.287550925103531e-33,-1.558969787566535e-28,6.333916623102189e-63,-1.558969787566535e-28
0.4061111111111111,0.10521215680966367,-3.0947878431903364,2.220446049250313e-16,4.440892098500626e-16,9.999943189950071e+17,6.287549950973658e-33,-1.558969787566535e-28,6.332796800655466e-63,-1.558969787566535e-28
0.4066666666666667,0.10521215293488062,-3.0947878470651196,1.6653345369377348e-16,-0.0,9.999944698074756e+17,6.28754900272753e-33,-1.558969787566535e-28,6.335059271349257e-63,-1.558969787566535e-28
0.4072222222222222,0.10521214916305421,-3.094787850836946,1.5265566588595902e-16,-0.0,9.999946166127378e+17,6.287548079677219e-33,-1.558969787566535e-28,6.330503835898605e-63,-1.558969787566535e-28
0.4077777777777778,0.1052121454914543,-3.094787854508546,1.249000902703301e-16,4.440892098500626e-16,9.999947595170513e+17,6.287547181154724e-33,-1.558969787566535e-28,6.328111950462133e-63,-1.558969787566535e-28
0.4083333333333333,0.1052121419174194,-3.0947878580825807,9.71445146547012e-17,8.881784197001252e-16,9.999948986240041e+17,6.28754630650866e-33,-1.558969787566535e-28,6.32826285803382e-63,-1.558969787566535e-28
0.4088888888888889,0.10521213843835808,-3.094787861561642,1.6653345369377348e-16,-0.0,9.999950340344608e+17,6.287545455105072e-33,-1.558969787566535e-28,6.327375639543925e-63,-1.558969787566535e-28
0.4094444444444444,0.10521213505175203,-3.0947878649482483,1.8041124150158794e-16,-0.0,9.999951658464308e+17,6.287544626327335e-33,-1.558969787566535e-28,6.323818428158379e-63,-1.558969787566535e-28
0.4099999999999999,0.10521213175514549,-3.094787868244855,1.5265566588595902e-16,4.440892098500626e-16,9.999952941554953e+17,6.287543819574373e-33,-1.558969787566535e-28,6.320630924827314e-63,-1.558969787566535e-28
0.4105555555555555,0.1052121285461492,-3.094787871453851,1.3877787807814457e-16,-0.0,9.999954190546486e+17,6.287543034262e-33,-1.558969787566535e-28,6.321935428753889e-63,-1.558969787566535e-28
0.4111111111111111,0.10521212542244013,-3.09478787457756,1.6653345369377348e-16,4.440892098500626e-16,9.999955406343063e+17,6.287542269821306e-33,-1.558969787566535e-28,6.323071671104759e-63,-1.558969787566535e-28
0.4116666666666667,0.10521212238175254,-3.0947878776182476,1.6653345369377348e-16,4.440892098500626e-16,9.999956589826514e+17,6.28754152569777e-33,-1.558969787566535e-28,6.319090015533465e-63,-1.558969787566535e-28
0.4122222222222222,0.10521211942188352,-3.094787880578117,1.6653345369377348e-16,-0.0,9.999957741854235e+17,6.287540801352596e-33,-1.558969787566535e-28,6.31963771183767e-63,-1.558969787566535e-28
0.4127777777777778,0.10521211654068985,-3.0947878834593103,1.6653345369377348e-16,4.440892098500626e-16,9.999958863260399e+17,6.287540096260927e-33,-1.558969787566535e-28,6.321121493091128e-63,-1.558969787566535e-28
0.41333333333333333,0.10521211373608147,-3.094787886263919,1.942890293094024e-16,4.440892098500626e-16,9.999959954858484e+17,6.287539409911489e-33,-1.558969787566535e-28,6.321543525732475e-63,-1.558969787566535e-28
0.41388888888888886,0.10521211100602729,-3.094787888993973,1.6653345369377348e-16,4.440892098500626e-16,9.99996101743899e+17,6.287538741807215e-33,-1.558969787566535e-28,6.323018443474587e-63,-1.558969787566535e-28
0.4144444444444444,0.10521210834854983,-3.09478789165145,1.5265566588595902e-16,4.440892098500626e-16,9.999962051771593e+17,6.287538091464083e-33,-1.558969787566535e-28,6.324614672978137e-63,-1.558969787566535e-28
0.4149999999999999,0.1052121057617213,-3.0947878942382787,1.5265566588595902e-16,-0.0,9.999963058606611e+17,6.28753745841049e-33,-1.558969787566535e-28,6.323828540193837e-63,-1.558969787566535e-28
0.4155555555555555,0.10521210324366909,-3.094787896756331,1.942890293094024e-16,-0.0,9.999964038672904e+17,6.287536842187882e-33,-1.558969787566535e-28,6.324627090583014e-63,-1.558969787566535e-28
0.4161111111111111,0.10521210079256837,-3.094787899207432,1.942890293094024e-16,-0.0,9.999964992680672e+17,6.287536242349944e-33,-1.558969787566535e-28,6.327101283677706e-63,-1.558969787566535e-28
0.4166666666666667,0.10521209840664142,-3.094787901593359,1.5265566588595902e-16,4.440892098500626e-16,9.999965921321844e+17,6.287535658461353e-33,-1.558969787566535e-28,6.326482117450473e-63,-1.558969787566535e-28
0.4172222222222222,0.10521209608416132,-3.094787903915839,1.249000902703301e-16,4.440892098500626e-16,9.999966825268564e+17,6.287535090099737e-33,-1.558969787566535e-28,6.330250907503424e-63,-1.558969787566535e-28
0.4177777777777778,0.10521209382344443,-3.0947879061765557,1.8041124150158794e-16,-0.0,9.999967705176157e+17,6.287534536853008e-33,-1.558969787566535e-28,6.334883951499727e-63,-1.558969787566535e-28
0.41833333333333333,0.10521209162285156,-3.094787908377149,1.5265566588595902e-16,-0.0,9.99996856168255e+17,6.287533998319975e-33,-1.558969787566535e-28,6.33564343323204e-63,-1.558969787566535e-28
0.41888888888888887,0.10521208948079003,-3.09478791051921,1.8041124150158794e-16,-0.0,9.99996939540769e+17,6.287533474110883e-33,-1.558969787566535e-28,6.336518440393176e-63,-1.558969787566535e-28
0.4194444444444444,0.10521208739570626,-3.094787912604294,1.8041124150158794e-16,-0.0,9.999970206956216e+17,6.287532963845447e-33,-1.558969787566535e-28,6.33751702987589e-63,-1.558969787566535e-28
0.41999999999999993,0.10521208536608923,-3.094787914633911,1.6653345369377348e-16,4.440892098500626e-16,9.999970996916247e+17,6.287532467154023e-33,-1.558969787566535e-28,6.34045966688824e-63,-1.558969787566535e-28
0.4205555555555555,0.10521208339046961,-3.0947879166095307,1.6653345369377348e-16,4.440892098500626e-16,9.999971765859665e+17,6.287531983676965e-33,-1.558969787566535e-28,6.342239856845691e-63,-1.558969787566535e-28
0.4211111111111111,0.10521208146741434,-3.0947879185325857,1.8041124150158794e-16,4.440892098500626e-16,9.999972514344238e+17,6.287531513063657e-33,-1.558969787566535e-28,6.342032157339386e-63,-1.558969787566535e-28
0.4216666666666667,0.10521207959553042,-3.0947879204044697,1.8041124150158794e-16,4.440892098500626e-16,9.999973242912145e+17,6.287531054973043e-33,-1.558969787566535e-28,6.343566521720484e-63,-1.558969787566535e-28
0.4222222222222222,0.1052120777734622,-3.094787922226538,1.249000902703301e-16,-0.0,9.999973952090986e+17,6.287530609073539e-33,-1.558969787566535e-28,6.341875276501066e-63,-1.558969787566535e-28
0.42277777777777775,0.10521207599988797,-3.094787924000112,1.8041124150158794e-16,4.440892098500626e-16,9.999974642395264e+17,6.287530175041421e-33,-1.558969787566535e-28,6.341995060282917e-63,-1.558969787566535e-28
0.42333333333333334,0.10521207427352358,-3.0947879257264765,2.0816681711721685e-16,4.440892098500626e-16,9.999975314324732e+17,6.287529752562708e-33,-1.558969787566535e-28,6.341219047012998e-63,-1.558969787566535e-28
0.42388888888888887,0.10521207259311816,-3.094787927406882,1.6653345369377348e-16,4.440892098500626e-16,9.999975968366226e+17,6.287529341331192e-33,-1.558969787566535e-28,6.339734469468817e-63,-1.558969787566535e-28
0.4244444444444444,0.10521207095745283,-3.0947879290425475,1.3877787807814457e-16,4.440892098500626e-16,9.999976604994185e+17,6.287528941048523e-33,-1.558969787566535e-28,6.335304060261946e-63,-1.558969787566535e-28
0.42499999999999993,0.10521206936534383,-3.094787930634656,2.498001805406602e-16,4.440892098500626e-16,9.999977224669394e+17,6.287528551425117e-33,-1.558969787566535e-28,6.335868302217829e-63,-1.558969787566535e-28
0.4255555555555555,0.10521206781563686,-3.094787932184363,1.942890293094024e-16,4.440892098500626e-16,9.999977827841009e+17,6.287528172178352e-33,-1.558969787566535e-28,6.335326793473193e-63,-1.558969787566535e-28
0.4261111111111111,0.10521206630720825,-3.0947879336927917,1.249000902703301e-16,4.440892098500626e-16,9.999978414946424e+17,6.287527803033469e-33,-1.558969787566535e-28,6.335761564752987e-63,-1.558969787566535e-28
0.42666666666666664,0.10521206483896628,-3.094787935161034,6.938893903907228e-17,-4.440892098500626e-16,9.999978986410572e+17,6.287527443723044e-33,-1.558969787566535e-28,6.335351954066794e-63,-1.558969787566535e-28
0.4272222222222222,0.1052120634098464,-3.0947879365901536,2.0816681711721685e-16,8.881784197001252e-16,9.999979542647859e+17,6.287527093986433e-33,-1.558969787566535e-28,6.33685036931046e-63,-1.558969787566535e-28
0.42777777777777776,0.10521206201881245,-3.0947879379811876,1.5265566588595902e-16,-0.0,9.999980084061431e+17,6.287526753570685e-33,-1.558969787566535e-28,6.336648353869581e-63,-1.558969787566535e-28
0.42833333333333334,0.10521206066485767,-3.0947879393351423,1.1102230246251565e-16,4.440892098500626e-16,9.9999806110432e+17,6.287526422228829e-33,-1.558969787566535e-28,6.334193090676224e-63,-1.558969787566535e-28
0.4288888888888888,0.10521205934700001,-3.094787940653,2.220446049250313e-16,4.440892098500626e-16,9.999981123975451e+17,6.287526099720688e-33,-1.558969787566535e-28,6.335994823460645e-63,-1.558969787566535e-28
0.4294444444444444,0.10521205806428457,-3.0947879419357154,1.3877787807814457e-16,8.881784197001252e-16,9.999981623229709e+17,6.28752578581261e-33,-1.558969787566535e-28,6.333220257127365e-63,-1.558969787566535e-28
0.42999999999999994,0.10521205681578266,-3.0947879431842176,1.249000902703301e-16,-0.0,9.99998210916755e+17,6.28752548027746e-33,-1.558969787566535e-28,6.330528192673052e-63,-1.558969787566535e-28
0.4305555555555555,0.10521205560058855,-3.0947879443994117,1.8041124150158794e-16,-0.0,9.999982582141485e+17,6.28752518289338e-33,-1.558969787566535e-28,6.329780872090098e-63,-1.558969787566535e-28
0.4311111111111111,0.10521205441782217,-3.094787945582178,6.938893903907228e-17,-0.0,9.999983042493961e+17,6.287524893445123e-33,-1.558969787566535e-28,6.329137694934365e-63,-1.558969787566535e-28
0.43166666666666664,0.10521205326662697,-3.094787946733373,1.8041124150158794e-16,-0.0,9.999983490558502e+17,6.287524611722978e-33,-1.558969787566535e-28,6.325507086225274e-63,-1.558969787566535e-28
0.43222222222222223,0.10521205214616758,-3.0947879478538325,1.6653345369377348e-16,4.440892098500626e-16,9.999983926660129e+17,6.287524337522512e-33,-1.558969787566535e-28,6.326269788545021e-63,-1.558969787566535e-28
0.43277777777777776,0.10521205105563308,-3.0947879489443673,1.5265566588595902e-16,-0.0,9.999984351114504e+17,6.287524070645362e-33,-1.558969787566535e-28,6.328404411907586e-63,-1.558969787566535e-28
0.43333333333333335,0.10521204999423306,-3.094787950005767,1.3877787807814457e-16,4.440892098500626e-16,9.999984764229265e+17,6.287523810898083e-33,-1.558969787566535e-28,6.328899227298505e-63,-1.558969787566535e-28
0.4338888888888888,0.10521204896119779,-3.0947879510388026,1.5265566588595902e-16,4.440892098500626e-16,9.999985166304012e+17,6.28752355809223e-33,-1.558969787566535e-28,6.32622414255659e-63,-1.558969787566535e-28
0.4344444444444444,0.10521204795577965,-3.0947879520442205,1.942890293094024e-16,4.440892098500626e-16,9.999985557629734e+17,6.287523312044905e-33,-1.558969787566535e-28,6.326320061093327e-63,-1.558969787566535e-28
0.43499999999999994,0.1052120469772494,-3.0947879530227507,1.5265566588595902e-16,4.440892098500626e-16,9.999985938490223e+17,6.28752307257767e-33,-1.558969787566535e-28,6.325728383197054e-63,-1.558969787566535e-28
0.43555555555555553,0.10521204602489792,-3.094787953975102,9.71445146547012e-17,4.440892098500626e-16,9.999986309161495e+17,6.287522839516917e-33,-1.558969787566535e-28,6.323219043419442e-63,-1.558969787566535e-28
0.4361111111111111,0.10521204509803594,-3.0947879549019643,1.942890293094024e-16,4.440892098500626e-16,9.999986669911896e+17,6.287522612693948e-33,-1.558969787566535e-28,6.322561475011639e-63,-1.558969787566535e-28
0.43666666666666665,0.10521204419599084,-3.0947879558040094,1.5265566588595902e-16,-0.0,9.999987021003104e+17,6.287522391944359e-33,-1.558969787566535e-28,6.322729025087662e-63,-1.558969787566535e-28
0.43722222222222223,0.1052120433181094,-3.0947879566818908,1.6653345369377348e-16,-0.0,9.999987362689444e+17,6.28752217710803e-33,-1.558969787566535e-28,6.320460206145005e-63,-1.558969787566535e-28
0.43777777777777777,0.10521204246375587,-3.0947879575362442,1.8041124150158794e-16,4.440892098500626e-16,9.999987695218331e+17,6.287521968029494e-33,-1.558969787566535e-28,6.320324877753758e-63,-1.558969787566535e-28
0.43833333333333335,0.10521204163231035,-3.09478795836769,1.942890293094024e-16,4.440892098500626e-16,9.999988018831048e+17,6.287521764557026e-33,-1.558969787566535e-28,6.318818048378497e-63,-1.558969787566535e-28
0.43888888888888883,0.10521204082317087,-3.0947879591768293,9.71445146547012e-17,4.440892098500626e-16,9.999988333761839e+17,6.28752156654329e-33,-1.558969787566535e-28,6.317294222170736e-63,-1.558969787566535e-28
0.4394444444444444,0.1052120400357513,-3.0947879599642487,1.1102230246251565e-16,4.440892098500626e-16,9.999988640238926e+17,6.287521373845054e-33,-1.558969787566535e-28,6.320479860736627e-63,-1.558969787566535e-28
0.43999999999999995,0.10521203926948042,-3.0947879607305198,1.3877787807814457e-16,4.440892098500626e-16,9.999988938484599e+17,6.287521186322215e-33,-1.558969787566535e-28,6.322260691359622e-63,-1.558969787566535e-28
0.44055555555555553,0.10521203852380356,-3.0947879614761966,1.8041124150158794e-16,4.440892098500626e-16,9.999989228714735e+17,6.287521003839139e-33,-1.558969787566535e-28,6.325245054396134e-63,-1.558969787566535e-28
0.4411111111111111,0.10521203779818017,-3.09478796220182,1.5265566588595902e-16,-0.0,9.999989511139708e+17,6.287520826263764e-33,-1.558969787566535e-28,6.328190095489316e-63,-1.558969787566535e-28
0.44166666666666665,0.10521203709208415,-3.0947879629079162,1.6653345369377348e-16,-0.0,9.999989785964315e+17,6.287520653466975e-33,-1.558969787566535e-28,6.326309283825181e-63,-1.558969787566535e-28
0.44222222222222224,0.10521203640500448,-3.0947879635949955,2.0816681711721685e-16,4.440892098500626e-16,9.999990053387453e+17,6.287520485323951e-33,-1.558969787566535e-28,6.324755764213573e-63,-1.558969787566535e-28
0.44277777777777777,0.10521203573644278,-3.094787964263557,1.942890293094024e-16,4.440892098500626e-16,9.999990313603075e+17,6.287520321712728e-33,-1.558969787566535e-28,6.323673171735469e-63,-1.558969787566535e-28
0.44333333333333336,0.10521203508591453,-3.0947879649140857,1.3877787807814457e-16,-0.0,9.999990566799754e+17,6.287520162514646e-33,-1.558969787566535e-28,6.322674898837394e-63,-1.558969787566535e-28
0.44388888888888883,0.10521203445294891,-3.0947879655470514,1.3877787807814457e-16,4.440892098500626e-16,9.999990813160785e+17,6.28752000761444e-33,-1.558969787566535e-28,6.321480736366074e-63,-1.558969787566535e-28
0.44444444444444436,0.10521203383708666,-3.0947879661629134,1.5265566588595902e-16,4.440892098500626e-16,9.999991052864901e+17,6.28751985689989e-33,-1.558969787566535e-28,6.320393759403437e-63,-1.558969787566535e-28
0.44499999999999995,0.10521203323788175,-3.0947879667621185,1.3877787807814457e-16,-0.0,9.999991286085693e+17,6.287519710261805e-33,-1.558969787566535e-28,6.319943811266713e-63,-1.558969787566535e-28
0.44555555555555554,0.1052120326549002,-3.0947879673451,1.1102230246251565e-16,-4.440892098500626e-16,9.999991512992082e+17,6.287519567593857e-33,-1.558969787566535e-28,6.31639427864433e-63,-1.558969787566535e-28
0.4461111111111111,0.10521203208771907,-3.094787967912281,1.5265566588595902e-16,4.440892098500626e-16,9.999991733748705e+17,6.287519428792489e-33,-1.558969787566535e-28,6.315431856586506e-63,-1.558969787566535e-28
0.44666666666666666,0.10521203153592779,-3.0947879684640722,1.5265566588595902e-16,4.440892098500626e-16,9.999991948515322e+17,6.287519293757446e-33,-1.558969787566535e-28,6.31767996415657e-63,-1.558969787566535e-28
0.44722222222222224,0.10521203099912646,-3.0947879690008735,1.3877787807814457e-16,4.440892098500626e-16,9.99999215744759e+17,6.287519162390804e-33,-1.558969787566535e-28,6.317907492184945e-63,-1.558969787566535e-28
0.4477777777777778,0.10521203047692568,-3.0947879695230744,8.326672684688674e-17,-0.0,9.999992360697065e+17,6.287519034597311e-33,-1.558969787566535e-28,6.316509519887532e-63,-1.558969787566535e-28
0.4483333333333333,0.10521202996894768,-3.0947879700310525,1.1102230246251565e-16,-0.0,9.999992558410822e+17,6.287518910284221e-33,-1.558969787566535e-28,6.31680172313099e-63,-1.558969787566535e-28
0.44888888888888884,0.10521202947482405,-3.094787970525176,1.5265566588595902e-16,4.440892098500626e-16,9.999992750732237e+17,6.287518789361738e-33,-1.558969787566535e-28,6.319851927608438e-63,-1.558969787566535e-28
0.44944444444444437,0.10521202899419657,-3.0947879710058035,1.5265566588595902e-16,-0.0,9.999992937800701e+17,6.287518671742027e-33,-1.558969787566535e-28,6.321130697911939e-63,-1.558969787566535e-28
0.44999999999999996,0.1052120285267174,-3.094787971473283,1.6653345369377348e-16,4.440892098500626e-16,9.999993119751625e+17,6.287518557339848e-33,-1.558969787566535e-28,6.322847940127914e-63,-1.558969787566535e-28
0.45055555555555554,0.10521202807204738,-3.094787971927953,1.6653345369377348e-16,4.440892098500626e-16,9.999993296717014e+17,6.287518446072462e-33,-1.558969787566535e-28,6.32911686238847e-63,-1.558969787566535e-28
0.45111111111111113,0.10521202762985721,-3.094787972370143,2.0816681711721685e-16,4.440892098500626e-16,9.999993468825042e+17,6.287518337859186e-33,-1.558969787566535e-28,6.330801195615871e-63,-1.558969787566535e-28
0.45166666666666666,0.10521202719982653,-3.0947879728001735,1.5265566588595902e-16,-0.0,9.999993636200355e+17,6.287518232621657e-33,-1.558969787566535e-28,6.329376773303063e-63,-1.558969787566535e-28
0.45222222222222225,0.10521202678164349,-3.0947879732183567,1.3877787807814457e-16,-0.0,9.999993798964383e+17,6.287518130283393e-33,-1.558969787566535e-28,6.327695088906899e-63,-1.558969787566535e-28
0.4527777777777778,0.10521202637500537,-3.094787973624995,1.249000902703301e-16,-0.0,9.999993957234927e+17,6.287518030770407e-33,-1.558969787566535e-28,6.330532742618406e-63,-1.558969787566535e-28
0.45333333333333325,0.10521202597961749,-3.0947879740203827,1.5265566588595902e-16,4.440892098500626e-16,9.999994111126711e+17,6.287517934010595e-33,-1.558969787566535e-28,6.3345301574481e-63,-1.558969787566535e-28
0.45388888888888884,0.10521202559519294,-3.0947879744048072,1.1102230246251565e-16,-0.0,9.999994260751347e+17,6.287517839933817e-33,-1.558969787566535e-28,6.32851762171293e-63,-1.558969787566535e-28
0.4544444444444444,0.10521202522145368,-3.0947879747785465,1.8041124150158794e-16,4.440892098500626e-16,9.999994406217133e+17,6.28751774847181e-33,-1.558969787566535e-28,6.325997020975421e-63,-1.558969787566535e-28
0.45499999999999996,0.10521202485812853,-3.0947879751418714,8.326672684688674e-17,8.881784197001252e-16,9.999994547629503e+17,6.287517659558449e-33,-1.558969787566535e-28,6.326644806559152e-63,-1.558969787566535e-28
0.45555555555555555,0.10521202450495437,-3.094787975495046,1.8041124150158794e-16,4.440892098500626e-16,9.999994685091008e+17,6.287517573129317e-33,-1.558969787566535e-28,6.323609763810371e-63,-1.558969787566535e-28
0.45611111111111113,0.1052120241616753,-3.094787975838325,1.1102230246251565e-16,-0.0,9.999994818701119e+17,6.287517489121688e-33,-1.558969787566535e-28,6.318700827464135e-63,-1.558969787566535e-28
0.45666666666666667,0.10521202382804251,-3.0947879761719577,1.5265566588595902e-16,4.440892098500626e-16,9.999994948556769e+17,6.287517407474623e-33,-1.558969787566535e-28,6.313492787153012e-63,-1.558969787566535e-28
0.4572222222222222,0.1052120235038142,-3.094787976496186,2.220446049250313e-16,4.440892098500626e-16,9.999995074752046e+17,6.287517328129152e-33,-1.558969787566535e-28,6.313865360841864e-63,-1.558969787566535e-28
0.4577777777777778,0.1052120231887555,-3.0947879768112445,1.3877787807814457e-16,4.440892098500626e-16,9.999995197378295e+17,6.287517251027642e-33,-1.558969787566535e-28,6.313043200979459e-63,-1.558969787566535e-28
0.45833333333333326,0.10521202288263803,-3.0947879771173623,1.8041124150158794e-16,-0.0,9.999995316524515e+17,6.287517176114249e-33,-1.558969787566535e-28,6.308405797341293e-63,-1.558969787566535e-28
0.45888888888888885,0.10521202258524004,-3.09478797741476,1.6653345369377348e-16,4.440892098500626e-16,9.999995432276945e+17,6.287517103334651e-33,-1.558969787566535e-28,6.308504788940086e-63,-1.558969787566535e-28
0.4594444444444444,0.10521202229634613,-3.094787977703654,1.5265566588595902e-16,-0.0,9.999995544719438e+17,6.287517032636213e-33,-1.558969787566535e-28,6.309508861745842e-63,-1.558969787566535e-28
0.45999999999999996,0.1052120220157467,-3.0947879779842533,1.8041124150158794e-16,-0.0,9.99999565393359e+17,6.287516963967655e-33,-1.558969787566535e-28,6.310743234483518e-63,-1.558969787566535e-28
0.46055555555555555,0.10521202174323863,-3.0947879782567616,1.3877787807814457e-16,4.440892098500626e-16,9.999995759998426e+17,6.287516897279113e-33,-1.558969787566535e-28,6.314000921897666e-63,-1.558969787566535e-28
0.46111111111111114,0.1052120214786244,-3.0947879785213757,1.3877787807814457e-16,4.440892098500626e-16,9.999995862990852e+17,6.287516832522431e-33,-1.558969787566535e-28,6.316353117777331e-63,-1.558969787566535e-28
0.46166666666666667,0.1052120212217122,-3.094787978778288,1.8041124150158794e-16,-0.0,9.999995962985544e+17,6.287516769650609e-33,-1.558969787566535e-28,6.318533466616596e-63,-1.558969787566535e-28
0.4622222222222222,0.10521202097231591,-3.0947879790276844,8.326672684688674e-17,-0.0,9.999996060054853e+17,6.287516708618078e-33,-1.558969787566535e-28,6.318253896094777e-63,-1.558969787566535e-28
0.4627777777777778,0.10521202073025487,-3.0947879792697455,8.326672684688674e-17,-0.0,9.999996154269194e+17,6.287516649380606e-33,-1.558969787566535e-28,6.323719331793457e-63,-1.558969787566535e-28
0.46333333333333326,0.10521202049535361,-3.0947879795046465,1.3877787807814457e-16,8.881784197001252e-16,9.99999624569685e+17,6.287516591895221e-33,-1.558969787566535e-28,6.323479063734018e-63,-1.558969787566535e-28
0.46388888888888885,0.10521202026744197,-3.0947879797325584,1.3877787807814457e-16,4.440892098500626e-16,9.999996334404003e+17,6.28751653612046e-33,-1.558969787566535e-28,6.325247351616933e-63,-1.558969787566535e-28
0.4644444444444444,0.10521202004635472,-3.0947879799536455,1.5265566588595902e-16,-0.0,9.999996420454996e+17,6.287516482015849e-33,-1.558969787566535e-28,6.320792696237944e-63,-1.558969787566535e-28
0.46499999999999997,0.10521201983193162,-3.0947879801680687,1.249000902703301e-16,-0.0,9.999996503912164e+17,6.287516429541981e-33,-1.558969787566535e-28,6.320199825999985e-63,-1.558969787566535e-28
0.46555555555555556,0.1052120196240175,-3.094787980375983,1.3877787807814457e-16,-0.0,9.999996584835944e+17,6.287516378660976e-33,-1.558969787566535e-28,6.323377546378608e-63,-1.558969787566535e-28
0.4661111111111111,0.1052120194224615,-3.0947879805775385,1.942890293094024e-16,4.440892098500626e-16,9.99999666328505e+17,6.287516329335928e-33,-1.558969787566535e-28,6.321808335291982e-63,-1.558969787566535e-28
0.4666666666666667,0.10521201922711765,-3.0947879807728826,1.942890293094024e-16,-0.0,9.99999673931626e+17,6.287516281531187e-33,-1.558969787566535e-28,6.320929588062164e-63,-1.558969787566535e-28
0.4672222222222222,0.10521201903784438,-3.0947879809621557,1.8041124150158794e-16,4.440892098500626e-16,9.999996812984685e+17,6.287516235211997e-33,-1.558969787566535e-28,6.322056120554611e-63,-1.558969787566535e-28
0.4677777777777778,0.10521201885450449,-3.0947879811454957,1.8041124150158794e-16,-0.0,9.999996884343749e+17,6.28751619034494e-33,-1.558969787566535e-28,6.317674054278389e-63,-1.558969787566535e-28
0.46833333333333327,0.10521201867696517,-3.094787981323035,1.3877787807814457e-16,-0.0,9.99999695344511e+17,6.28751614689731e-33,-1.558969787566535e-28,6.314764047214578e-63,-1.558969787566535e-28
0.46888888888888886,0.10521201850509787,-3.0947879814949024,1.8041124150158794e-16,4.440892098500626e-16,9.999997020338862e+17,6.28751610483766e-33,-1.558969787566535e-28,6.315602617443708e-63,-1.558969787566535e-28
0.4694444444444444,0.1052120183387778,-3.0947879816612223,1.3877787807814457e-16,8.881784197001252e-16,9.999997085073495e+17,6.28751606413561e-33,-1.558969787566535e-28,6.319951446075011e-63,-1.558969787566535e-28
0.47,0.10521201817788473,-3.0947879818221153,9.71445146547012e-17,-0.0,9.999997147695855e+17,6.287516024761852e-33,-1.558969787566535e-28,6.321854421397613e-63,-1.558969787566535e-28
0.47055555555555556,0.1052120180223019,-3.0947879819776984,1.249000902703301e-16,-0.0,9.999997208251398e+17,6.287515986687345e-33,-1.558969787566535e-28,6.320363322761542e-63,-1.558969787566535e-28
0.4711111111111111,0.10521201787191664,-3.0947879821280835,1.5265566588595902e-16,4.440892098500626e-16,9.999997266783958e+17,6.28751594988484e-33,-1.558969787566535e-28,6.31877706067289e-63,-1.558969787566535e-28
0.4716666666666667,0.10521201772661998,-3.09478798227338,1.5265566588595902e-16,4.440892098500626e-16,9.99999732333594e+17,6.287515914327708e-33,-1.558969787566535e-28,6.314557165325028e-63,-1.558969787566535e-28
0.4722222222222222,0.1052120175863065,-3.0947879824136937,1.5265566588595902e-16,4.440892098500626e-16,9.999997377948381e+17,6.28751587999004e-33,-1.558969787566535e-28,6.317379350562104e-63,-1.558969787566535e-28
0.4727777777777778,0.10521201745087472,-3.0947879825491253,2.0816681711721685e-16,8.881784197001252e-16,9.999997430660799e+17,6.287515846846994e-33,-1.558969787566535e-28,6.317623665837394e-63,-1.558969787566535e-28
0.4733333333333333,0.10521201732022628,-3.0947879826797737,8.326672684688674e-17,4.440892098500626e-16,9.999997481511388e+17,6.287515814874623e-33,-1.558969787566535e-28,6.31717118983967e-63,-1.558969787566535e-28
0.47388888888888886,0.10521201719426676,-3.0947879828057334,1.6653345369377348e-16,4.440892098500626e-16,9.99999753053705e+17,6.287515784049698e-33,-1.558969787566535e-28,6.317469929619524e-63,-1.558969787566535e-28
0.4744444444444444,0.10521201707290473,-3.0947879829270954,1.249000902703301e-16,4.440892098500626e-16,9.999997577773245e+17,6.287515754349793e-33,-1.558969787566535e-28,6.316178708846494e-63,-1.558969787566535e-28
0.475,0.10521201695605231,-3.0947879830439478,1.5265566588595902e-16,4.440892098500626e-16,9.999997623254239e+17,6.28751572575355e-33,-1.558969787566535e-28,6.319925682676095e-63,-1.558969787566535e-28
0.47555555555555556,0.10521201684362474,-3.0947879831563756,1.8041124150158794e-16,-0.0,9.999997667013011e+17,6.287515698240241e-33,-1.558969787566535e-28,6.318555904143716e-63,-1.558969787566535e-28
0.4761111111111111,0.1052120167355407,-3.0947879832644594,1.942890293094024e-16,4.440892098500626e-16,9.999997709081199e+17,6.287515671789761e-33,-1.558969787566535e-28,6.318278755649971e-63,-1.558969787566535e-28
0.4766666666666667,0.10521201663172175,-3.0947879833682785,2.0816681711721685e-16,-0.0,9.999997749489348e+17,6.287515646383081e-33,-1.558969787566535e-28,6.319240824623697e-63,-1.558969787566535e-28
0.47722222222222216,0.10521201653209267,-3.0947879834679073,2.220446049250313e-16,4.440892098500626e-16,9.999997788266721e+17,6.287515622001703e-33,-1.558969787566535e-28,6.319806508753901e-63,-1.558969787566535e-28
0.4777777777777778,0.10521201643658129,-3.094787983563419,2.0816681711721685e-16,4.440892098500626e-16,9.999997825441403e+17,6.287515598628026e-33,-1.558969787566535e-28,6.318707268790171e-63,-1.558969787566535e-28
0.47833333333333333,0.10521201634511834,-3.0947879836548817,1.8041124150158794e-16,4.440892098500626e-16,9.999997861040358e+17,6.287515576245161e-33,-1.558969787566535e-28,6.319929164486104e-63,-1.558969787566535e-28
0.47888888888888886,0.1052120162576376,-3.0947879837423624,1.1102230246251565e-16,4.440892098500626e-16,9.999997895089353e+17,6.287515554836848e-33,-1.558969787566535e-28,6.322729811500733e-63,-1.558969787566535e-28
0.4794444444444444,0.10521201617407577,-3.0947879838259245,1.6653345369377348e-16,-0.0,9.999997927613093e+17,6.287515534387538e-33,-1.558969787566535e-28,6.323466437528904e-63,-1.558969787566535e-28
0.48,0.10521201609437214,-3.0947879839056283,1.3877787807814457e-16,-4.440892098500626e-16,9.999997958635116e+17,6.2875155148824e-33,-1.558969787566535e-28,6.321074586645044e-63,-1.558969787566535e-28
0.4805555555555555,0.10521201601846913,-3.094787983981531,2.3592239273284576e-16,4.440892098500626e-16,9.999997988177921e+17,6.287515496307226e-33,-1.558969787566535e-28,6.318982762185798e-63,-1.558969787566535e-28
0.48111111111111104,0.10521201594631147,-3.0947879840536885,1.249000902703301e-16,4.440892098500626e-16,9.999998016262898e+17,6.287515478648705e-33,-1.558969787566535e-28,6.322590634140797e-63,-1.558969787566535e-28
0.4816666666666667,0.10521201587784712,-3.094787984122153,1.5265566588595902e-16,4.440892098500626e-16,9.999998042910423e+17,6.287515461894057e-33,-1.558969787566535e-28,6.326321272695923e-63,-1.558969787566535e-28
0.4822222222222222,0.10521201581302642,-3.094787984186974,1.5265566588595902e-16,-0.0,9.999998068139766e+17,6.287515446031134e-33,-1.558969787566535e-28,6.325827063785401e-63,-1.558969787566535e-28
0.48277777777777775,0.10521201575180233,-3.094787984248198,1.942890293094024e-16,4.440892098500626e-16,9.999998091969258e+17,6.287515431048227e-33,-1.558969787566535e-28,6.320867798378976e-63,-1.558969787566535e-28
0.4833333333333333,0.10521201569413047,-3.09478798430587,1.3877787807814457e-16,-0.0,9.999998114416125e+17,6.287515416934705e-33,-1.558969787566535e-28,6.321268075647301e-63,-1.558969787566535e-28
0.4838888888888888,0.10521201563996918,-3.094787984360031,1.249000902703301e-16,-0.0,9.999998135496637e+17,6.287515403680382e-33,-1.558969787566535e-28,6.319717360824715e-63,-1.558969787566535e-28
0.48444444444444446,0.10521201558927906,-3.094787984410721,1.3877787807814457e-16,-0.0,9.999998155226115e+17,6.28751539127543e-33,-1.558969787566535e-28,6.318463817393083e-63,-1.558969787566535e-28
0.48500000000000004,0.10521201554202347,-3.0947879844579766,1.3877787807814457e-16,4.440892098500626e-16,9.999998173618811e+17,6.287515379710914e-33,-1.558969787566535e-28,6.31543681042557e-63,-1.558969787566535e-28
0.4855555555555556,0.10521201549816817,-3.0947879845018322,1.1102230246251565e-16,-4.440892098500626e-16,9.999998190688051e+17,6.287515368978701e-33,-1.558969787566535e-28,6.312048065534996e-63,-1.558969787566535e-28
0.4861111111111111,0.10521201545768133,-3.094787984542319,1.5265566588595902e-16,-0.0,9.999998206446243e+17,6.287515359070662e-33,-1.558969787566535e-28,6.311572309346543e-63,-1.558969787566535e-28
0.48666666666666664,0.10521201542053366,-3.0947879845794666,9.71445146547012e-17,-0.0,9.999998220904746e+17,6.287515349979825e-33,-1.558969787566535e-28,6.311098163689056e-63,-1.558969787566535e-28
0.48722222222222217,0.10521201538669822,-3.094787984613302,1.249000902703301e-16,-4.440892098500626e-16,9.999998234074093e+17,6.287515341699672e-33,-1.558969787566535e-28,6.310560856040482e-63,-1.558969787566535e-28
0.4877777777777777,0.10521201535615055,-3.0947879846438497,1.942890293094024e-16,4.440892098500626e-16,9.999998245963808e+17,6.287515334223855e-33,-1.558969787566535e-28,6.307692168067407e-63,-1.558969787566535e-28
0.48833333333333334,0.10521201532886837,-3.094787984671132,1.5265566588595902e-16,-0.0,9.999998256582486e+17,6.287515327547462e-33,-1.558969787566535e-28,6.305663498846244e-63,-1.558969787566535e-28
0.4888888888888889,0.10521201530483204,-3.0947879846951682,1.5265566588595902e-16,-0.0,9.999998265937846e+17,6.287515321665219e-33,-1.558969787566535e-28,6.309906259654787e-63,-1.558969787566535e-28
0.4894444444444444,0.10521201528402407,-3.094787984715976,1.6653345369377348e-16,4.440892098500626e-16,9.999998274036671e+17,6.287515316573018e-33,-1.558969787566535e-28,6.311168326175454e-63,-1.558969787566535e-28
0.49,0.10521201526642948,-3.094787984733571,1.3877787807814457e-16,-0.0,9.999998280884783e+17,6.287515312267285e-33,-1.558969787566535e-28,6.313769651860624e-63,-1.558969787566535e-28
0.4905555555555555,0.10521201525203538,-3.0947879847479647,1.3877787807814457e-16,4.440892098500626e-16,9.999998286487218e+17,6.287515308744712e-33,-1.558969787566535e-28,6.312625984107999e-63,-1.558969787566535e-28
0.49111111111111105,0.10521201524083146,-3.0947879847591686,1.5265566588595902e-16,4.440892098500626e-16,9.999998290847985e+17,6.287515306002888e-33,-1.558969787566535e-28,6.31283451070681e-63,-1.558969787566535e-28
0.4916666666666666,0.1052120152328096,-3.0947879847671906,1.8041124150158794e-16,-0.0,9.999998293970244e+17,6.287515304039847e-33,-1.558969787566535e-28,6.315799756896541e-63,-1.558969787566535e-28
0.4922222222222222,0.1052120152279638,-3.0947879847720365,1.3877787807814457e-16,-0.0,9.999998295856289e+17,6.287515302853982e-33,-1.558969787566535e-28,6.318040953632264e-63,-1.558969787566535e-28
0.49277777777777776,0.10521201522629081,-3.0947879847737094,1.3877787807814457e-16,-0.0,9.999998296507448e+17,6.287515302444575e-33,-1.558969787566535e-28,6.318315572954699e-63,-1.558969787566535e-28
0.4933333333333333,0.10521201522778934,-3.0947879847722106,2.0816681711721685e-16,8.881784197001252e-16,9.999998295924225e+17,6.287515302811182e-33,-1.558969787566535e-28,6.320750717572923e-63,-1.558969787566535e-28
0.4938888888888888,0.10521201523246032,-3.0947879847675397,2.0816681711721685e-16,4.440892098500626e-16,9.999998294106196e+17,6.287515303954339e-33,-1.558969787566535e-28,6.318928605488882e-63,-1.558969787566535e-28
0.49444444444444446,0.10521201524030732,-3.0947879847596926,1.942890293094024e-16,8.881784197001252e-16,9.999998291052e+17,6.28751530587458e-33,-1.558969787566535e-28,6.316756401545655e-63,-1.558969787566535e-28
0.49500000000000005,0.10521201525133589,-3.094787984748664,1.3877787807814457e-16,4.440892098500626e-16,9.99999828675947e+17,6.287515308573515e-33,-1.558969787566535e-28,6.312924673920372e-63,-1.558969787566535e-28
0.4955555555555556,0.10521201526555413,-3.094787984734446,1.6653345369377348e-16,4.440892098500626e-16,9.999998281225498e+17,6.28751531205302e-33,-1.558969787566535e-28,6.31449089385473e-63,-1.558969787566535e-28
0.4961111111111111,0.1052120152829723,-3.094787984717028,1.6653345369377348e-16,-0.0,9.999998274446042e+17,6.287515316315688e-33,-1.558969787566535e-28,6.314521063825955e-63,-1.558969787566535e-28
0.49666666666666665,0.10521201530360302,-3.094787984696397,1.8041124150158794e-16,4.440892098500626e-16,9.999998266416209e+17,6.287515321364375e-33,-1.558969787566535e-28,6.31382710446127e-63,-1.558969787566535e-28
0.4972222222222222,0.10521201532746122,-3.094787984672539,1.3877787807814457e-16,4.440892098500626e-16,9.999998257130171e+17,6.287515327203013e-33,-1.558969787566535e-28,6.316114935847275e-63,-1.558969787566535e-28
0.4977777777777777,0.10521201535456426,-3.094787984645436,1.6653345369377348e-16,-0.0,9.999998246581207e+17,6.287515333835715e-33,-1.558969787566535e-28,6.318340716810616e-63,-1.558969787566535e-28
0.49833333333333335,0.10521201538493169,-3.0947879846150683,1.8041124150158794e-16,4.440892098500626e-16,9.999998234761677e+17,6.287515341267302e-33,-1.558969787566535e-28,6.317853569953516e-63,-1.558969787566535e-28
0.4988888888888889,0.10521201541858555,-3.094787984581415,1.5265566588595902e-16,-0.0,9.999998221663e+17,6.287515349503138e-33,-1.558969787566535e-28,6.318397228784736e-63,-1.558969787566535e-28
0.4994444444444444,0.10521201545555026,-3.0947879845444497,1.5265566588595902e-16,4.440892098500626e-16,9.999998207275697e+17,6.28751535854912e-33,-1.558969787566535e-28,6.314844276895819e-63,-1.558969787566535e-28
0.5,0.10521201549585252,-3.0947879845041477,1.3877787807814457e-16,-0.0,9.999998191589349e+17,6.287515368411947e-33,-1.558969787566535e-28,6.314760365286702e-63,-1.558969787566535e-28
0.5005555555555555,0.10521201553952164,-3.0947879844604786,1.249000902703301e-16,-0.0,9.999998174592564e+17,6.28751537909868e-33,-1.558969787566535e-28,6.312607212572686e-63,-1.558969787566535e-28
0.5011111111111111,0.10521201558658927,-3.094787984413411,2.220446049250313e-16,4.440892098500626e-16,9.999998156273064e+17,6.287515390617092e-33,-1.558969787566535e-28,6.311014036997487e-63,-1.558969787566535e-28
0.5016666666666667,0.10521201563708937,-3.094787984362911,1.942890293094024e-16,-0.0,9.999998136617536e+17,6.287515402975581e-33,-1.558969784539501e-28,6.30918225401067e-63,-1.558969784539501e-28
0.5022222222222222,0.10521201569105865,-3.0947879843089416,1.8041124150158794e-16,-0.0,9.999998115611748e+17,6.287515416182996e-33,-1.5589697792669428e-28,6.30731800294344e-63,-1.5589697792669428e-28
0.5027777777777778,0.10521201574853611,-3.094787984251464,9.71445146547012e-17,-0.0,9.999998093240489e+17,6.287515430248982e-33,-1.5589697792669423e-28,6.305235984013032e-63,-1.5589697792669423e-28
0.5033333333333333,0.10521201580956363,-3.0947879841904364,1.5265566588595902e-16,4.440892098500626e-16,9.999998069487539e+17,6.28751544518364e-33,-1.5589697792669417e-28,6.304761998376888e-63,-1.5589697792669417e-28
0.5038888888888889,0.10521201587418522,-3.094787984125815,1.3877787807814457e-16,4.440892098500626e-16,9.999998044335692e+17,6.287515460997867e-33,-1.5589697792669415e-28,6.301142441304189e-63,-1.5589697792669415e-28
0.5044444444444445,0.10521201594244778,-3.0947879840575525,1.942890293094024e-16,-0.0,9.999998017766735e+17,6.287515477703192e-33,-1.5589697792669415e-28,6.304956666195444e-63,-1.5589697792669415e-28
0.5049999999999999,0.10521201601440078,-3.0947879839855994,2.220446049250313e-16,-0.0,9.999997989761393e+17,6.287515495311678e-33,-1.5589697792669408e-28,6.30377115868537e-63,-1.5589697792669408e-28
0.5055555555555554,0.10521201609009628,-3.094787983909904,1.3877787807814457e-16,-0.0,9.999997960299357e+17,6.287515513835921e-33,-1.5589697792669392e-28,6.302080439503683e-63,-1.5589697792669392e-28
0.506111111111111,0.1052120161695892,-3.094787983830411,1.3877787807814457e-16,-0.0,9.99999792935933e+17,6.287515533289503e-33,-1.5589697792669423e-28,6.302836640047582e-63,-1.5589697792669423e-28
0.5066666666666666,0.10521201625293719,-3.094787983747063,1.249000902703301e-16,-0.0,9.999997896918842e+17,6.287515553686542e-33,-1.5589697792669453e-28,6.303257820190884e-63,-1.5589697792669453e-28
0.5072222222222222,0.10521201634020055,-3.0947879836597996,1.1102230246251565e-16,-0.0,9.999997862954419e+17,6.287515575041782e-33,-1.558969779266945e-28,6.304616663389743e-63,-1.558969779266945e-28
0.5077777777777778,0.10521201643144257,-3.0947879835685574,1.3877787807814457e-16,-0.0,9.999997827441455e+17,6.287515597370589e-33,-1.5589697792669464e-28,6.304439996982545e-63,-1.5589697792669464e-28
0.5083333333333333,0.1052120165267294,-3.094787983473271,1.5265566588595902e-16,-0.0,9.999997790354171e+17,6.287515620689226e-33,-1.5589697792669486e-28,6.303804211988375e-63,-1.5589697792669486e-28
0.5088888888888888,0.10521201662612994,-3.09478798337387,1.249000902703301e-16,4.440892098500626e-16,9.999997751665741e+17,6.287515645014582e-33,-1.5589697792669482e-28,6.298102803395177e-63,-1.5589697792669482e-28
0.5094444444444445,0.10521201672971642,-3.0947879832702836,1.5265566588595902e-16,8.881784197001252e-16,9.999997711348097e+17,6.287515670364346e-33,-1.5589697792669477e-28,6.299236966099162e-63,-1.5589697792669477e-28
0.51,0.10521201683756382,-3.0947879831624365,1.5265566588595902e-16,4.440892098500626e-16,9.999997669372023e+17,6.287515696756926e-33,-1.5589697792669468e-28,6.30004196586332e-63,-1.5589697792669468e-28
0.5105555555555555,0.10521201694975013,-3.0947879830502503,1.249000902703301e-16,-0.0,9.999997625707149e+17,6.287515724211353e-33,-1.5589697792669468e-28,6.302626123751619e-63,-1.5589697792669468e-28
0.5111111111111111,0.10521201706635691,-3.094787982933643,1.3877787807814457e-16,4.440892098500626e-16,9.999997580321774e+17,6.287515752747462e-33,-1.5589697792669466e-28,6.301387211897124e-63,-1.5589697792669466e-28
0.5116666666666667,0.10521201718746853,-3.0947879828125315,1.942890293094024e-16,4.440892098500626e-16,9.999997533183048e+17,6.287515782385984e-33,-1.5589697792669468e-28,6.296269088080075e-63,-1.5589697792669468e-28
0.5122222222222222,0.10521201731317265,-3.0947879826868276,1.942890293094024e-16,4.440892098500626e-16,9.99999748425683e+17,6.28751581314845e-33,-1.5589697792669466e-28,6.295852376759785e-63,-1.5589697792669466e-28
0.5127777777777778,0.10521201744356051,-3.0947879825564395,1.249000902703301e-16,8.881784197001252e-16,9.999997433507578e+17,6.287515845057025e-33,-1.5589697792669462e-28,6.295337413810046e-63,-1.5589697792669462e-28
0.5133333333333333,0.1052120175787265,-3.094787982421274,8.326672684688674e-17,4.440892098500626e-16,9.999997380898618e+17,6.287515878135023e-33,-1.5589697792669466e-28,6.294228910359771e-63,-1.5589697792669466e-28
0.5138888888888888,0.1052120177187687,-3.0947879822812316,1.942890293094024e-16,4.440892098500626e-16,9.999997326391807e+17,6.287515912406305e-33,-1.5589697792669464e-28,6.298300015535987e-63,-1.5589697792669464e-28
0.5144444444444445,0.10521201786378848,-3.0947879821362116,1.8041124150158794e-16,4.440892098500626e-16,9.999997269947594e+17,6.287515947895797e-33,-1.558969779266946e-28,6.300634169669551e-63,-1.558969779266946e-28
0.5149999999999999,0.1052120180138908,-3.0947879819861095,1.249000902703301e-16,-0.0,9.999997211525143e+17,6.287515984628966e-33,-1.5589697792669441e-28,6.296901862464001e-63,-1.5589697792669441e-28
0.5155555555555554,0.10521201816918468,-3.0947879818308155,1.3877787807814457e-16,-0.0,9.999997151082079e+17,6.287516022632707e-33,-1.558969779266944e-28,6.298050214497566e-63,-1.558969779266944e-28
0.516111111111111,0.10521201832978261,-3.0947879816702177,1.942890293094024e-16,-0.0,9.999997088574606e+17,6.287516061934359e-33,-1.5589697792669453e-28,6.298361172258535e-63,-1.5589697792669453e-28
0.5166666666666666,0.1052120184958007,-3.0947879815041994,1.6653345369377348e-16,4.440892098500626e-16,9.999997023957475e+17,6.287516102562517e-33,-1.5589697792669453e-28,6.303406285626696e-63,-1.5589697792669453e-28
0.5172222222222222,0.10521201866735957,-3.0947879813326407,1.8041124150158794e-16,-0.0,9.99999695718379e+17,6.287516144546577e-33,-1.5589697792669455e-28,6.304548472286299e-63,-1.5589697792669455e-28
0.5177777777777778,0.10521201884458342,-3.0947879811554166,2.0816681711721685e-16,-0.0,9.999996888205212e+17,6.287516187917094e-33,-1.5589697792669464e-28,6.302459644196094e-63,-1.5589697792669464e-28
0.5183333333333333,0.10521201902760047,-3.0947879809723995,1.1102230246251565e-16,4.440892098500626e-16,9.99999681697177e+17,6.287516232705166e-33,-1.5589697792669477e-28,6.303865371262781e-63,-1.5589697792669477e-28
0.5188888888888888,0.10521201921654383,-3.0947879807834564,1.942890293094024e-16,-0.0,9.999996743431775e+17,6.287516278943584e-33,-1.5589697792669486e-28,6.305174498630206e-63,-1.5589697792669486e-28
0.5194444444444445,0.1052120194115499,-3.09478798058845,1.6653345369377348e-16,4.440892098500626e-16,9.999996667532024e+17,6.287516326665673e-33,-1.5589697792669486e-28,6.301673223556763e-63,-1.5589697792669486e-28
0.52,0.10521201961276017,-3.09478798038724,1.249000902703301e-16,4.440892098500626e-16,9.999996589217487e+17,6.287516375906017e-33,-1.558969779266949e-28,6.298528766663517e-63,-1.558969779266949e-28
0.5205555555555555,0.10521201982032058,-3.09478798017968,9.71445146547012e-17,-0.0,9.999996508431374e+17,6.287516426700442e-33,-1.55896977926695e-28,6.297076626245982e-63,-1.55896977926695e-28
0.5211111111111111,0.1052120200343814,-3.0947879799656186,2.220446049250313e-16,-0.0,9.99999642511524e+17,6.287516479085761e-33,-1.5589697792669506e-28,6.296348801626428e-63,-1.5589697792669506e-28
0.5216666666666666,0.10521202025509768,-3.0947879797449023,1.249000902703301e-16,4.440892098500626e-16,9.999996339208609e+17,6.287516533099593e-33,-1.5589697792669504e-28,6.295456386859449e-63,-1.5589697792669504e-28
0.5222222222222223,0.10521202048262962,-3.0947879795173705,1.942890293094024e-16,-0.0,9.999996250649271e+17,6.287516588781518e-33,-1.5589697792669482e-28,6.2940465596409e-63,-1.5589697792669482e-28
0.5227777777777778,0.10521202071714175,-3.0947879792828585,1.942890293094024e-16,-0.0,9.999996159373092e+17,6.287516646171567e-33,-1.5589697792669462e-28,6.295442908696903e-63,-1.5589697792669462e-28
0.5233333333333333,0.10521202095880422,-3.094787979041196,1.5265566588595902e-16,4.440892098500626e-16,9.999996065313861e+17,6.287516705311465e-33,-1.5589697792669448e-28,6.298331624116517e-63,-1.5589697792669448e-28
0.5238888888888888,0.10521202120779216,-3.094787978792208,1.942890293094024e-16,-0.0,9.999995968403466e+17,6.287516766244103e-33,-1.5589697792669441e-28,6.304340155852351e-63,-1.5589697792669441e-28
0.5244444444444445,0.10521202146428582,-3.0947879785357144,1.6653345369377348e-16,4.440892098500626e-16,9.99999586857169e+17,6.287516829013439e-33,-1.5589697792669415e-28,6.310400497833025e-63,-1.5589697792669415e-28
0.5249999999999999,0.10521202172847127,-3.094787978271529,1.6653345369377348e-16,-0.0,9.999995765746147e+17,6.287516893665312e-33,-1.5589697792669388e-28,6.312871568753558e-63,-1.5589697792669388e-28
0.5255555555555554,0.1052120220005398,-3.0947879779994603,1.942890293094024e-16,4.440892098500626e-16,9.999995659852383e+17,6.287516960246097e-33,-1.5589697792669374e-28,6.313188844452921e-63,-1.5589697792669374e-28
0.526111111111111,0.10521202228068849,-3.094787977719312,8.326672684688674e-17,-0.0,9.999995550813633e+17,6.287517028804486e-33,-1.5589697792669376e-28,6.314315350915159e-63,-1.5589697792669376e-28
0.5266666666666666,0.10521202256912071,-3.0947879774308795,1.3877787807814457e-16,4.440892098500626e-16,9.999995438550856e+17,6.287517099389893e-33,-1.5589697792669388e-28,6.311650694443635e-63,-1.5589697792669388e-28
0.5272222222222223,0.10521202286604503,-3.0947879771339553,1.6653345369377348e-16,-0.0,9.999995322982793e+17,6.287517172053605e-33,-1.5589697792669388e-28,6.312354285453109e-63,-1.5589697792669388e-28
0.5277777777777778,0.10521202317167683,-3.0947879768283233,1.6653345369377348e-16,4.440892098500626e-16,9.999995204025624e+17,6.28751724684807e-33,-1.5589697792669379e-28,6.312037590563899e-63,-1.5589697792669379e-28
0.5283333333333333,0.1052120234862376,-3.0947879765137625,1.3877787807814457e-16,4.440892098500626e-16,9.999995081593129e+17,6.287517323827794e-33,-1.558969779266936e-28,6.309992022363115e-63,-1.558969779266936e-28
0.5288888888888889,0.10521202380995509,-3.094787976190045,1.3877787807814457e-16,-0.0,9.9999949555967e+17,6.287517403048353e-33,-1.558969779266939e-28,6.307091486056635e-63,-1.558969779266939e-28
0.5294444444444445,0.10521202414306413,-3.094787975856936,1.5265566588595902e-16,4.440892098500626e-16,9.999994825944922e+17,6.28751748456711e-33,-1.5589697792669415e-28,6.304876198532307e-63,-1.5589697792669415e-28
0.53,0.10521202448580597,-3.094787975514194,1.6653345369377348e-16,4.440892098500626e-16,9.999994692543895e+17,6.287517568443304e-33,-1.5589697792669464e-28,6.306866621556122e-63,-1.5589697792669464e-28
0.5305555555555556,0.10521202483842879,-3.0947879751615712,1.249000902703301e-16,4.440892098500626e-16,9.999994555297001e+17,6.287517654737605e-33,-1.5589697792669477e-28,6.306362005045982e-63,-1.5589697792669477e-28
0.5311111111111111,0.1052120252011885,-3.0947879747988116,9.71445146547012e-17,4.440892098500626e-16,9.99999441410466e+17,6.28751774351256e-33,-1.5589697792669489e-28,6.307901728009817e-63,-1.5589697792669489e-28
0.5316666666666666,0.10521202557434772,-3.0947879744256523,1.8041124150158794e-16,4.440892098500626e-16,9.999994268864691e+17,6.287517834832501e-33,-1.5589697792669502e-28,6.31208444906889e-63,-1.5589697792669502e-28
0.5322222222222223,0.1052120259581768,-3.0947879740418234,1.6653345369377348e-16,-0.0,9.9999941194718e+17,6.287517928763636e-33,-1.5589697792669502e-28,6.312420035811188e-63,-1.5589697792669502e-28
0.5327777777777778,0.10521202635295412,-3.094787973647046,1.8041124150158794e-16,4.440892098500626e-16,9.999993965817673e+17,6.287518025373963e-33,-1.55896977926695e-28,6.312489858048594e-63,-1.55896977926695e-28
0.5333333333333333,0.1052120267589654,-3.0947879732410346,1.6653345369377348e-16,4.440892098500626e-16,9.999993807791094e+17,6.287518124733532e-33,-1.5589697792669486e-28,6.310353495831565e-63,-1.5589697792669486e-28
0.5338888888888889,0.10521202717650507,-3.0947879728234953,1.5265566588595902e-16,-0.0,9.99999364527747e+17,6.287518226914361e-33,-1.5589697792669477e-28,6.309514338319497e-63,-1.5589697792669477e-28
0.5344444444444443,0.10521202760587578,-3.0947879723941245,1.3877787807814457e-16,-0.0,9.999993478159e+17,6.287518331990433e-33,-1.5589697792669468e-28,6.312089061587847e-63,-1.5589697792669468e-28
0.5349999999999999,0.10521202804738833,-3.094787971952612,1.1102230246251565e-16,-0.0,9.999993306314719e+17,6.287518440037963e-33,-1.5589697792669464e-28,6.310040360320816e-63,-1.5589697792669464e-28
0.5355555555555555,0.10521202850136302,-3.0947879714986373,1.249000902703301e-16,-0.0,9.999993129619974e+17,6.287518551135135e-33,-1.558969779266946e-28,6.308006956523546e-63,-1.558969779266946e-28
0.536111111111111,0.1052120289681287,-3.0947879710318715,1.8041124150158794e-16,4.440892098500626e-16,9.999992947946776e+17,6.287518665362544e-33,-1.5589697792669437e-28,6.304851704168772e-63,-1.5589697792669437e-28
0.5366666666666666,0.10521202944802333,-3.0947879705519767,1.942890293094024e-16,4.440892098500626e-16,9.999992761163556e+17,6.287518782803015e-33,-1.5589697792669453e-28,6.30447295066479e-63,-1.5589697792669453e-28
0.5372222222222223,0.10521202994139511,-3.094787970058605,2.0816681711721685e-16,4.440892098500626e-16,9.999992569134798e+17,6.287518903541437e-33,-1.5589697792669468e-28,6.303927005725887e-63,-1.5589697792669468e-28
0.5377777777777778,0.10521203044860117,-3.094787969551399,1.6653345369377348e-16,4.440892098500626e-16,9.999992371721482e+17,6.287519027665547e-33,-1.5589697792669482e-28,6.305396881542777e-63,-1.5589697792669482e-28
0.5383333333333333,0.10521203097000914,-3.094787969029991,2.220446049250313e-16,-0.0,9.99999216878058e+17,6.287519155265237e-33,-1.558969779266949e-28,6.307962432802173e-63,-1.558969779266949e-28
0.5388888888888889,0.105212031505997,-3.0947879684940034,8.326672684688674e-17,-0.0,9.999991960164865e+17,6.287519286432807e-33,-1.55896977926695e-28,6.311648815814664e-63,-1.55896977926695e-28
0.5394444444444444,0.10521203205695301,-3.0947879679430472,2.0816681711721685e-16,-0.0,9.999991745723401e+17,6.287519421263502e-33,-1.5589697792669522e-28,6.314132608418036e-63,-1.5589697792669522e-28
0.54,0.10521203262327639,-3.094787967376724,2.220446049250313e-16,4.440892098500626e-16,9.999991525300653e+17,6.287519559854718e-33,-1.5589697792669554e-28,6.312532461103513e-63,-1.5589697792669554e-28
0.5405555555555556,0.1052120332053777,-3.0947879667946223,1.942890293094024e-16,4.440892098500626e-16,9.999991298736852e+17,6.287519702307329e-33,-1.5589697792669612e-28,6.309615767957314e-63,-1.5589697792669612e-28
0.5411111111111111,0.10521203380367827,-3.094787966196322,1.249000902703301e-16,8.881784197001252e-16,9.999991065868009e+17,6.287519848724091e-33,-1.558969779266962e-28,6.308768267723783e-63,-1.558969779266962e-28
0.5416666666666666,0.10521203441861221,-3.094787965581388,1.5265566588595902e-16,-0.0,9.99999082652522e+17,6.287519999211602e-33,-1.5589697792669603e-28,6.311140675159638e-63,-1.5589697792669603e-28
0.5422222222222223,0.10521203505062493,-3.0947879649493752,1.249000902703301e-16,4.440892098500626e-16,9.999990580535063e+17,6.28752015387851e-33,-1.5589697792669518e-28,6.313023024993031e-63,-1.5589697792669518e-28
0.5427777777777778,0.10521203570017412,-3.094787964299826,2.0816681711721685e-16,4.440892098500626e-16,9.999990327719457e+17,6.287520312837042e-33,-1.558969779266953e-28,6.312916444316168e-63,-1.558969779266953e-28
0.5433333333333333,0.10521203636773091,-3.0947879636322693,1.8041124150158794e-16,-0.0,9.999990067894956e+17,6.287520476202373e-33,-1.5589697792669538e-28,6.313402697191903e-63,-1.5589697792669538e-28
0.5438888888888889,0.10521203705377874,-3.0947879629462216,1.5265566588595902e-16,-0.0,9.999989800873432e+17,6.28752064409289e-33,-1.558969779266948e-28,6.312043107498792e-63,-1.558969779266948e-28
0.5444444444444443,0.1052120377588146,-3.0947879622411856,1.249000902703301e-16,4.440892098500626e-16,9.999989526461445e+17,6.287520816630112e-33,-1.5589697792669493e-28,6.314315076111569e-63,-1.5589697792669493e-28
0.5449999999999999,0.10521203848334992,-3.0947879615166505,8.326672684688674e-17,-0.0,9.999989244459944e+17,6.28752099393931e-33,-1.5589697792669522e-28,6.315646240061476e-63,-1.5589697792669522e-28
0.5455555555555555,0.10521203922790917,-3.094787960772091,1.249000902703301e-16,4.440892098500626e-16,9.99998895466483e+17,6.287521176148795e-33,-1.5589697792669571e-28,6.318390362069024e-63,-1.5589697792669571e-28
0.546111111111111,0.10521203999303214,-3.094787960006968,1.942890293094024e-16,4.440892098500626e-16,9.999988656865981e+17,6.287521363390713e-33,-1.5589697792669556e-28,6.318605110257262e-63,-1.5589697792669556e-28
0.5466666666666666,0.10521204077927337,-3.094787959220727,1.8041124150158794e-16,-0.0,9.999988350847523e+17,6.287521555800702e-33,-1.55896977926695e-28,6.318030602535042e-63,-1.55896977926695e-28
0.5472222222222223,0.1052120415872021,-3.094787958412798,2.0816681711721685e-16,4.440892098500626e-16,9.99998803638795e+17,6.28752175351806e-33,-1.5589697792669506e-28,6.316957841888471e-63,-1.5589697792669506e-28
0.5477777777777778,0.10521204241740428,-3.094787957582596,1.942890293094024e-16,4.440892098500626e-16,9.999987713259165e+17,6.287521956686197e-33,-1.5589697792669513e-28,6.320162234756528e-63,-1.5589697792669513e-28
0.5483333333333333,0.10521204327048139,-3.094787956729519,1.3877787807814457e-16,-0.0,9.999987381227062e+17,6.287522165452454e-33,-1.5589697792669515e-28,6.324738897045879e-63,-1.5589697792669515e-28
0.5488888888888889,0.10521204414705121,-3.094787955852949,1.6653345369377348e-16,4.440892098500626e-16,9.999987040051246e+17,6.287522379967653e-33,-1.5589697792669477e-28,6.322631003922023e-63,-1.5589697792669477e-28
0.5494444444444444,0.1052120450477495,-3.094787954952251,1.1102230246251565e-16,-0.0,9.999986689484195e+17,6.287522600387894e-33,-1.5589697792669441e-28,6.323671528484885e-63,-1.5589697792669441e-28
0.55,0.1052120459732287,-3.0947879540267715,1.6653345369377348e-16,4.440892098500626e-16,9.999986329272058e+17,6.28752282687231e-33,-1.5589697792669406e-28,6.325824595357776e-63,-1.5589697792669406e-28
0.5505555555555556,0.10521204692415909,-3.094787953075841,2.0816681711721685e-16,-0.0,9.999985959153887e+17,6.287523059585398e-33,-1.5589697792669314e-28,6.325170420480659e-63,-1.5589697792669314e-28
0.5511111111111111,0.1052120479012304,-3.09478795209877,1.3877787807814457e-16,4.440892098500626e-16,9.999985578861201e+17,6.287523298695586e-33,-1.5589697792669235e-28,6.322864382249971e-63,-1.5589697792669235e-28
0.5516666666666666,0.10521204890515007,-3.09478795109485,1.8041124150158794e-16,-0.0,9.999985188118743e+17,6.287523544376213e-33,-1.558969779266945e-28,6.323815474694671e-63,-1.558969779266945e-28
0.5522222222222222,0.10521204993664562,-3.0947879500633544,1.3877787807814457e-16,-0.0,9.999984786643267e+17,6.28752379680527e-33,-1.558969779266946e-28,6.324989147249632e-63,-1.558969779266946e-28
0.5527777777777778,0.10521205099646513,-3.094787949003535,1.249000902703301e-16,-0.0,9.999984374143656e+17,6.287524056165749e-33,-1.5589697792669415e-28,6.328336593936563e-63,-1.5589697792669415e-28
0.5533333333333333,0.1052120520853756,-3.0947879479146247,1.249000902703301e-16,-0.0,9.999983950321377e+17,6.287524322645465e-33,-1.5589697792669455e-28,6.328857408843467e-63,-1.5589697792669455e-28
0.5538888888888888,0.10521205320416682,-3.0947879467958335,1.8041124150158794e-16,-0.0,9.999983514869042e+17,6.287524596437687e-33,-1.5589697792669486e-28,6.330213798074435e-63,-1.5589697792669486e-28
0.5544444444444443,0.10521205435364944,-3.0947879456463507,1.3877787807814457e-16,-0.0,9.999983067471084e+17,6.287524877740685e-33,-1.558969779266954e-28,6.332156603154093e-63,-1.558969779266954e-28
0.5549999999999999,0.10521205553465574,-3.0947879444653443,1.6653345369377348e-16,4.440892098500626e-16,9.999982607803633e+17,6.28752516675818e-33,-1.5589697792669495e-28,6.336198135506306e-63,-1.5589697792669495e-28
0.5555555555555555,0.10521205674804229,-3.094787943251958,1.3877787807814457e-16,-0.0,9.999982135533239e+17,6.287525463699971e-33,-1.5589697792669486e-28,6.336479617678709e-63,-1.5589697792669486e-28
0.5561111111111111,0.10521205799468814,-3.094787942005312,1.249000902703301e-16,-0.0,9.999981650317806e+17,6.287525768780947e-33,-1.5589697792669536e-28,6.333735987522087e-63,-1.5589697792669536e-28
0.5566666666666666,0.1052120592754961,-3.0947879407245042,1.6653345369377348e-16,-0.0,9.999981151805946e+17,6.287526082222165e-33,-1.558969779266954e-28,6.33070084906838e-63,-1.558969779266954e-28
0.5572222222222222,0.10521206059139526,-3.094787939408605,2.220446049250313e-16,4.440892098500626e-16,9.999980639636031e+17,6.287526404250936e-33,-1.5589697792669558e-28,6.331454673472872e-63,-1.5589697792669558e-28
0.5577777777777778,0.10521206194333821,-3.094787938056662,1.1102230246251565e-16,4.440892098500626e-16,9.999980113437243e+17,6.287526735100466e-33,-1.558969779266972e-28,6.334256142290225e-63,-1.558969779266972e-28
0.5583333333333333,0.10521206333230487,-3.094787936667695,1.5265566588595902e-16,4.440892098500626e-16,9.999979572828296e+17,6.287527075010486e-33,-1.5589697792669758e-28,6.333562993905522e-63,-1.5589697792669758e-28
0.5588888888888889,0.10521206475930239,-3.094787935240698,8.326672684688674e-17,-0.0,9.99997901741709e+17,6.287527424227519e-33,-1.5589697792669782e-28,6.329714624474038e-63,-1.5589697792669782e-28
0.5594444444444444,0.10521206622536372,-3.0947879337746365,9.71445146547012e-17,4.440892098500626e-16,9.999978446801665e+17,6.287527783004249e-33,-1.5589697792669762e-28,6.324609178538895e-63,-1.5589697792669762e-28
0.56,0.1052120677315519,-3.0947879322684484,1.942890293094024e-16,4.440892098500626e-16,9.999977860568268e+17,6.28752815160096e-33,-1.5589697792669686e-28,6.324624461652829e-63,-1.5589697792669686e-28
0.5605555555555556,0.1052120692789586,-3.0947879307210417,1.3877787807814457e-16,-0.0,9.999977258291916e+17,6.287528530284812e-33,-1.558969779266954e-28,6.324146496739989e-63,-1.558969779266954e-28
0.5611111111111111,0.10521207086870399,-3.094787929131296,1.3877787807814457e-16,4.440892098500626e-16,9.999976639536704e+17,6.287528919329757e-33,-1.5589697792669392e-28,6.322507301858488e-63,-1.5589697792669392e-28
0.5616666666666666,0.10521207250194109,-3.094787927498059,1.1102230246251565e-16,4.440892098500626e-16,9.999976003853825e+17,6.28752931901824e-33,-1.5589697792669365e-28,6.32331202287554e-63,-1.5589697792669365e-28
0.5622222222222222,0.1052120741798534,-3.094787925820147,1.1102230246251565e-16,4.440892098500626e-16,9.999975350782671e+17,6.287529729639576e-33,-1.558969779266945e-28,6.323526197644635e-63,-1.558969779266945e-28
0.5627777777777778,0.10521207590365561,-3.0947879240963445,1.249000902703301e-16,8.881784197001252e-16,9.999974679850461e+17,6.287530151491221e-33,-1.5589697792669468e-28,6.325428117998833e-63,-1.5589697792669468e-28
0.5633333333333334,0.10521207767459834,-3.094787922325402,1.3877787807814457e-16,-0.0,9.999973990570433e+17,6.287530584879383e-33,-1.5589697792669522e-28,6.325408898860634e-63,-1.5589697792669522e-28
0.5638888888888888,0.1052120794939641,-3.094787920506036,1.8041124150158794e-16,4.440892098500626e-16,9.99997328244342e+17,6.287531030117509e-33,-1.5589697792669776e-28,6.322221842857102e-63,-1.5589697792669776e-28
0.5644444444444443,0.1052120813630707,-3.0947879186369294,1.8041124150158794e-16,4.440892098500626e-16,9.999972554956495e+17,6.287531487528515e-33,-1.55896977926696e-28,6.325140556043395e-63,-1.55896977926696e-28
0.5649999999999998,0.10521208328327397,-3.0947879167167263,1.942890293094024e-16,4.440892098500626e-16,9.999971807581969e+17,6.287531957443898e-33,-1.5589697792669415e-28,6.328557080486506e-63,-1.5589697792669415e-28
0.5655555555555555,0.10521208525596398,-3.0947879147440363,1.942890293094024e-16,-0.0,9.999971039778797e+17,6.287532440204e-33,-1.5589697792669307e-28,6.334708978171974e-63,-1.5589697792669307e-28
0.5661111111111111,0.10521208728257042,-3.09478791271743,1.249000902703301e-16,4.440892098500626e-16,9.999970250990506e+17,6.287532936158633e-33,-1.5589697792669154e-28,6.335714481613499e-63,-1.5589697792669154e-28
0.5666666666666667,0.10521208936456306,-3.094787910635437,1.249000902703301e-16,4.440892098500626e-16,9.999969440645098e+17,6.287533445667528e-33,-1.5589697792668955e-28,6.335561132700207e-63,-1.5589697792668955e-28
0.5672222222222222,0.10521209150344879,-3.0947879084965515,1.942890293094024e-16,4.440892098500626e-16,9.999968608156064e+17,6.287533969099443e-33,-1.5589697792669228e-28,6.334312409995804e-63,-1.5589697792669228e-28
0.5677777777777778,0.10521209370077839,-3.0947879062992216,1.3877787807814457e-16,4.440892098500626e-16,9.99996775291975e+17,6.287534506833941e-33,-1.5589697792669343e-28,6.334590057651073e-63,-1.5589697792669343e-28
0.5683333333333334,0.10521209595814485,-3.0947879040418553,1.8041124150158794e-16,4.440892098500626e-16,9.999966874316234e+17,6.28753505926069e-33,-1.5589697792669466e-28,6.340441265733108e-63,-1.5589697792669466e-28
0.5688888888888889,0.10521209827718181,-3.0947879017228184,9.71445146547012e-17,-0.0,9.99996597170959e+17,6.287535626779809e-33,-1.558969779266944e-28,6.342804062150244e-63,-1.558969779266944e-28
0.5694444444444444,0.10521210065957182,-3.0947878993404285,1.8041124150158794e-16,4.440892098500626e-16,9.999965044445068e+17,6.287536209802674e-33,-1.5589697792669417e-28,6.343091611903609e-63,-1.5589697792669417e-28
0.57,0.1052121031070406,-3.0947878968929596,1.249000902703301e-16,-0.0,9.999964091850877e+17,6.287536808751922e-33,-1.5589697792669379e-28,6.340279317886888e-63,-1.5589697792669379e-28
0.5705555555555556,0.1052121056213603,-3.0947878943786398,9.71445146547012e-17,4.440892098500626e-16,9.99996311323734e+17,6.287537424060999e-33,-1.5589697792669298e-28,6.338238127950142e-63,-1.5589697792669298e-28
0.5711111111111111,0.10521210820435511,-3.094787891795645,1.942890293094024e-16,-0.0,9.999962107894493e+17,6.287538056176578e-33,-1.5589697792669244e-28,6.338625282897135e-63,-1.5589697792669244e-28
0.5716666666666667,0.10521211085789534,-3.094787889142105,1.8041124150158794e-16,-0.0,9.999961075094308e+17,6.287538705556142e-33,-1.5589697792669217e-28,6.336506906849506e-63,-1.5589697792669217e-28
0.5722222222222222,0.10521211358390326,-3.094787886416097,1.942890293094024e-16,-0.0,9.999960014088662e+17,6.287539372670132e-33,-1.5589697792668995e-28,6.336484263446418e-63,-1.5589697792668995e-28
0.5727777777777778,0.10521211638435624,-3.094787883615644,2.220446049250313e-16,4.440892098500626e-16,9.999958924107937e+17,6.287540058002568e-33,-1.558969779266879e-28,6.337008126946235e-63,-1.558969779266879e-28
0.5733333333333334,0.10521211926128154,-3.0947878807387186,2.3592239273284576e-16,-0.0,9.99995780436309e+17,6.287540762049715e-33,-1.55896977926689e-28,6.333189755871622e-63,-1.55896977926689e-28
0.5738888888888888,0.10521212221676424,-3.094787877783236,1.8041124150158794e-16,4.440892098500626e-16,9.999956654042565e+17,6.287541485321507e-33,-1.5589697792668912e-28,6.330715803221836e-63,-1.5589697792668912e-28
0.5744444444444443,0.10521212525294765,-3.0947878747470527,2.220446049250313e-16,-0.0,9.999955472312223e+17,6.287542228342712e-33,-1.5589697792668912e-28,6.32842891914227e-63,-1.5589697792668912e-28
0.5749999999999998,0.10521212837202909,-3.094787871627971,1.1102230246251565e-16,4.440892098500626e-16,9.999954258316748e+17,6.287542991650962e-33,-1.5589697792668872e-28,6.326771156288001e-63,-1.5589697792668872e-28
0.5755555555555555,0.10521213157627063,-3.0947878684237295,1.8041124150158794e-16,4.440892098500626e-16,9.99995301117585e+17,6.287543775799796e-33,-1.5589697792668834e-28,6.32748371889021e-63,-1.5589697792668834e-28
0.5761111111111111,0.10521213486799463,-3.0947878651320053,1.3877787807814457e-16,8.881784197001252e-16,9.999951729985533e+17,6.287544581357677e-33,-1.5589697792668773e-28,6.330602456959078e-63,-1.5589697792668773e-28
0.5766666666666667,0.10521213824958375,-3.0947878617504165,1.5265566588595902e-16,4.440892098500626e-16,9.9999504138185e+17,6.287545408907721e-33,-1.558969779266884e-28,6.331124987769878e-63,-1.558969779266884e-28
0.5772222222222222,0.10521214172349092,-3.094787858276509,1.5265566588595902e-16,4.440892098500626e-16,9.999949061720026e+17,6.287546259050108e-33,-1.5589697792668944e-28,6.33068333243574e-63,-1.5589697792668944e-28
0.5777777777777777,0.1052121452922331,-3.094787854707767,1.942890293094024e-16,4.440892098500626e-16,9.9999476727105e+17,6.287547132400837e-33,-1.5589697792669237e-28,6.3272929756331e-63,-1.5589697792669237e-28
0.5783333333333334,0.10521214895839398,-3.0947878510416063,1.6653345369377348e-16,4.440892098500626e-16,9.999946245784288e+17,6.287548029592168e-33,-1.5589697792669397e-28,6.328366369698332e-63,-1.5589697792669397e-28
0.5788888888888889,0.10521215272463325,-3.094787847275367,1.3877787807814457e-16,4.440892098500626e-16,9.99994477990624e+17,6.287548951275215e-33,-1.558969779266946e-28,6.326517696820875e-63,-1.558969779266946e-28
0.5794444444444444,0.1052121565936785,-3.094787843406322,1.249000902703301e-16,4.440892098500626e-16,9.999943274014758e+17,6.287549898117177e-33,-1.5589697792669244e-28,6.323740495374901e-63,-1.5589697792669244e-28
0.58,0.10521216056833216,-3.094787839431668,1.942890293094024e-16,4.440892098500626e-16,9.999941727019136e+17,6.287550870804105e-33,-1.558969779266902e-28,6.324689760268211e-63,-1.558969779266902e-28
0.5805555555555556,0.10521216465147737,-3.094787835348523,2.498001805406602e-16,-0.0,9.9999401377972e+17,6.287551870041531e-33,-1.5589697792668838e-28,6.322991788378816e-63,-1.5589697792668838e-28
0.5811111111111111,0.1052121688460701,-3.09478783115393,1.942890293094024e-16,4.440892098500626e-16,9.999938505198419e+17,6.28755289655277e-33,-1.5589697792668977e-28,6.323048775917145e-63,-1.5589697792668977e-28
0.5816666666666667,0.10521217315515019,-3.09478782684485,1.5265566588595902e-16,-0.0,9.999936828039715e+17,6.28755395108186e-33,-1.5589697792668867e-28,6.32111642332024e-63,-1.5589697792668867e-28
0.5822222222222222,0.10521217758184265,-3.0947878224181578,1.8041124150158794e-16,4.440892098500626e-16,9.999935105104826e+17,6.2875550343934e-33,-1.5589697792668686e-28,6.320673603636379e-63,-1.5589697792668686e-28
0.5827777777777777,0.10521218212935157,-3.0947878178706487,1.942890293094024e-16,4.440892098500626e-16,9.999933335146674e+17,6.287556147271732e-33,-1.558969779266842e-28,6.32276467518153e-63,-1.558969779266842e-28
0.5833333333333334,0.10521218680097394,-3.094787813199026,1.6653345369377348e-16,4.440892098500626e-16,9.999931516882025e+17,6.287557290523718e-33,-1.5589697792668161e-28,6.322809920161592e-63,-1.5589697792668161e-28
0.5838888888888888,0.10521219160009654,-3.0947878083999036,1.5265566588595902e-16,-0.0,9.999929648992751e+17,6.287558464978108e-33,-1.5589697792667764e-28,6.318926378950369e-63,-1.5589697792667764e-28
0.5844444444444443,0.10521219653019293,-3.0947878034698073,1.8041124150158794e-16,-0.0,9.999927730126926e+17,6.287559671484922e-33,-1.558969779266778e-28,6.316896763726846e-63,-1.558969779266778e-28
0.5849999999999999,0.10521220159483885,-3.0947877984051613,1.6653345369377348e-16,4.440892098500626e-16,9.999925758892814e+17,6.28756091091929e-33,-1.5589697792667856e-28,6.319284324125384e-63,-1.5589697792667856e-28
0.5855555555555555,0.10521220679770438,-3.094787793202296,1.5265566588595902e-16,-0.0,9.999923733862021e+17,6.28756218417948e-33,-1.5589697792668078e-28,6.323292720583978e-63,-1.5589697792668078e-28
0.5861111111111111,0.10521221214255605,-3.0947877878574443,2.0816681711721685e-16,-0.0,9.999921653568613e+17,6.287563492187176e-33,-1.5589697792668002e-28,6.324910060290911e-63,-1.5589697792668002e-28
0.5866666666666667,0.10521221763327099,-3.0947877823667294,1.1102230246251565e-16,4.440892098500626e-16,9.999919516503508e+17,6.287564835891139e-33,-1.5589697792667977e-28,6.326352349434629e-63,-1.5589697792667977e-28
0.5872222222222222,0.10521222327382657,-3.094787776726174,1.5265566588595902e-16,-0.0,9.999917321118804e+17,6.287566216265052e-33,-1.558969779266803e-28,6.32534547830513e-63,-1.558969779266803e-28
0.5877777777777777,0.1052122290683074,-3.094787770931693,1.6653345369377348e-16,4.440892098500626e-16,9.999915065824685e+17,6.287567634308074e-33,-1.5589697792667901e-28,6.322494136708408e-63,-1.5589697792667901e-28
0.5883333333333334,0.10521223502091687,-3.0947877649790834,8.326672684688674e-17,4.440892098500626e-16,9.999912748985155e+17,6.287569091049293e-33,-1.558969779266772e-28,6.321632862419843e-63,-1.558969779266772e-28
0.5888888888888889,0.10521224113596545,-3.094787758864035,1.6653345369377348e-16,-4.440892098500626e-16,9.999910368922652e+17,6.287570587543621e-33,-1.5589697792667031e-28,6.317922931809595e-63,-1.5589697792667031e-28
0.5894444444444444,0.1052122474178831,-3.0947877525821172,1.6653345369377348e-16,-0.0,9.999907923912929e+17,6.287572124874838e-33,-1.5589697792667527e-28,6.314413888644363e-63,-1.5589697792667527e-28
0.59,0.10521225387122629,-3.094787746128774,1.942890293094024e-16,-0.0,9.999905412182633e+17,6.287573704158348e-33,-1.5589697792668107e-28,6.308860012609088e-63,-1.5589697792668107e-28
0.5905555555555555,0.10521226050066657,-3.0947877394993335,1.3877787807814457e-16,4.440892098500626e-16,9.999902831913544e+17,6.287575326537263e-33,-1.5589697792668298e-28,6.308549853296511e-63,-1.5589697792668298e-28
0.5911111111111111,0.10521226731100913,-3.094787732688991,2.498001805406602e-16,4.440892098500626e-16,9.99990018123556e+17,6.287576993187666e-33,-1.55896977926684e-28,6.309780775676074e-63,-1.55896977926684e-28
0.5916666666666667,0.1052122743071921,-3.0947877256928082,2.0816681711721685e-16,-0.0,9.99989745822664e+17,6.287578705318074e-33,-1.5589697792668531e-28,6.309089897964188e-63,-1.5589697792668531e-28
0.5922222222222222,0.10521228149427941,-3.094787718505721,1.3877787807814457e-16,-0.0,9.999894660915926e+17,6.287580464167657e-33,-1.5589697792668892e-28,6.305030595819883e-63,-1.5589697792668892e-28
0.5927777777777777,0.10521228887748435,-3.0947877111225157,1.8041124150158794e-16,4.440892098500626e-16,9.999891787274464e+17,6.287582271012402e-33,-1.558969779266862e-28,6.30153776301491e-63,-1.558969779266862e-28
0.5933333333333334,0.10521229646215324,-3.094787703537847,1.8041124150158794e-16,4.440892098500626e-16,9.999888835221398e+17,6.287584127160727e-33,-1.5589697792668311e-28,6.299012311001416e-63,-1.5589697792668311e-28
0.5938888888888888,0.10521230425378314,-3.0947876957462173,1.942890293094024e-16,-0.0,9.999885802617297e+17,6.28758603395787e-33,-1.5589697792668285e-28,6.298724011216462e-63,-1.5589697792668285e-28
0.5944444444444443,0.10521231225802019,-3.09478768774198,1.6653345369377348e-16,-0.0,9.999882687264655e+17,6.287587992785619e-33,-1.558969779266688e-28,6.298180178977716e-63,-1.558969779266688e-28
0.5949999999999999,0.10521232048066453,-3.0947876795193356,1.6653345369377348e-16,4.440892098500626e-16,9.99987948690609e+17,6.287590005063379e-33,-1.5589697792667441e-28,6.295562669638936e-63,-1.5589697792667441e-28
0.5955555555555555,0.10521232892767407,-3.094787671072326,1.6653345369377348e-16,4.440892098500626e-16,9.999876199222781e+17,6.287592072249516e-33,-1.5589697792667045e-28,6.297813642065925e-63,-1.5589697792667045e-28
0.5961111111111111,0.10521233760516979,-3.0947876623948303,1.3877787807814457e-16,4.440892098500626e-16,9.999872821832438e+17,6.287594195841802e-33,-1.5589697792667332e-28,6.300325200821436e-63,-1.5589697792667332e-28
0.5966666666666667,0.10521234651943989,-3.0947876534805605,2.0816681711721685e-16,-0.0,9.99986935228776e+17,6.287596377379206e-33,-1.5589697792666787e-28,6.297983606441579e-63,-1.5589697792666787e-28
0.5972222222222222,0.10521235567694331,-3.094787644323057,1.6653345369377348e-16,-0.0,9.999865788074866e+17,6.287598618442521e-33,-1.558969779266826e-28,6.294972585204134e-63,-1.558969779266826e-28
0.5977777777777777,0.10521236508431586,-3.094787634915684,1.8041124150158794e-16,4.440892098500626e-16,9.999862126611177e+17,6.287600920655604e-33,-1.558969779266858e-28,6.293494605843353e-63,-1.558969779266858e-28
0.5983333333333334,0.10521237474837447,-3.0947876252516258,1.6653345369377348e-16,-0.0,9.999858365243537e+17,6.287603285686998e-33,-1.558969779266875e-28,6.291968332985158e-63,-1.558969779266875e-28
0.5988888888888889,0.10521238467612187,-3.0947876153238782,2.0816681711721685e-16,4.440892098500626e-16,9.999854501246547e+17,6.28760571525037e-33,-1.558969779266854e-28,6.291540765117829e-63,-1.558969779266854e-28
0.5994444444444444,0.10521239487475142,-3.0947876051252488,1.5265566588595902e-16,4.440892098500626e-16,9.999850531820536e+17,6.287608211106215e-33,-1.5589697792668359e-28,6.291331974527743e-63,-1.5589697792668359e-28
0.6,0.10521240535165366,-3.0947875946483467,1.8041124150158794e-16,-0.0,9.999846454089211e+17,6.28761077506328e-33,-1.5589697792667832e-28,6.291783645542853e-63,-1.5589697792667832e-28
0.6005555555555555,0.10521241611442034,-3.09478758388558,1.8041124150158794e-16,-0.0,9.999842265097859e+17,6.287613408979554e-33,-1.558969779266798e-28,6.293827599564453e-63,-1.558969779266798e-28
0.6011111111111112,0.10521242717084994,-3.09478757282915,1.8041124150158794e-16,4.440892098500626e-16,9.99983796181138e+17,6.287616114763602e-33,-1.5589697792667585e-28,6.293683414032519e-63,-1.5589697792667585e-28
0.6016666666666667,0.10521243852895423,-3.094787561471046,1.3877787807814457e-16,4.440892098500626e-16,9.999833541111648e+17,6.287618894376085e-33,-1.558969779266821e-28,6.297057240379635e-63,-1.558969779266821e-28
0.6022222222222222,0.10521245019696385,-3.094787549803036,1.6653345369377348e-16,4.440892098500626e-16,9.999828999795396e+17,6.287621749831557e-33,-1.5589697792668466e-28,6.297372430007957e-63,-1.5589697792668466e-28
0.6027777777777777,0.10521246218333313,-3.094787537816667,1.249000902703301e-16,4.440892098500626e-16,9.999824334572215e+17,6.287624683198899e-33,-1.5589697792667982e-28,6.296791356750608e-63,-1.5589697792667982e-28
0.6033333333333333,0.10521247449674753,-3.0947875255032526,1.1102230246251565e-16,4.440892098500626e-16,9.999819542061856e+17,6.287627696603917e-33,-1.5589697792667832e-28,6.297410759144258e-63,-1.5589697792667832e-28
0.6038888888888888,0.10521248714613002,-3.09478751285387,1.942890293094024e-16,-0.0,9.999814618791616e+17,6.287630792230412e-33,-1.55896977926671e-28,6.30018843843636e-63,-1.55896977926671e-28
0.6044444444444443,0.10521250014064609,-3.094787499859354,1.1102230246251565e-16,4.440892098500626e-16,9.999809561194275e+17,6.287633972321351e-33,-1.558969779266682e-28,6.301359015153446e-63,-1.558969779266682e-28
0.6049999999999999,0.10521251348971167,-3.0947874865102887,1.8041124150158794e-16,-0.0,9.999804365605402e+17,6.287637239181445e-33,-1.558969779266899e-28,6.300081255823303e-63,-1.558969779266899e-28
0.6055555555555555,0.10521252720299984,-3.0947874727970004,1.5265566588595902e-16,4.440892098500626e-16,9.99979902826025e+17,6.287640595177871e-33,-1.558969779267044e-28,6.299874339712658e-63,-1.558969779267044e-28
0.6061111111111112,0.1052125412904476,-3.0947874587095527,1.3877787807814457e-16,-0.0,9.99979354529152e+17,6.28764404274278e-33,-1.5589697792668702e-28,6.298812339705897e-63,-1.5589697792668702e-28
0.6066666666666667,0.1052125557622624,-3.094787444237738,1.3877787807814457e-16,-0.0,9.999787912726614e+17,6.287647584374178e-33,-1.558969779266688e-28,6.299954932986283e-63,-1.558969779266688e-28
0.6072222222222222,0.10521257062893091,-3.094787429371069,1.942890293094024e-16,-0.0,9.999782126484301e+17,6.287651222638797e-33,-1.5589697792667334e-28,6.295881377415072e-63,-1.5589697792667334e-28
0.6077777777777778,0.1052125859012259,-3.094787414098774,1.5265566588595902e-16,4.440892098500626e-16,9.999776182371928e+17,6.287654960172897e-33,-1.5589697792668545e-28,6.296502174081887e-63,-1.5589697792668545e-28
0.6083333333333333,0.1052126015902135,-3.0947873984097867,1.942890293094024e-16,-0.0,9.999770076082808e+17,6.287658799685124e-33,-1.5589697792667502e-28,6.298695285970131e-63,-1.5589697792667502e-28
0.6088888888888889,0.10521261770726198,-3.094787382292738,1.942890293094024e-16,-0.0,9.999763803192579e+17,6.28766274395767e-33,-1.558969779266859e-28,6.29595513805831e-63,-1.558969779266859e-28
0.6094444444444445,0.10521263426405036,-3.0947873657359497,1.5265566588595902e-16,4.440892098500626e-16,9.999757359155978e+17,6.287666795848783e-33,-1.558969779266889e-28,6.296910787575208e-63,-1.558969779266889e-28
0.61,0.10521265127257573,-3.0947873487274244,1.1102230246251565e-16,-0.0,9.999750739303995e+17,6.287670958294903e-33,-1.5589697792668531e-28,6.295381710755018e-63,-1.5589697792668531e-28
0.6105555555555555,0.10521266874516205,-3.094787331254838,1.249000902703301e-16,-0.0,9.999743938840424e+17,6.287675234312191e-33,-1.5589697792670733e-28,6.2991559015775e-63,-1.5589697792670733e-28
0.6111111111111112,0.10521268669447081,-3.0947873133055293,1.8041124150158794e-16,4.440892098500626e-16,9.999736952837677e+17,6.287679626999296e-33,-1.5589697792671486e-28,6.296962963665735e-63,-1.5589697792671486e-28
0.6116666666666667,0.10521270513350811,-3.0947872948664923,1.1102230246251565e-16,-0.0,9.999729776234029e+17,6.287684139539675e-33,-1.5589697792671435e-28,6.295577307683563e-63,-1.5589697792671435e-28
0.6122222222222222,0.10521272407563442,-3.0947872759243658,1.6653345369377348e-16,4.440892098500626e-16,9.999722403829988e+17,6.287688775203116e-33,-1.5589697792671264e-28,6.29650206316288e-63,-1.5589697792671264e-28
0.6127777777777776,0.10521274353457571,-3.0947872564654246,1.6653345369377348e-16,4.440892098500626e-16,9.999714830283685e+17,6.287693537349135e-33,-1.5589697792671897e-28,6.298143869030949e-63,-1.5589697792671897e-28
0.6133333333333332,0.10521276352443243,-3.0947872364755677,1.249000902703301e-16,-0.0,9.999707050107615e+17,6.287698429428859e-33,-1.558969779267137e-28,6.299940549355077e-63,-1.558969779267137e-28
0.6138888888888888,0.10521278405968865,-3.0947872159403116,1.1102230246251565e-16,4.440892098500626e-16,9.999699057664995e+17,6.287703454986888e-33,-1.558969779267283e-28,6.299069588752183e-63,-1.558969779267283e-28
0.6144444444444443,0.10521280515522441,-3.0947871948447756,1.249000902703301e-16,4.440892098500626e-16,9.999690847164937e+17,6.287708617665423e-33,-1.5589697792672154e-28,6.301049031853534e-63,-1.5589697792672154e-28
0.6149999999999999,0.10521282682632621,-3.094787173173674,1.1102230246251565e-16,8.881784197001252e-16,9.999682412658376e+17,6.287713921205778e-33,-1.5589697792671343e-28,6.300304575982875e-63,-1.5589697792671343e-28
0.6155555555555555,0.10521284908869655,-3.0947871509113036,1.5265566588595902e-16,-0.0,9.999673748034433e+17,6.287719369451328e-33,-1.5589697792670894e-28,6.298581655202131e-63,-1.5589697792670894e-28
0.6161111111111112,0.10521287195846635,-3.094787128041534,8.326672684688674e-17,-0.0,9.999664847015409e+17,6.287724966349836e-33,-1.5589697792670598e-28,6.301081933336033e-63,-1.5589697792670598e-28
0.6166666666666667,0.10521289545220808,-3.094787104547792,1.1102230246251565e-16,4.440892098500626e-16,9.99965570315194e+17,6.287730715957661e-33,-1.5589697792670148e-28,6.300062917434982e-63,-1.5589697792670148e-28
0.6172222222222222,0.10521291958694506,-3.094787080413055,1.942890293094024e-16,4.440892098500626e-16,9.99964630981914e+17,6.287736622441268e-33,-1.5589697792669567e-28,6.298470900802797e-63,-1.5589697792669567e-28
0.6177777777777778,0.10521294438016437,-3.094787055619836,1.249000902703301e-16,-0.0,9.999636660211602e+17,6.287742690080805e-33,-1.5589697792670105e-28,6.300491886890752e-63,-1.5589697792670105e-28
0.6183333333333333,0.10521296984983236,-3.094787030150168,1.5265566588595902e-16,-4.440892098500626e-16,9.999626747337618e+17,6.287748923273687e-33,-1.5589697792668634e-28,6.302298860713664e-63,-1.5589697792668634e-28
0.6188888888888889,0.1052129960144042,-3.094787003985596,9.71445146547012e-17,-0.0,9.99961656401509e+17,6.287755326536643e-33,-1.5589697792664628e-28,6.305608208019943e-63,-1.5589697792664628e-28
0.6194444444444445,0.10521302289283785,-3.0947869771071623,9.71445146547012e-17,-0.0,9.999606102866431e+17,6.287761904510103e-33,-1.558969779266456e-28,6.304799111252318e-63,-1.558969779266456e-28
0.62,0.10521305050461005,-3.09478694949539,1.6653345369377348e-16,4.440892098500626e-16,9.999595356312123e+17,6.287768661960964e-33,-1.5589697792666072e-28,6.302993534692612e-63,-1.5589697792666072e-28
0.6205555555555555,0.10521307886972864,-3.0947869211302717,1.8041124150158794e-16,-0.0,9.999584316565976e+17,6.287775603786534e-33,-1.5589697792667202e-28,6.303040357241354e-63,-1.5589697792667202e-28
0.6211111111111111,0.10521310800874573,-3.0947868919912542,1.5265566588595902e-16,4.440892098500626e-16,9.999572975630061e+17,6.287782735017022e-33,-1.5589697792666415e-28,6.304818954773443e-63,-1.5589697792666415e-28
0.6216666666666667,0.10521313794277576,-3.0947868620572243,1.5265566588595902e-16,4.440892098500626e-16,9.999561325287679e+17,6.287790060820554e-33,-1.5589697792669695e-28,6.304954439013614e-63,-1.5589697792669695e-28
0.6222222222222222,0.1052131686935096,-3.0947868313064903,2.0816681711721685e-16,4.440892098500626e-16,9.999549357097838e+17,6.287797586506213e-33,-1.5589697792665525e-28,6.302475511996331e-63,-1.5589697792665525e-28
0.6227777777777777,0.105213200283228,-3.094786799716772,1.3877787807814457e-16,4.440892098500626e-16,9.999537062389969e+17,6.287805317527607e-33,-1.5589697792667235e-28,6.30340296622386e-63,-1.5589697792667235e-28
0.6233333333333332,0.10521323273482058,-3.0947867672651794,1.3877787807814457e-16,4.440892098500626e-16,9.99952443225672e+17,6.287813259487174e-33,-1.5589697792668455e-28,6.301496564683545e-63,-1.5589697792668455e-28
0.6238888888888888,0.10521326607180259,-3.0947867339281974,1.5265566588595902e-16,4.440892098500626e-16,9.999511457547246e+17,6.28782141814082e-33,-1.5589697792669314e-28,6.301973102751147e-63,-1.5589697792669314e-28
0.6244444444444444,0.1052133003183291,-3.094786699681671,1.6653345369377348e-16,4.440892098500626e-16,9.999498128861784e+17,6.287829799400786e-33,-1.558969779266737e-28,6.300241083312363e-63,-1.558969779266737e-28
0.625,0.10521333549921397,-3.094786664500786,1.942890293094024e-16,8.881784197001252e-16,9.999484436544265e+17,6.287838409340835e-33,-1.5589697792666746e-28,6.30051172116477e-63,-1.5589697792666746e-28
0.6255555555555555,0.10521337163995026,-3.09478662836005,1.5265566588595902e-16,4.440892098500626e-16,9.999470370674326e+17,6.287847254201078e-33,-1.5589697792669493e-28,6.301241710846939e-63,-1.5589697792669493e-28
0.6261111111111111,0.10521340876672486,-3.0947865912332753,1.3877787807814457e-16,4.440892098500626e-16,9.999455921061747e+17,6.287856340391104e-33,-1.5589697792674029e-28,6.298334463604827e-63,-1.5589697792674029e-28
0.6266666666666667,0.10521344690643808,-3.094786553093562,1.5265566588595902e-16,-0.0,9.999441077238702e+17,6.287865674495528e-33,-1.5589697792663594e-28,6.29778064176642e-63,-1.5589697792663594e-28
0.6272222222222222,0.10521348608672687,-3.0947865139132733,1.6653345369377348e-16,4.440892098500626e-16,9.999425828450778e+17,6.287875263279083e-33,-1.5589697792659276e-28,6.29823780401991e-63,-1.5589697792659276e-28
0.6277777777777778,0.10521352633598069,-3.0947864736640196,1.249000902703301e-16,-0.0,9.99941016365078e+17,6.287885113691005e-33,-1.5589697792662096e-28,6.297415252630145e-63,-1.5589697792662096e-28
0.6283333333333333,0.10521356768336204,-3.094786432316638,1.3877787807814457e-16,4.440892098500626e-16,9.999394071490834e+17,6.287895232869328e-33,-1.5589697792659585e-28,6.29743276166667e-63,-1.5589697792659585e-28
0.6288888888888889,0.10521361015883168,-3.0947863898411683,1.1102230246251565e-16,4.440892098500626e-16,9.999377540312457e+17,6.287905628148214e-33,-1.5589697792660022e-28,6.298700501057513e-63,-1.5589697792660022e-28
0.6294444444444445,0.10521365379316722,-3.094786346206833,2.0816681711721685e-16,4.440892098500626e-16,9.999360558139464e+17,6.287916307061171e-33,-1.5589697792662197e-28,6.299562340565755e-63,-1.5589697792662197e-28
0.63,0.10521369861798335,-3.0947863013820167,1.942890293094024e-16,4.440892098500626e-16,9.999343112669878e+17,6.287927277347053e-33,-1.5589697792666134e-28,6.296644174671109e-63,-1.5589697792666134e-28
0.6305555555555555,0.10521374466576011,-3.09478625533424,1.942890293094024e-16,8.881784197001252e-16,9.999325191265231e+17,6.287938546956405e-33,-1.5589697792664182e-28,6.297280152422343e-63,-1.5589697792664182e-28
0.6311111111111111,0.1052137919698638,-3.0947862080301363,2.0816681711721685e-16,4.440892098500626e-16,9.999306780942244e+17,6.287950124057003e-33,-1.5589697792661339e-28,6.300989518586122e-63,-1.5589697792661339e-28
0.6316666666666667,0.10521384056456795,-3.094786159435432,8.326672684688674e-17,8.881784197001252e-16,9.999287868364641e+17,6.287962017038253e-33,-1.5589697792657401e-28,6.300050180177429e-63,-1.5589697792657401e-28
0.6322222222222222,0.10521389048508378,-3.0947861095149163,1.942890293094024e-16,4.440892098500626e-16,9.999268439831602e+17,6.287974234519936e-33,-1.5589697792654343e-28,6.299696356717127e-63,-1.5589697792654343e-28
0.6327777777777777,0.10521394176758347,-3.0947860582324167,9.71445146547012e-17,-0.0,9.999248481268182e+17,6.287986785356435e-33,-1.558969779265034e-28,6.298078734986658e-63,-1.558969779265034e-28
0.6333333333333332,0.10521399444922358,-3.0947860055507768,1.5265566588595902e-16,-0.0,9.99922797821682e+17,6.287999678643419e-33,-1.5589697792655388e-28,6.298417518315488e-63,-1.5589697792655388e-28
0.6338888888888887,0.1052140485681754,-3.0947859514318248,2.220446049250313e-16,4.440892098500626e-16,9.999206915825073e+17,6.288012923725114e-33,-1.5589697792661074e-28,6.298091372217162e-63,-1.5589697792661074e-28
0.6344444444444444,0.10521410416365362,-3.0947858958363463,1.6653345369377348e-16,4.440892098500626e-16,9.999185278834609e+17,6.288026530201264e-33,-1.558969779266955e-28,6.300423702357967e-63,-1.558969779266955e-28
0.635,0.10521416127593963,-3.0947858387240608,1.6653345369377348e-16,-0.0,9.999163051572328e+17,6.288040507932592e-33,-1.5589697792660224e-28,6.302897179313506e-63,-1.5589697792660224e-28
0.6355555555555555,0.10521421994641428,-3.094785780053586,1.6653345369377348e-16,4.440892098500626e-16,9.999140217937382e+17,6.288054867049213e-33,-1.5589697792657336e-28,6.304639169959899e-63,-1.5589697792657336e-28
0.6361111111111111,0.10521428021759027,-3.09478571978241,1.1102230246251565e-16,-0.0,9.999116761388676e+17,6.288069617958687e-33,-1.5589697792654366e-28,6.305402016626968e-63,-1.5589697792654366e-28
0.6366666666666667,0.10521434213313685,-3.094785657866863,1.3877787807814457e-16,4.440892098500626e-16,9.999092664935361e+17,6.2880847713512e-33,-1.5589697792655491e-28,6.308502172953565e-63,-1.5589697792655491e-28
0.6372222222222222,0.10521440573791407,-3.094785594262086,1.6653345369377348e-16,4.440892098500626e-16,9.999067911123343e+17,6.28810033820897e-33,-1.5589697792661962e-28,6.308184905939834e-63,-1.5589697792661962e-28
0.6377777777777778,0.10521447107800991,-3.09478552892199,8.326672684688674e-17,4.440892098500626e-16,9.999042482020932e+17,6.288116329815008e-33,-1.5589697792658446e-28,6.306092522564453e-63,-1.5589697792658446e-28
0.6383333333333333,0.10521453820076637,-3.094785461799234,1.5265566588595902e-16,4.440892098500626e-16,9.999016359208863e+17,6.288132757758938e-33,-1.5589697792659325e-28,6.30566776867803e-63,-1.5589697792659325e-28
0.6388888888888888,0.10521460715481545,-3.0947853928451847,1.5265566588595902e-16,-0.0,9.998989523765976e+17,6.288149633947108e-33,-1.5589697792652303e-28,6.303696552683876e-63,-1.5589697792652303e-28
0.6394444444444445,0.10521467799012096,-3.094785322009879,1.6653345369377348e-16,4.440892098500626e-16,9.998961956253277e+17,6.288166970611179e-33,-1.5589697792651063e-28,6.306073918115544e-63,-1.5589697792651063e-28
0.64,0.10521475075800618,-3.094785249241994,2.0816681711721685e-16,4.440892098500626e-16,9.998933636703037e+17,6.288184780316363e-33,-1.5589697792656722e-28,6.304610953712991e-63,-1.5589697792656722e-28
0.6405555555555555,0.10521482551119254,-3.0947851744888077,1.6653345369377348e-16,-0.0,9.998904544603754e+17,6.288203075970191e-33,-1.558969779267003e-28,6.30308215207968e-63,-1.558969779267003e-28
0.6411111111111111,0.10521490230384622,-3.094785097696154,1.8041124150158794e-16,-0.0,9.998874658882179e+17,6.288221870833879e-33,-1.5589697792670125e-28,6.301958716409062e-63,-1.5589697792670125e-28
0.6416666666666667,0.10521498119160405,-3.094785018808396,2.0816681711721685e-16,4.440892098500626e-16,9.998843957893085e+17,6.288241178529041e-33,-1.558969779266788e-28,6.299461011768207e-63,-1.558969779266788e-28
0.6422222222222222,0.10521506223162436,-3.0947849377683756,1.942890293094024e-16,8.881784197001252e-16,9.998812419399584e+17,6.288261013049865e-33,-1.5589697792673208e-28,6.297532611056209e-63,-1.5589697792673208e-28
0.6427777777777777,0.10521514548262417,-3.094784854517376,9.71445146547012e-17,4.440892098500626e-16,9.998780020558685e+17,6.288281388772421e-33,-1.5589697792667688e-28,6.296080744120153e-63,-1.5589697792667688e-28
0.6433333333333332,0.1052152310049222,-3.094784768995078,1.5265566588595902e-16,4.440892098500626e-16,9.998746737904698e+17,6.288302320465132e-33,-1.5589697792668027e-28,6.297330416865942e-63,-1.5589697792668027e-28
0.6438888888888887,0.10521531886048213,-3.094784681139518,1.3877787807814457e-16,4.440892098500626e-16,9.998712547332102e+17,6.28832382329925e-33,-1.5589697792651668e-28,6.295438280085056e-63,-1.5589697792651668e-28
0.6444444444444444,0.10521540911295851,-3.0947845908870417,1.5265566588595902e-16,4.440892098500626e-16,9.998677424078079e+17,6.288345912860232e-33,-1.5589697792653881e-28,6.295237281665118e-63,-1.5589697792653881e-28
0.645,0.10521550182774209,-3.094784498172258,1.249000902703301e-16,4.440892098500626e-16,9.998641342704673e+17,6.288368605159098e-33,-1.558969779264328e-28,6.295088356750118e-63,-1.558969779264328e-28
0.6455555555555555,0.10521559707200728,-3.094784402927993,1.5265566588595902e-16,-0.0,9.998604277080484e+17,6.288391916643547e-33,-1.5589697792635855e-28,6.295103576510914e-63,-1.5589697792635855e-28
0.6461111111111111,0.10521569491476124,-3.094784305085239,1.942890293094024e-16,4.440892098500626e-16,9.998566200361505e+17,6.288415864210212e-33,-1.558969779264774e-28,6.294746943877393e-63,-1.558969779264774e-28
0.6466666666666666,0.10521579542689313,-3.094784204573107,1.249000902703301e-16,4.440892098500626e-16,9.998527084972009e+17,6.288440465217301e-33,-1.5589697792634913e-28,6.29657671428609e-63,-1.5589697792634913e-28
0.6472222222222223,0.1052158986812261,-3.094784101318774,1.1102230246251565e-16,4.440892098500626e-16,9.998486902584493e+17,6.288465737496401e-33,-1.558969779263495e-28,6.296998086451557e-63,-1.558969779263495e-28
0.6477777777777778,0.10521600475256998,-3.0947839952474303,1.3877787807814457e-16,4.440892098500626e-16,9.998445624099055e+17,6.288491699366016e-33,-1.5589697792642815e-28,6.296162941078115e-63,-1.5589697792642815e-28
0.6483333333333333,0.1052161137177749,-3.0947838862822254,1.942890293094024e-16,4.440892098500626e-16,9.998403219622644e+17,6.288518369644454e-33,-1.5589697792633743e-28,6.296559404698552e-63,-1.5589697792633743e-28
0.6488888888888888,0.10521622565578714,-3.0947837743442133,9.71445146547012e-17,-0.0,9.998359658447269e+17,6.288545767663899e-33,-1.5589697792627515e-28,6.296709273046419e-63,-1.5589697792627515e-28
0.6494444444444445,0.1052163406477073,-3.094783659352293,1.3877787807814457e-16,8.881784197001252e-16,9.99831490902773e+17,6.288573913283839e-33,-1.5589697792638173e-28,6.295921808393867e-63,-1.5589697792638173e-28
0.65,0.10521645877684732,-3.094783541223153,1.6653345369377348e-16,-0.0,9.998268938959059e+17,6.288602826906565e-33,-1.5589697792635768e-28,6.294742339262231e-63,-1.5589697792635768e-28
0.6505555555555556,0.10521658012879198,-3.094783419871208,1.5265566588595902e-16,4.440892098500626e-16,9.998221714952938e+17,6.288632529490347e-33,-1.5589697792613746e-28,6.293300417795478e-63,-1.5589697792613746e-28
0.6511111111111111,0.10521670479146084,-3.0947832952085395,1.6653345369377348e-16,4.440892098500626e-16,9.998173202813577e+17,6.288663042566184e-33,-1.558969779261916e-28,6.29273766217226e-63,-1.558969779261916e-28
0.6516666666666666,0.10521683285517142,-3.0947831671448287,2.220446049250313e-16,-0.0,9.998123367413178e+17,6.288694388252766e-33,-1.558969779262638e-28,6.292584837672554e-63,-1.558969779262638e-28
0.6522222222222221,0.1052169644127044,-3.094783035587296,8.326672684688674e-17,-0.0,9.998072172666542e+17,6.288726589272154e-33,-1.5589697792650036e-28,6.292247220652173e-63,-1.5589697792650036e-28
0.6527777777777777,0.1052170995593723,-3.0947829004406278,1.942890293094024e-16,8.881784197001252e-16,9.998019581504778e+17,6.288759668966907e-33,-1.5589697792650698e-28,6.292257644996541e-63,-1.5589697792650698e-28
0.6533333333333332,0.10521723839308633,-3.094782761606914,8.326672684688674e-17,4.440892098500626e-16,9.99796555584874e+17,6.288793651317099e-33,-1.55896977926712e-28,6.294802406729171e-63,-1.55896977926712e-28
0.6538888888888887,0.1052173810144289,-3.094782618985571,1.8041124150158794e-16,4.440892098500626e-16,9.997910056581612e+17,6.288828560956993e-33,-1.5589697792667446e-28,6.295311480531216e-63,-1.5589697792667446e-28
0.6544444444444444,0.10521752752672597,-3.094782472473274,1.942890293094024e-16,4.440892098500626e-16,9.997853043520187e+17,6.288864423193335e-33,-1.558969779266084e-28,6.294173442316688e-63,-1.558969779266084e-28
0.655,0.10521767803612159,-3.0947823219638786,2.220446049250313e-16,4.440892098500626e-16,9.997794475386405e+17,6.288901264023988e-33,-1.5589697792664258e-28,6.291886657108529e-63,-1.5589697792664258e-28
0.6555555555555556,0.10521783265165474,-3.0947821673483453,1.8041124150158794e-16,4.440892098500626e-16,9.997734309777298e+17,6.288939110156232e-33,-1.558969779264641e-28,6.291011742286076e-63,-1.558969779264641e-28
0.6561111111111111,0.10521799148533922,-3.094782008514661,1.6653345369377348e-16,4.440892098500626e-16,9.997672503134179e+17,6.28897798902675e-33,-1.5589697792659148e-28,6.290711028853039e-63,-1.5589697792659148e-28
0.6566666666666666,0.10521815465224355,-3.0947818453477565,1.249000902703301e-16,8.881784197001252e-16,9.9976090107115e+17,6.289017928821188e-33,-1.558969779266598e-28,6.29416654722948e-63,-1.558969779266598e-28
0.6572222222222223,0.10521832227057454,-3.0947816777294257,1.3877787807814457e-16,4.440892098500626e-16,9.997543786544558e+17,6.289058958494497e-33,-1.5589697792663094e-28,6.295590986944704e-63,-1.5589697792663094e-28
0.6577777777777778,0.10521849446176362,-3.0947815055382364,1.8041124150158794e-16,8.881784197001252e-16,9.99747678341594e+17,6.289101107792293e-33,-1.5589697792658688e-28,6.295308409226873e-63,-1.5589697792658688e-28
0.6583333333333333,0.10521867135055402,-3.094781328649446,2.0816681711721685e-16,-0.0,9.997407952821745e+17,6.289144407272466e-33,-1.5589697792660195e-28,6.293293775866667e-63,-1.5589697792660195e-28
0.6588888888888889,0.10521885306509066,-3.0947811469349094,1.249000902703301e-16,4.440892098500626e-16,9.99733724493673e+17,6.289188888326624e-33,-1.5589697792639958e-28,6.293184312428511e-63,-1.5589697792639958e-28
0.6594444444444444,0.10521903973701446,-3.0947809602629857,1.3877787807814457e-16,-0.0,9.997264608577885e+17,6.289234583204043e-33,-1.558969779262365e-28,6.296738657615861e-63,-1.558969779262365e-28
0.66,0.10521923150155632,-3.0947807684984436,1.6653345369377348e-16,4.440892098500626e-16,9.997189991167791e+17,6.289281525034287e-33,-1.5589697792637e-28,6.298248115175778e-63,-1.5589697792637e-28
0.6605555555555556,0.10521942849763488,-3.0947805715023655,1.942890293094024e-16,4.440892098500626e-16,9.997113338696846e+17,6.289329747851511e-33,-1.558969779265005e-28,6.29743142859198e-63,-1.558969779265005e-28
0.6611111111111111,0.10521963086795805,-3.0947803691320424,1.3877787807814457e-16,4.440892098500626e-16,9.997034595683916e+17,6.289379286619073e-33,-1.5589697792651823e-28,6.296463982772062e-63,-1.5589697792651823e-28
0.6616666666666665,0.10521983875912616,-3.094780161240874,2.3592239273284576e-16,4.440892098500626e-16,9.99695370513646e+17,6.289430177255277e-33,-1.558969779266254e-28,6.294542374445293e-63,-1.558969779266254e-28
0.6622222222222222,0.10522005232173665,-3.0947799476782634,1.6653345369377348e-16,4.440892098500626e-16,9.996870608509704e+17,6.289482456658788e-33,-1.5589697792624223e-28,6.293774710844628e-63,-1.5589697792624223e-28
0.6627777777777777,0.10522027171049492,-3.094779728289505,1.8041124150158794e-16,8.881784197001252e-16,9.996785245664069e+17,6.289536162735923e-33,-1.5589697792617091e-28,6.294094594265578e-63,-1.5589697792617091e-28
0.6633333333333332,0.10522049708432563,-3.0947795029156744,1.3877787807814457e-16,4.440892098500626e-16,9.996697554821755e+17,6.289591334428484e-33,-1.5589697792622089e-28,6.292114999367507e-63,-1.5589697792622089e-28
0.6638888888888888,0.10522072860648718,-3.094779271393513,2.220446049250313e-16,4.440892098500626e-16,9.99660747252264e+17,6.289648011741241e-33,-1.558969779262071e-28,6.292989957159136e-63,-1.558969779262071e-28
0.6644444444444444,0.10522096644468981,-3.0947790335553105,1.1102230246251565e-16,-0.0,9.996514933578266e+17,6.289706235771484e-33,-1.5589697792599668e-28,6.295664141197257e-63,-1.5589697792599668e-28
0.665,0.10522121077121888,-3.0947787892287812,1.6653345369377348e-16,-0.0,9.996419871024553e+17,6.289766048739024e-33,-1.5589697792623757e-28,6.294736944116897e-63,-1.5589697792623757e-28
0.6655555555555556,0.1052214617630568,-3.0947785382369433,1.3877787807814457e-16,4.440892098500626e-16,9.9963222160741e+17,6.289827494016383e-33,-1.5589697792630082e-28,6.293106543675667e-63,-1.5589697792630082e-28
0.6661111111111111,0.10522171960201243,-3.0947782803979877,1.6653345369377348e-16,4.440892098500626e-16,9.996221898066516e+17,6.289890616160775e-33,-1.5589697792600116e-28,6.294294979574973e-63,-1.5589697792600116e-28
0.6666666666666666,0.10522198447485331,-3.0947780155251468,1.5265566588595902e-16,4.440892098500626e-16,9.99611884441699e+17,6.28995546094638e-33,-1.5589697792569041e-28,6.293096798331622e-63,-1.5589697792569041e-28
0.6672222222222223,0.10522225657343987,-3.0947777434265604,1.942890293094024e-16,-0.0,9.996012980564525e+17,6.290022075397418e-33,-1.5589697792577884e-28,6.29193926587627e-63,-1.5589697792577884e-28
0.6677777777777778,0.1052225360948637,-3.0947774639051366,2.0816681711721685e-16,-0.0,9.995904229918331e+17,6.290090507822308e-33,-1.5589697792588621e-28,6.28769063439608e-63,-1.5589697792588621e-28
0.6683333333333333,0.10522282324159143,-3.094777176758409,1.3877787807814457e-16,-0.0,9.99579251380225e+17,6.290160807849104e-33,-1.5589697792556255e-28,6.286843473927105e-63,-1.5589697792556255e-28
0.6688888888888889,0.10522311822161129,-3.094776881778389,1.5265566588595902e-16,4.440892098500626e-16,9.99567775139814e+17,6.29023302646136e-33,-1.5589697792547602e-28,6.288503131584774e-63,-1.5589697792547602e-28
0.6694444444444444,0.10522342124858186,-3.0947765787514183,1.8041124150158794e-16,-0.0,9.995559859688202e+17,6.290307216035384e-33,-1.5589697792488616e-28,6.289185533103471e-63,-1.5589697792488616e-28
0.67,0.1052237325419878,-3.0947762674580126,1.8041124150158794e-16,4.440892098500626e-16,9.995438753394884e+17,6.290383430377568e-33,-1.5589697792475497e-28,6.290092136784055e-63,-1.5589697792475497e-28
0.6705555555555556,0.10522405232729942,-3.0947759476727006,1.3877787807814457e-16,4.440892098500626e-16,9.995314344919195e+17,6.290461724765051e-33,-1.5589697792508577e-28,6.291259759643892e-63,-1.5589697792508577e-28
0.6711111111111111,0.10522438083613439,-3.094775619163866,1.8041124150158794e-16,4.440892098500626e-16,9.995186544278287e+17,6.29054215598425e-33,-1.5589697792506048e-28,6.29207000165293e-63,-1.5589697792506048e-28
0.6716666666666665,0.10522471830642499,-3.0947752816935754,2.220446049250313e-16,-0.0,9.995055259040671e+17,6.290624782373154e-33,-1.5589697792500568e-28,6.291814852295472e-63,-1.5589697792500568e-28
0.6722222222222222,0.10522506498259199,-3.094774935017408,1.8041124150158794e-16,4.440892098500626e-16,9.994920394259174e+17,6.290709663863202e-33,-1.558969779248482e-28,6.292886321207528e-63,-1.558969779248482e-28
0.6727777777777777,0.10522542111572047,-3.0947745788842798,1.942890293094024e-16,4.440892098500626e-16,9.994781852403087e+17,6.290796862023755e-33,-1.5589697792499788e-28,6.293385305884118e-63,-1.5589697792499788e-28
0.6733333333333332,0.10522578696374024,-3.09477421303626,1.942890293094024e-16,-0.0,9.994639533288381e+17,6.290886440105877e-33,-1.5589697792497127e-28,6.290647625150525e-63,-1.5589697792497127e-28
0.6738888888888888,0.1052261627916139,-3.094773837208386,1.8041124150158794e-16,4.440892098500626e-16,9.994493334005183e+17,6.290978463088641e-33,-1.5589697792516897e-28,6.29011274715754e-63,-1.5589697792516897e-28
0.6744444444444444,0.10522654887152877,-3.0947734511284715,1.942890293094024e-16,4.440892098500626e-16,9.994343148843724e+17,6.291072997727068e-33,-1.5589697792541843e-28,6.288764570660361e-63,-1.5589697792541843e-28
0.675,0.10522694548309208,-3.0947730545169083,1.8041124150158794e-16,-0.0,9.994188869218958e+17,6.291170112599982e-33,-1.5589697792480831e-28,6.290138694353278e-63,-1.5589697792480831e-28
0.6755555555555556,0.10522735291353336,-3.094772647086467,1.8041124150158794e-16,-0.0,9.994030383592584e+17,6.29126987815978e-33,-1.5589697792536988e-28,6.291398279705168e-63,-1.5589697792536988e-28
0.6761111111111111,0.10522777145791379,-3.0947722285420864,1.3877787807814457e-16,-0.0,9.993867577392214e+17,6.291372366784634e-33,-1.5589697792575597e-28,6.292108858661126e-63,-1.5589697792575597e-28
0.6766666666666666,0.10522820141933853,-3.0947717985806618,1.942890293094024e-16,4.440892098500626e-16,9.99370033292964e+17,6.291477652830277e-33,-1.5589697792621566e-28,6.290681136286266e-63,-1.5589697792621566e-28
0.6772222222222222,0.10522864310917435,-3.094771356890826,1.6653345369377348e-16,4.440892098500626e-16,9.993528529316749e+17,6.29158581268466e-33,-1.5589697792630754e-28,6.287846167346473e-63,-1.5589697792630754e-28
0.6777777777777778,0.1052290968472766,-3.0947709031527237,1.942890293094024e-16,4.440892098500626e-16,9.993352042378301e+17,6.291696924823373e-33,-1.5589697792630638e-28,6.287755061838726e-63,-1.5589697792630638e-28
0.6783333333333333,0.10522956296222064,-3.0947704370377798,1.8041124150158794e-16,-0.0,9.993170744562569e+17,6.29181106986705e-33,-1.5589697792637907e-28,6.286625880072116e-63,-1.5589697792637907e-28
0.6788888888888889,0.10523004179153783,-3.0947699582084622,1.5265566588595902e-16,-0.0,9.992984504850577e+17,6.291928330639433e-33,-1.5589697792640456e-28,6.287914724469446e-63,-1.5589697792640456e-28
0.6794444444444444,0.10523053368195939,-3.094769466318041,1.1102230246251565e-16,-0.0,9.992793188662172e+17,6.292048792228331e-33,-1.5589697792690734e-28,6.289679783558502e-63,-1.5589697792690734e-28
0.68,0.10523103898966873,-3.0947689610103315,1.5265566588595902e-16,-0.0,9.992596657758932e+17,6.292172542047866e-33,-1.5589697792660812e-28,6.290043701846498e-63,-1.5589697792660812e-28
0.6805555555555556,0.10523155808055795,-3.094768441919442,1.8041124150158794e-16,4.440892098500626e-16,9.992394770145362e+17,6.29229966990129e-33,-1.5589697792683208e-28,6.288006603657044e-63,-1.5589697792683208e-28
0.6811111111111111,0.10523209133049105,-3.094767908669509,1.1102230246251565e-16,8.881784197001252e-16,9.992187379967731e+17,6.292430268047239e-33,-1.5589697792725357e-28,6.285808786615491e-63,-1.5589697792725357e-28
0.6816666666666665,0.10523263912557629,-3.0947673608744237,1.5265566588595902e-16,4.440892098500626e-16,9.991974337409441e+17,6.292564431266391e-33,-1.5589697792724141e-28,6.285556089745276e-63,-1.5589697792724141e-28
0.6822222222222221,0.10523320186244645,-3.0947667981375537,1.5265566588595902e-16,4.440892098500626e-16,9.991755488583036e+17,6.292702256931013e-33,-1.5589697792748802e-28,6.286822307528391e-63,-1.5589697792748802e-28
0.6827777777777777,0.10523377994854394,-3.094766220051456,1.942890293094024e-16,8.881784197001252e-16,9.991530675420881e+17,6.292843845075831e-33,-1.5589697792729805e-28,6.286198340493383e-63,-1.5589697792729805e-28
0.6833333333333332,0.10523437380241407,-3.094765626197586,1.8041124150158794e-16,8.881784197001252e-16,9.991299735562336e+17,6.292989298470883e-33,-1.5589697792737701e-28,6.285949122740854e-63,-1.5589697792737701e-28
0.6838888888888888,0.10523498385400892,-3.0947650161459914,1.1102230246251565e-16,-0.0,9.991062502237197e+17,6.29313872269651e-33,-1.5589697792773173e-28,6.283195770335664e-63,-1.5589697792773173e-28
0.6844444444444444,0.10523561054499875,-3.094764389455001,1.3877787807814457e-16,4.440892098500626e-16,9.990818804146116e+17,6.293292226220432e-33,-1.5589697792848581e-28,6.284946422767156e-63,-1.5589697792848581e-28
0.685,0.10523625432908873,-3.0947637456709116,1.3877787807814457e-16,4.440892098500626e-16,9.990568465338975e+17,6.293449920477133e-33,-1.5589697792866771e-28,6.285763801972004e-63,-1.5589697792866771e-28
0.6855555555555556,0.10523691567234661,-3.0947630843276537,1.8041124150158794e-16,-0.0,9.990311305089341e+17,6.293611919948824e-33,-1.558969779289663e-28,6.28451602817767e-63,-1.558969779289663e-28
0.6861111111111111,0.10523759505354036,-3.0947624049464597,1.8041124150158794e-16,4.440892098500626e-16,9.990047137764886e+17,6.293778342248779e-33,-1.558969779292024e-28,6.285958967004437e-63,-1.558969779292024e-28
0.6866666666666666,0.10523829296448467,-3.0947617070355156,1.5265566588595902e-16,-0.0,9.989775772694669e+17,6.293949308208512e-33,-1.5589697792850189e-28,6.284043651174312e-63,-1.5589697792850189e-28
0.6872222222222222,0.10523900991039364,-3.0947609900896067,1.249000902703301e-16,-0.0,9.989497014034031e+17,6.294124941964301e-33,-1.5589697792771346e-28,6.283932721761161e-63,-1.5589697792771346e-28
0.6877777777777778,0.10523974641024547,-3.0947602535897545,1.5265566588595902e-16,4.440892098500626e-16,9.989210660624913e+17,6.294305371048873e-33,-1.5589697792761394e-28,6.281633265566157e-63,-1.5589697792761394e-28
0.6883333333333334,0.10524050299715892,-3.0947594970028414,2.0816681711721685e-16,-0.0,9.988916505851739e+17,6.294490726484355e-33,-1.5589697792693788e-28,6.281119083621031e-63,-1.5589697792693788e-28
0.6888888888888889,0.1052412802187776,-3.0947587197812227,1.6653345369377348e-16,-0.0,9.988614337494378e+17,6.294681142878319e-33,-1.5589697792736587e-28,6.281297867312472e-63,-1.5589697792736587e-28
0.6894444444444444,0.10524207863766372,-3.0947579213623366,1.8041124150158794e-16,4.440892098500626e-16,9.988303937577723e+17,6.294876758521725e-33,-1.5589697792766041e-28,6.282908302305053e-63,-1.5589697792766041e-28
0.69,0.10524289883170335,-3.094757101168297,1.249000902703301e-16,-0.0,9.987985082216599e+17,6.295077715490161e-33,-1.558969779273915e-28,6.282448237031202e-63,-1.558969779273915e-28
0.6905555555555556,0.10524374139452597,-3.094756258605474,1.8041124150158794e-16,4.440892098500626e-16,9.98765754145569e+17,6.295284159747605e-33,-1.5589697792695286e-28,6.281216917727056e-63,-1.5589697792695286e-28
0.6911111111111111,0.10524460693593163,-3.0947553930640685,2.0816681711721685e-16,4.440892098500626e-16,9.9873210791062e+17,6.295496241253944e-33,-1.5589697792572389e-28,6.282050517071457e-63,-1.5589697792572389e-28
0.6916666666666665,0.10524549608232919,-3.094754503917671,1.6653345369377348e-16,-0.0,9.98697545257878e+17,6.295714114073873e-33,-1.5589697792654545e-28,6.281605505852331e-63,-1.5589697792654545e-28
0.6922222222222221,0.10524640947718811,-3.094753590522812,1.8041124150158794e-16,4.440892098500626e-16,9.986620412711252e+17,6.29593793648955e-33,-1.5589697792617703e-28,6.282404035848896e-63,-1.5589697792617703e-28
0.6927777777777777,0.10524734778150402,-3.0947526522184963,2.3592239273284576e-16,-0.0,9.986255703590975e+17,6.296167871117149e-33,-1.5589697792564064e-28,6.281347263512994e-63,-1.5589697792564064e-28
0.6933333333333332,0.10524831167427523,-3.094751688325725,1.3877787807814457e-16,4.440892098500626e-16,9.985881062373304e+17,6.296404085025849e-33,-1.5589697792463522e-28,6.279382773125227e-63,-1.5589697792463522e-28
0.6938888888888889,0.10524930185299047,-3.09475069814701,1.1102230246251565e-16,-0.0,9.985496219096125e+17,6.296646749859838e-33,-1.5589697792515142e-28,6.278049004346008e-63,-1.5589697792515142e-28
0.6944444444444444,0.10525031903413085,-3.094749680965869,1.8041124150158794e-16,4.440892098500626e-16,9.985100896488612e+17,6.296896041963927e-33,-1.558969779250061e-28,6.27839252364057e-63,-1.558969779250061e-28
0.695,0.105251363953688,-3.094748636046312,1.3877787807814457e-16,4.440892098500626e-16,9.984694809774122e+17,6.297152142513172e-33,-1.5589697792526433e-28,6.279044139390168e-63,-1.5589697792526433e-28
0.6955555555555556,0.1052524373676953,-3.094747562632305,1.942890293094024e-16,-0.0,9.984277666468623e+17,6.29741523764614e-33,-1.5589697792601782e-28,6.27894863121865e-63,-1.5589697792601782e-28
0.6961111111111111,0.10525354005276971,-3.0947464599472303,2.220446049250313e-16,4.440892098500626e-16,9.983849166174532e+17,6.297685518600574e-33,-1.5589697792504848e-28,6.278926669618939e-63,-1.5589697792504848e-28
0.6966666666666667,0.10525467280667089,-3.0947453271933294,1.3877787807814457e-16,-0.0,9.98340900036877e+17,6.297963181853802e-33,-1.5589697792391756e-28,6.278162901399644e-63,-1.5589697792391756e-28
0.6972222222222222,0.10525583644887704,-3.0947441635511233,1.5265566588595902e-16,-0.0,9.982956852184355e+17,6.298248429266993e-33,-1.5589697792427142e-28,6.27948151671287e-63,-1.5589697792427142e-28
0.6977777777777778,0.10525703182117618,-3.094742968178824,1.6653345369377348e-16,8.881784197001252e-16,9.982492396186098e+17,6.298541468233994e-33,-1.5589697792490658e-28,6.278469696707897e-63,-1.5589697792490658e-28
0.6983333333333334,0.10525825978827014,-3.09474174021173,1.3877787807814457e-16,4.440892098500626e-16,9.982015298142025e+17,6.29884251183351e-33,-1.5589697792463038e-28,6.278246787418399e-63,-1.5589697792463038e-28
0.6988888888888889,0.10525952123839583,-3.0947404787616044,1.3877787807814457e-16,4.440892098500626e-16,9.98152521478828e+17,6.299151778984172e-33,-1.5589697792622297e-28,6.2792443842109e-63,-1.5589697792622297e-28
0.6994444444444444,0.10526081708396484,-3.0947391829160353,1.5265566588595902e-16,-0.0,9.981021793587172e+17,6.299469494607016e-33,-1.5589697792546578e-28,6.276576280452623e-63,-1.5589697792546578e-28
0.7,0.1052621482622223,-3.094737851737778,1.249000902703301e-16,-4.440892098500626e-16,9.980504672478263e+17,6.299795889790233e-33,-1.558969779244753e-28,6.27797358784183e-63,-1.558969779244753e-28
0.7005555555555556,0.10526351573591963,-3.0947364842640805,1.5265566588595902e-16,-0.0,9.979973479624408e+17,6.300131201959476e-33,-1.558969779240321e-28,6.277995423498137e-63,-1.558969779240321e-28
0.701111111111111,0.10526492049400521,-3.094735079505995,1.249000902703301e-16,4.440892098500626e-16,9.979427833151185e+17,6.300475675052278e-33,-1.5589697792395303e-28,6.279505679976905e-63,-1.5589697792395303e-28
0.7016666666666665,0.10526636355233548,-3.0947336364476645,1.6653345369377348e-16,4.440892098500626e-16,9.978867340878981e+17,6.300829559697408e-33,-1.5589697792458709e-28,6.277862731083422e-63,-1.5589697792458709e-28
0.7022222222222221,0.10526784595440625,-3.094732154045594,1.1102230246251565e-16,-0.0,9.978291600047478e+17,6.301193113399362e-33,-1.5589697792520148e-28,6.278795040719074e-63,-1.5589697792520148e-28
0.7027777777777776,0.10526936877210458,-3.0947306312278955,1.8041124150158794e-16,4.440892098500626e-16,9.977700197032952e+17,6.30156660072898e-33,-1.558969779246601e-28,6.281548322591055e-63,-1.558969779246601e-28
0.7033333333333333,0.10527093310647556,-3.0947290668935246,2.0816681711721685e-16,4.440892098500626e-16,9.977092707059907e+17,6.301950293517721e-33,-1.5589697792393004e-28,6.281206933182912e-63,-1.5589697792393004e-28
0.7038888888888889,0.10527254008851328,-3.094727459911487,1.942890293094024e-16,-0.0,9.976468693904232e+17,6.302344471058022e-33,-1.5589697792402015e-28,6.283383329364964e-63,-1.5589697792402015e-28
0.7044444444444444,0.10527419087997292,-3.0947258091200274,2.220446049250313e-16,-0.0,9.975827709588567e+17,6.302749420308835e-33,-1.558969779248361e-28,6.286510178524676e-63,-1.558969779248361e-28
0.705,0.10527588667420723,-3.094724113325793,1.3877787807814457e-16,4.440892098500626e-16,9.97516929406871e+17,6.303165436108944e-33,-1.5589697792543015e-28,6.288517411214127e-63,-1.5589697792543015e-28
0.7055555555555556,0.10527762869702278,-3.0947223713029772,1.249000902703301e-16,4.440892098500626e-16,9.974492974913317e+17,6.303592821394142e-33,-1.5589697792573068e-28,6.290550418524731e-63,-1.5589697792573068e-28
0.7061111111111111,0.10527941820755704,-3.0947205817924432,2.220446049250313e-16,4.440892098500626e-16,9.973798266975799e+17,6.304031887419982e-33,-1.5589697792501954e-28,6.290366913670288e-63,-1.5589697792501954e-28
0.7066666666666667,0.10528125649918152,-3.0947187435008185,1.8041124150158794e-16,-0.0,9.973084672056937e+17,6.304482953992856e-33,-1.5589697792313245e-28,6.29239962080548e-63,-1.5589697792313245e-28
0.7072222222222222,0.10528314490043028,-3.09471685509957,1.3877787807814457e-16,-0.0,9.972351678558739e+17,6.304946349705667e-33,-1.5589697792432902e-28,6.292523826205901e-63,-1.5589697792432902e-28
0.7077777777777777,0.10528508477595461,-3.0947149152240456,1.249000902703301e-16,4.440892098500626e-16,9.971598761128456e+17,6.30542241218238e-33,-1.5589697792329403e-28,6.291796251975221e-63,-1.5589697792329403e-28
0.7083333333333334,0.10528707752749972,-3.0947129224725005,1.249000902703301e-16,4.440892098500626e-16,9.970825380295145e+17,6.305911488327374e-33,-1.5589697792399316e-28,6.29220757082704e-63,-1.5589697792399316e-28
0.7088888888888889,0.10528912459490736,-3.094710875405093,1.5265566588595902e-16,4.440892098500626e-16,9.970030982097028e+17,6.306413934581837e-33,-1.5589697792560602e-28,6.291375998848526e-63,-1.5589697792560602e-28
0.7094444444444444,0.10529122745714731,-3.094708772542853,1.5265566588595902e-16,4.440892098500626e-16,9.969214997698519e+17,6.306930117188196e-33,-1.5589697792448074e-28,6.292594025110207e-63,-1.5589697792448074e-28
0.71,0.10529338763337687,-3.094706612366623,1.3877787807814457e-16,-0.0,9.968376842997487e+17,6.307460412462081e-33,-1.5589697792500364e-28,6.29297489284102e-63,-1.5589697792500364e-28
0.7105555555555556,0.10529560668403132,-3.094704393315969,1.249000902703301e-16,4.440892098500626e-16,9.967515918221445e+17,6.308005207071589e-33,-1.558969779263912e-28,6.293389680990705e-63,-1.558969779263912e-28
0.711111111111111,0.1052978862119382,-3.094702113788062,1.8041124150158794e-16,4.440892098500626e-16,9.966631607515622e+17,6.308564898324963e-33,-1.5589697792637857e-28,6.293742926039816e-63,-1.5589697792637857e-28
0.7116666666666666,0.10530022786346288,-3.0946997721365372,1.5265566588595902e-16,4.440892098500626e-16,9.965723278519965e+17,6.309139894465025e-33,-1.558969779262099e-28,6.294613718385194e-63,-1.558969779262099e-28
0.7122222222222221,0.10530263332968587,-3.094697366670314,2.0816681711721685e-16,4.440892098500626e-16,9.964790281935343e+17,6.309730614972734e-33,-1.5589697792703333e-28,6.294322793439993e-63,-1.5589697792703333e-28
0.7127777777777776,0.10530510434761148,-3.0946948956523888,1.249000902703301e-16,4.440892098500626e-16,9.963831951078367e+17,6.310337490879096e-33,-1.558969779293737e-28,6.295107245395004e-63,-1.558969779293737e-28
0.7133333333333333,0.10530764270141224,-3.094692357298588,2.0816681711721685e-16,8.881784197001252e-16,9.962847601424372e+17,6.310960965087916e-33,-1.558969779297459e-28,6.294374222014096e-63,-1.558969779297459e-28
0.7138888888888889,0.10531025022370183,-3.094689749776298,9.71445146547012e-17,4.440892098500626e-16,9.96183653013996e+17,6.311601492704489e-33,-1.5589697792785124e-28,6.294490193844424e-63,-1.5589697792785124e-28
0.7144444444444444,0.10531292879684245,-3.0946870712031576,1.942890293094024e-16,4.440892098500626e-16,9.960798015604637e+17,6.312259541375045e-33,-1.5589697792878105e-28,6.295796659627781e-63,-1.5589697792878105e-28
0.715,0.10531568035428718,-3.094684319645713,1.3877787807814457e-16,-0.0,9.959731316919424e+17,6.312935591635738e-33,-1.5589697792858973e-28,6.297179649867979e-63,-1.5589697792858973e-28
0.7155555555555555,0.10531850688196037,-3.0946814931180398,1.5265566588595902e-16,-0.0,9.958635673403438e+17,6.313630137271794e-33,-1.558969779285669e-28,6.298760733078876e-63,-1.558969779285669e-28
0.7161111111111111,0.10532141041967474,-3.0946785895803255,1.3877787807814457e-16,4.440892098500626e-16,9.957510304077208e+17,6.314343685686586e-33,-1.5589697792816658e-28,6.299904347239399e-63,-1.5589697792816658e-28
0.7166666666666667,0.10532439306258717,-3.094675606937413,1.249000902703301e-16,8.881784197001252e-16,9.956354407133315e+17,6.315076758282244e-33,-1.5589697792869076e-28,6.298144667427337e-63,-1.5589697792869076e-28
0.7172222222222222,0.10532745696268891,-3.094672543037311,1.5265566588595902e-16,4.440892098500626e-16,9.955167159395494e+17,6.315829890849077e-33,-1.5589697792921745e-28,6.297219434693652e-63,-1.5589697792921745e-28
0.7177777777777777,0.10533060433033747,-3.094669395669663,1.8041124150158794e-16,-0.0,9.953947715763633e+17,6.316603633966936e-33,-1.5589697792955923e-28,6.298930219340607e-63,-1.5589697792955923e-28
0.7183333333333334,0.10533383743583008,-3.0946661625641703,1.942890293094024e-16,-0.0,9.952695208644943e+17,6.317398553418585e-33,-1.5589697792948842e-28,6.297428739312568e-63,-1.5589697792948842e-28
0.7188888888888889,0.10533715861101922,-3.094662841388981,2.3592239273284576e-16,4.440892098500626e-16,9.951408747371122e+17,6.318215230614367e-33,-1.5589697793045662e-28,6.298376812016227e-63,-1.5589697793045662e-28
0.7194444444444444,0.1053405702509726,-3.0946594297490275,1.3877787807814457e-16,-0.0,9.950087417600554e+17,6.319054263030021e-33,-1.5589697792855303e-28,6.299359974349974e-63,-1.5589697792855303e-28
0.72,0.10534407481567626,-3.0946559251843238,1.8041124150158794e-16,8.881784197001252e-16,9.948730280706815e+17,6.319916264655436e-33,-1.5589697792908034e-28,6.299097124139438e-63,-1.5589697792908034e-28
0.7205555555555554,0.10534767483177887,-3.094652325168221,2.0816681711721685e-16,4.440892098500626e-16,9.947336373153253e+17,6.320801866457729e-33,-1.5589697793068424e-28,6.300376949801682e-63,-1.5589697793068424e-28
0.721111111111111,0.10535137289438612,-3.094648627105614,1.942890293094024e-16,-0.0,9.94590470585162e+17,6.321711716855534e-33,-1.55896977932989e-28,6.301028554363548e-63,-1.55896977932989e-28
0.7216666666666666,0.10535517166890201,-3.094644828331098,1.6653345369377348e-16,8.881784197001252e-16,9.94443426350529e+17,6.322646482208816e-33,-1.5589697793072917e-28,6.30157326944449e-63,-1.5589697793072917e-28
0.7222222222222221,0.1053590738929191,-3.094640926107081,1.3877787807814457e-16,4.440892098500626e-16,9.942924003936695e+17,6.323606847323338e-33,-1.5589697793001083e-28,6.301568845077799e-63,-1.5589697793001083e-28
0.7227777777777776,0.10536308237816083,-3.0946369176218393,1.6653345369377348e-16,4.440892098500626e-16,9.941372857397981e+17,6.324593515967017e-33,-1.558969779285252e-28,6.304148243289339e-63,-1.558969779285252e-28
0.7233333333333333,0.10536720001247346,-3.0946327999875267,1.942890293094024e-16,4.440892098500626e-16,9.93977972586592e+17,6.325607211404507e-33,-1.5589697792897369e-28,6.304639723126927e-63,-1.5589697792897369e-28
0.7238888888888889,0.10537142976186792,-3.0946285702381324,1.1102230246251565e-16,-0.0,9.938143482321266e+17,6.326648676944184e-33,-1.5589697793108438e-28,6.303140858621489e-63,-1.5589697793108438e-28
0.7244444444444444,0.10537577467261838,-3.0946242253273817,2.0816681711721685e-16,4.440892098500626e-16,9.936462970010271e+17,6.327718676502555e-33,-1.5589697793398323e-28,6.30362296152697e-63,-1.5589697793398323e-28
0.725,0.10538023787341505,-3.094619762126585,1.249000902703301e-16,8.881784197001252e-16,9.934737001688741e+17,6.328817995184027e-33,-1.5589697793570613e-28,6.303762872543873e-63,-1.5589697793570613e-28
0.7255555555555555,0.10538482257757537,-3.094615177422425,1.6653345369377348e-16,-0.0,9.932964358848723e+17,6.329947439879593e-33,-1.5589697793579445e-28,6.305230521619728e-63,-1.5589697793579445e-28
0.7261111111111112,0.10538953208531249,-3.0946104679146877,1.5265566588595902e-16,4.440892098500626e-16,9.931143790926758e+17,6.331107839879744e-33,-1.5589697793475029e-28,6.305013845415115e-63,-1.5589697793475029e-28
0.7266666666666667,0.10539436978606626,-3.094605630213934,1.249000902703301e-16,-0.0,9.929274014493431e+17,6.332300047509401e-33,-1.5589697793362037e-28,6.302170126915188e-63,-1.5589697793362037e-28
0.7272222222222222,0.1053993391608905,-3.0946006608391095,1.6653345369377348e-16,4.440892098500626e-16,9.927353712425911e+17,6.333524938777005e-33,-1.5589697793632873e-28,6.300640995556157e-63,-1.5589697793632873e-28
0.7277777777777777,0.1054044437849041,-3.094595556215096,1.942890293094024e-16,4.440892098500626e-16,9.925381533061234e+17,6.334783414045428e-33,-1.5589697793931218e-28,6.299906557652396e-63,-1.5589697793931218e-28
0.7283333333333334,0.10540968732980766,-3.0945903126701926,1.5265566588595902e-16,-0.0,9.923356089329979e+17,6.336076398721219e-33,-1.558969779369822e-28,6.299917660301534e-63,-1.558969779369822e-28
0.7288888888888889,0.1054150735664659,-3.094584926433534,1.8041124150158794e-16,4.440892098500626e-16,9.921275957870496e+17,6.33740484396374e-33,-1.5589697793771454e-28,6.301737154829059e-63,-1.5589697793771454e-28
0.7294444444444445,0.10542060636755751,-3.0945793936324426,2.3592239273284576e-16,4.440892098500626e-16,9.919139678123212e+17,6.338769727417145e-33,-1.5589697794078726e-28,6.301652756395819e-63,-1.5589697794078726e-28
0.73,0.10542628971029466,-3.0945737102897057,1.3877787807814457e-16,-0.0,9.916945751404717e+17,6.340172053961585e-33,-1.5589697794061059e-28,6.300689225867863e-63,-1.5589697794061059e-28
0.7305555555555554,0.10543212767921589,-3.094567872320784,1.3877787807814457e-16,4.440892098500626e-16,9.914692639960704e+17,6.341612856488757e-33,-1.5589697794376806e-28,6.301190748736883e-63,-1.5589697794376806e-28
0.731111111111111,0.10543812446904655,-3.0945618755309536,1.6653345369377348e-16,4.440892098500626e-16,9.912378765999706e+17,6.343093196698279e-33,-1.558969779463983e-28,6.301275193257347e-63,-1.558969779463983e-28
0.7316666666666666,0.1054442843876357,-3.0945557156123646,1.6653345369377348e-16,4.440892098500626e-16,9.91000251070538e+17,6.344614165918463e-33,-1.5589697794379824e-28,6.301227357000966e-63,-1.5589697794379824e-28
0.7322222222222221,0.10545061185897009,-3.09454938814103,1.5265566588595902e-16,-0.0,9.907562213227191e+17,6.346176885951578e-33,-1.5589697794233634e-28,6.30271331271395e-63,-1.5589697794233634e-28
0.7327777777777776,0.10545711142626601,-3.0945428885737343,1.6653345369377348e-16,4.440892098500626e-16,9.905056169649512e+17,6.347782509943463e-33,-1.5589697794365723e-28,6.303250663996159e-63,-1.5589697794365723e-28
0.7333333333333333,0.10546378775514165,-3.0945362122448588,1.8041124150158794e-16,4.440892098500626e-16,9.902482631938708e+17,6.349432223280698e-33,-1.5589697794611493e-28,6.300659603064044e-63,-1.5589697794611493e-28
0.7338888888888889,0.10547064563687136,-3.0945293543631287,1.8041124150158794e-16,4.440892098500626e-16,9.899839806868229e+17,6.351127244512441e-33,-1.5589697794362414e-28,6.302089708414908e-63,-1.5589697794362414e-28
0.7344444444444445,0.10547768999172519,-3.094522310008275,1.6653345369377348e-16,4.440892098500626e-16,9.897125854920861e+17,6.352868826301506e-33,-1.5589697793730814e-28,6.304425139878034e-63,-1.5589697793730814e-28
0.735,0.10548492587239483,-3.0945150741276053,1.5265566588595902e-16,4.440892098500626e-16,9.894338889168132e+17,6.354658256403749e-33,-1.5589697794004004e-28,6.304001981384773e-63,-1.5589697794004004e-28
0.7355555555555555,0.10549235846750488,-3.0945076415324952,1.6653345369377348e-16,-0.0,9.891476974128097e+17,6.356496858675868e-33,-1.5589697793641927e-28,6.304814452043809e-63,-1.5589697793641927e-28
0.7361111111111112,0.10549999310521568,-3.0945000068947843,1.8041124150158794e-16,4.440892098500626e-16,9.888538124599407e+17,6.358385994113473e-33,-1.5589697793596395e-28,6.305396193247299e-63,-1.5589697793596395e-28
0.7366666666666667,0.10550783525691931,-3.0944921647430808,1.3877787807814457e-16,4.440892098500626e-16,9.885520304471983e+17,6.360327061921644e-33,-1.5589697793462863e-28,6.304410947377191e-63,-1.5589697793462863e-28
0.7372222222222222,0.10551589054103055,-3.0944841094589695,1.942890293094024e-16,4.440892098500626e-16,9.882421425514106e+17,6.362321500617303e-33,-1.5589697793753504e-28,6.302814966029218e-63,-1.5589697793753504e-28
0.7377777777777778,0.10552416472687409,-3.0944758352731263,1.942890293094024e-16,4.440892098500626e-16,9.879239346135892e+17,6.364370789164218e-33,-1.5589697794217338e-28,6.304205087202618e-63,-1.5589697794217338e-28
0.7383333333333333,0.10553266373867204,-3.094467336261328,1.6653345369377348e-16,4.440892098500626e-16,9.875971870128987e+17,6.366476448144132e-33,-1.5589697793816165e-28,6.304944298451161e-63,-1.5589697793816165e-28
0.7388888888888889,0.10554139365963255,-3.0944586063403676,1.1102230246251565e-16,4.440892098500626e-16,9.872616745382171e+17,6.368640040961677e-33,-1.5589697793865079e-28,6.304757183493497e-63,-1.5589697793865079e-28
0.7394444444444445,0.1055503607361436,-3.0944496392638565,2.0816681711721685e-16,4.440892098500626e-16,9.869171662572732e+17,6.370863175088284e-33,-1.5589697793492477e-28,6.301974756315616e-63,-1.5589697793492477e-28
0.74,0.10555957138207261,-3.0944404286179275,1.6653345369377348e-16,8.881784197001252e-16,9.865634253833597e+17,6.373147503342351e-33,-1.5589697794113485e-28,6.300017810935492e-63,-1.5589697794113485e-28
0.7405555555555554,0.10556903218317415,-3.094430967816826,1.8041124150158794e-16,8.881784197001252e-16,9.86200209139718e+17,6.37549472520961e-33,-1.5589697793829808e-28,6.300220610524375e-63,-1.5589697793829808e-28
0.741111111111111,0.10557874990160904,-3.094421250098391,1.249000902703301e-16,4.440892098500626e-16,9.858272686214449e+17,6.377906588203062e-33,-1.5589697793856476e-28,6.300444626300229e-63,-1.5589697793856476e-28
0.7416666666666666,0.10558873148057857,-3.094411268519422,1.942890293094024e-16,-0.0,9.854443486549852e+17,6.380384889266169e-33,-1.5589697794174333e-28,6.300450215973257e-63,-1.5589697794174333e-28
0.7422222222222221,0.1055989840490747,-3.0944010159509254,1.6653345369377348e-16,4.440892098500626e-16,9.850511876551867e+17,6.382931476218768e-33,-1.5589697794165867e-28,6.299951368919426e-63,-1.5589697794165867e-28
0.7427777777777776,0.10560951492675075,-3.0943904850732493,1.249000902703301e-16,-0.0,9.846475174799505e+17,6.38554824924852e-33,-1.558969779409261e-28,6.300349124390909e-63,-1.558969779409261e-28
0.7433333333333333,0.10562033162891316,-3.094379668371087,1.942890293094024e-16,4.440892098500626e-16,9.84233063282488e+17,6.38823716244777e-33,-1.5589697794060695e-28,6.299972654403434e-63,-1.5589697794060695e-28
0.7438888888888889,0.10563144187163798,-3.0943685581283624,1.6653345369377348e-16,4.440892098500626e-16,9.838075433611831e+17,6.391000225399334e-33,-1.5589697793880197e-28,6.299509503511644e-63,-1.5589697793880197e-28
0.7444444444444445,0.1056428535770162,-3.094357146422984,1.5265566588595902e-16,4.440892098500626e-16,9.833706690070913e+17,6.393839504811996e-33,-1.5589697793895028e-28,6.299233580758884e-63,-1.5589697793895028e-28
0.745,0.10565457487852814,-3.094345425121472,1.3877787807814457e-16,4.440892098500626e-16,9.829221443490999e+17,6.396757126206187e-33,-1.5589697794499905e-28,6.300239473866239e-63,-1.5589697794499905e-28
0.7455555555555555,0.1056666141265526,-3.0943333858734476,9.71445146547012e-17,4.440892098500626e-16,9.824616661967503e+17,6.399755275654439e-33,-1.5589697794384335e-28,6.298929682240499e-63,-1.5589697794384335e-28
0.7461111111111111,0.10567897989401165,-3.0943210201059888,1.1102230246251565e-16,-0.0,9.819889238808026e+17,6.402836201576302e-33,-1.5589697794984994e-28,6.297235494051116e-63,-1.5589697794984994e-28
0.7466666666666667,0.10569168098215359,-3.0943083190178466,1.8041124150158794e-16,-0.0,9.815035990915945e+17,6.406002216589161e-33,-1.5589697795019863e-28,6.298962730248181e-63,-1.5589697795019863e-28
0.7472222222222222,0.10570472642647871,-3.0942952735735214,1.6653345369377348e-16,4.440892098500626e-16,9.810053657151931e+17,6.409255699419225e-33,-1.5589697795404238e-28,6.29891151156589e-63,-1.5589697795404238e-28
0.7477777777777778,0.10571812550281096,-3.0942818744971894,1.942890293094024e-16,-0.0,9.80493889667403e+17,6.412599096873276e-33,-1.5589697795174609e-28,6.297787034038102e-63,-1.5589697795174609e-28
0.7483333333333333,0.10573188773351744,-3.094268112266483,2.0816681711721685e-16,-0.0,9.799688287256873e+17,6.416034925873119e-33,-1.5589697795395588e-28,6.298704749427555e-63,-1.5589697795395588e-28
0.7488888888888889,0.10574602289387963,-3.0942539771061206,1.942890293094024e-16,4.440892098500626e-16,9.794298323590944e+17,6.419565775555937e-33,-1.5589697795714434e-28,6.298145936710613e-63,-1.5589697795714434e-28
0.7494444444444445,0.10576054101861937,-3.094239458981381,8.326672684688674e-17,-0.0,9.788765415562355e+17,6.423194309442742e-33,-1.5589697796243396e-28,6.298792562926301e-63,-1.5589697796243396e-28
0.75,0.10577545240858294,-3.094224547591417,1.8041124150158794e-16,4.440892098500626e-16,9.783085886514202e+17,6.426923267675835e-33,-1.5589697797017395e-28,6.296724160545627e-63,-1.5589697797017395e-28
0.7505555555555554,0.10579076763758505,-3.0942092323624153,1.249000902703301e-16,-0.0,9.777255971490228e+17,6.43075546933094e-33,-1.5589697796848266e-28,6.294987062889831e-63,-1.5589697796848266e-28
0.751111111111111,0.10580649755941923,-3.094193502440581,2.220446049250313e-16,4.440892098500626e-16,9.771271815462021e+17,6.434693814802707e-33,-1.5589697797084415e-28,6.292509795504146e-63,-1.5589697797084415e-28
0.7516666666666666,0.10582265331503377,-3.0941773466849662,1.6653345369377348e-16,4.440892098500626e-16,9.765129471540573e+17,6.438741288269948e-33,-1.5589697797029347e-28,6.294468866649023e-63,-1.5589697797029347e-28
0.7522222222222221,0.10583924633988068,-3.0941607536601197,1.942890293094024e-16,4.440892098500626e-16,9.758824899173672e+17,6.442900960240942e-33,-1.558969779682155e-28,6.296088487193001e-63,-1.558969779682155e-28
0.7527777777777777,0.10585628837143712,-3.094143711628563,1.249000902703301e-16,4.440892098500626e-16,9.752353962330313e+17,6.447175990183742e-33,-1.5589697796967883e-28,6.29326630488981e-63,-1.5589697796967883e-28
0.7533333333333333,0.10587379145690623,-3.094126208543094,1.249000902703301e-16,-0.0,9.745712427673567e+17,6.451569629242469e-33,-1.5589697796355825e-28,6.290989357202368e-63,-1.5589697796355825e-28
0.7538888888888889,0.1058917679610979,-3.094108232038902,1.5265566588595902e-16,4.440892098500626e-16,9.738895962723469e+17,6.456085223044802e-33,-1.5589697796310223e-28,6.289895952358251e-63,-1.5589697796310223e-28
0.7544444444444445,0.10591023057449495,-3.0940897694255054,1.5265566588595902e-16,-4.440892098500626e-16,9.731900134011537e+17,6.460726214603417e-33,-1.5589697796669806e-28,6.290387097828279e-63,-1.5589697796669806e-28
0.755,0.10592919232150694,-3.0940708076784933,2.3592239273284576e-16,8.881784197001252e-16,9.724720405229011e+17,6.465496147313454e-33,-1.558969779770161e-28,6.292248552077239e-63,-1.558969779770161e-28
0.7555555555555555,0.10594866656891477,-3.0940513334310853,1.5265566588595902e-16,4.440892098500626e-16,9.717352135370486e+17,6.470398668053638e-33,-1.558969779756908e-28,6.295284842483965e-63,-1.558969779756908e-28
0.7561111111111111,0.10596866703451163,-3.0940313329654887,1.8041124150158794e-16,4.440892098500626e-16,9.709790576875167e+17,6.475437530388408e-33,-1.5589697796811852e-28,6.295126942367781e-63,-1.5589697796811852e-28
0.7566666666666667,0.10598920779594073,-3.0940107922040596,1.8041124150158794e-16,-0.0,9.702030873767809e+17,6.480616597882733e-33,-1.55896977966899e-28,6.295945578041936e-63,-1.55896977966899e-28
0.7572222222222222,0.10601030329973621,-3.093989696700264,1.5265566588595902e-16,8.881784197001252e-16,9.694068059802045e+17,6.485939847526999e-33,-1.5589697797189436e-28,6.295376013462623e-63,-1.5589697797189436e-28
0.7577777777777778,0.10603196837056872,-3.0939680316294313,2.220446049250313e-16,4.440892098500626e-16,9.685897056608492e+17,6.491411373282302e-33,-1.5589697796165316e-28,6.294907881026419e-63,-1.5589697796165316e-28
0.7583333333333333,0.10605421822069933,-3.093945781779301,1.5265566588595902e-16,-0.0,9.677512671850522e+17,6.497035389744112e-33,-1.558969779539828e-28,6.294942174782107e-63,-1.558969779539828e-28
0.7588888888888888,0.10607706845964682,-3.0939229315403534,8.326672684688674e-17,-0.0,9.66890959739058e+17,6.502816235936075e-33,-1.5589697794712633e-28,6.294495656803905e-63,-1.5589697794712633e-28
0.7594444444444445,0.10610053510406936,-3.093899464895931,2.3592239273284576e-16,4.440892098500626e-16,9.660082407470282e+17,6.508758379233602e-33,-1.5589697794485544e-28,6.293956775542679e-63,-1.5589697794485544e-28
0.7599999999999999,0.10612463458786531,-3.093875365412135,1.1102230246251565e-16,4.440892098500626e-16,9.65102555690739e+17,6.514866419425076e-33,-1.5589697793175124e-28,6.293234081976131e-63,-1.5589697793175124e-28
0.7605555555555554,0.1061493837724975,-3.0938506162275026,1.5265566588595902e-16,-0.0,9.641733379313926e+17,6.521145092915264e-33,-1.5589697793270063e-28,6.294016032451889e-63,-1.5589697793270063e-28
0.761111111111111,0.10617479995754131,-3.093825200042459,1.3877787807814457e-16,4.440892098500626e-16,9.632200085338213e+17,6.527599277076456e-33,-1.5589697792831849e-28,6.292778276310174e-63,-1.5589697792831849e-28
0.7616666666666666,0.10620090089146322,-3.093799099108537,1.6653345369377348e-16,4.440892098500626e-16,9.622419760935828e+17,6.534233994755012e-33,-1.5589697792787256e-28,6.293671207438268e-63,-1.5589697792787256e-28
0.7622222222222221,0.10622770478263077,-3.093772295217369,1.249000902703301e-16,8.881784197001252e-16,9.612386365673009e+17,6.541054418936341e-33,-1.5589697792331587e-28,6.294686815622699e-63,-1.5589697792331587e-28
0.7627777777777778,0.10625523031055784,-3.0937447696894425,1.249000902703301e-16,4.440892098500626e-16,9.602093731067752e+17,6.54806587757789e-33,-1.5589697791555568e-28,6.294861703974316e-63,-1.5589697791555568e-28
0.7633333333333333,0.10628349663738834,-3.0937165033626117,1.942890293094024e-16,4.440892098500626e-16,9.591535558972713e+17,6.555273858614959e-33,-1.5589697791267712e-28,6.295887088338883e-63,-1.5589697791267712e-28
0.7638888888888888,0.10631252341962139,-3.093687476580379,1.6653345369377348e-16,4.440892098500626e-16,9.580705420005335e+17,6.562684015147873e-33,-1.5589697791474123e-28,6.296242013710557e-63,-1.5589697791474123e-28
0.7644444444444445,0.10634233082008099,-3.0936576691799194,1.3877787807814457e-16,4.440892098500626e-16,9.569596752030636e+17,6.570302170816902e-33,-1.558969779079647e-28,6.298654340303624e-63,-1.558969779079647e-28
0.765,0.10637293952013221,-3.093627060479868,1.8041124150158794e-16,4.440892098500626e-16,9.558202858702189e+17,6.57813432537318e-33,-1.5589697790335475e-28,6.300002049038024e-63,-1.5589697790335475e-28
0.7655555555555555,0.10640437073214759,-3.0935956292678526,1.5265566588595902e-16,4.440892098500626e-16,9.546516908067114e+17,6.586186660453931e-33,-1.5589697790323798e-28,6.29946446401645e-63,-1.5589697790323798e-28
0.7661111111111111,0.10643664621222615,-3.093563353787774,1.249000902703301e-16,4.440892098500626e-16,9.534531931241691e+17,6.594465545569901e-33,-1.5589697791236637e-28,6.296857464532292e-63,-1.5589697791236637e-28
0.7666666666666667,0.10646978827316744,-3.093530211726833,1.5265566588595902e-16,-0.0,9.52224082116375e+17,6.602977544315601e-33,-1.5589697791203455e-28,6.298358921318448e-63,-1.5589697791203455e-28
0.7672222222222222,0.10650381979770168,-3.0934961802022984,1.8041124150158794e-16,4.440892098500626e-16,9.509636331429526e+17,6.611729420809328e-33,-1.5589697791329258e-28,6.2970048043164e-63,-1.5589697791329258e-28
0.7677777777777778,0.10653876425198072,-3.0934612357480193,1.5265566588595902e-16,4.440892098500626e-16,9.496711075221329e+17,6.620728146375028e-33,-1.558969779153064e-28,6.295771443035904e-63,-1.558969779153064e-28
0.7683333333333333,0.10657464569932962,-3.0934253543006704,9.71445146547012e-17,4.440892098500626e-16,9.483457524334548e+17,6.629980906475525e-33,-1.5589697792012268e-28,6.295892598086659e-63,-1.5589697792012268e-28
0.7688888888888888,0.10661148881426191,-3.093388511185738,1.1102230246251565e-16,4.440892098500626e-16,9.469868008311366e+17,6.63949510790707e-33,-1.558969779058181e-28,6.293530327512086e-63,-1.558969779058181e-28
0.7694444444444445,0.1066493188967586,-3.0933506811032414,1.6653345369377348e-16,4.440892098500626e-16,9.45593471369031e+17,6.649278386268764e-33,-1.5589697790698716e-28,6.294318134169766e-63,-1.5589697790698716e-28
0.7699999999999999,0.10668816188681463,-3.0933118381131854,1.8041124150158794e-16,4.440892098500626e-16,9.441649683379703e+17,6.659338613715939e-33,-1.5589697791240458e-28,6.293058281510031e-63,-1.5589697791240458e-28
0.7705555555555554,0.1067280443792521,-3.093271955620748,2.220446049250313e-16,4.440892098500626e-16,9.427004816164803e+17,6.669683907013177e-33,-1.5589697791136966e-28,6.291175243611941e-63,-1.5589697791136966e-28
0.771111111111111,0.10676899363880199,-3.093231006361198,2.220446049250313e-16,4.440892098500626e-16,9.411991866357938e+17,6.680322635897005e-33,-1.558969779037063e-28,6.291481361541655e-63,-1.558969779037063e-28
0.7716666666666665,0.10681103761545424,-3.093188962384546,1.5265566588595902e-16,8.881784197001252e-16,9.396602443602171e+17,6.691263431764973e-33,-1.5589697791243168e-28,6.29293680812212e-63,-1.5589697791243168e-28
0.7722222222222221,0.10685420496007808,-3.093145795039922,1.249000902703301e-16,-0.0,9.380828012838257e+17,6.70251519670343e-33,-1.5589697793451299e-28,6.292169974437053e-63,-1.5589697793451299e-28
0.7727777777777778,0.10689852504031072,-3.0931014749596892,1.3877787807814457e-16,4.440892098500626e-16,9.364659894446583e+17,6.714087112869512e-33,-1.5589697794791566e-28,6.291786251730586e-63,-1.5589697794791566e-28
0.7733333333333333,0.10694402795671615,-3.093055972043284,1.942890293094024e-16,-0.0,9.348089264574847e+17,6.725988652245693e-33,-1.5589697794336016e-28,6.293586461408441e-63,-1.5589697794336016e-28
0.7738888888888888,0.10699074455921104,-3.0930092554407893,1.3877787807814457e-16,-0.0,9.331107155664056e+17,6.738229586780015e-33,-1.558969779426868e-28,6.295559969307916e-63,-1.558969779426868e-28
0.7744444444444445,0.1070387064637599,-3.0929612935362405,1.5265566588595902e-16,-0.0,9.313704457184366e+17,6.750819998932757e-33,-1.5589697793230315e-28,6.295015507753523e-63,-1.5589697793230315e-28
0.775,0.1070879460693347,-3.0929120539306654,2.220446049250313e-16,4.440892098500626e-16,9.295871916594122e+17,6.763770292646834e-33,-1.5589697794069531e-28,6.294706499739766e-63,-1.5589697794069531e-28
0.7755555555555556,0.1071384965751398,-3.0928615034248605,1.5265566588595902e-16,-4.440892098500626e-16,9.277600140534984e+17,6.777091204761154e-33,-1.5589697795934633e-28,6.295147866253946e-63,-1.5589697795934633e-28
0.7761111111111111,0.10719039199809888,-3.092809608001901,1.8041124150158794e-16,4.440892098500626e-16,9.258879596277286e+17,6.790793816887915e-33,-1.5589697794143161e-28,6.294425781311097e-63,-1.5589697794143161e-28
0.7766666666666666,0.10724366719060169,-3.0927563328093983,1.5265566588595902e-16,4.440892098500626e-16,9.23970061342895e+17,6.80488956777746e-33,-1.5589697795767757e-28,6.295104062627469e-63,-1.5589697795767757e-28
0.7772222222222223,0.10729835785850672,-3.0927016421414937,1.5265566588595902e-16,4.440892098500626e-16,9.220053385923776e+17,6.819390266188713e-33,-1.5589697796239923e-28,6.293605352363643e-63,-1.5589697796239923e-28
0.7777777777777778,0.10735450057939544,-3.0926454994206045,1.8041124150158794e-16,8.881784197001252e-16,9.199927974303834e+17,6.834308104294331e-33,-1.5589697796787252e-28,6.292817315638012e-63,-1.5589697796787252e-28
0.7783333333333333,0.10741213282107598,-3.092587867178924,1.6653345369377348e-16,4.440892098500626e-16,9.179314308311066e+17,6.849655671642198e-33,-1.5589697796866308e-28,6.291873826830709e-63,-1.5589697796866308e-28
0.7788888888888889,0.10747129296032959,-3.0925287070396705,1.5265566588595902e-16,-0.0,9.158202189804878e+17,6.865445969701806e-33,-1.5589697797132656e-28,6.289749723143398e-63,-1.5589697797132656e-28
0.7794444444444445,0.10753202030189535,-3.092467979698105,1.5265566588595902e-16,4.440892098500626e-16,9.136581296021699e+17,6.881692427022602e-33,-1.55896977990193e-28,6.289316772436989e-63,-1.55896977990193e-28
0.7799999999999999,0.10759435509768667,-3.0924056449023136,1.5265566588595902e-16,4.440892098500626e-16,9.114441183193756e+17,6.898408915035382e-33,-1.558969779848827e-28,6.288466429933869e-63,-1.558969779848827e-28
0.7805555555555554,0.10765833856623364,-3.0923416614337667,1.1102230246251565e-16,4.440892098500626e-16,9.09177129054416e+17,6.915609764524323e-33,-1.558969779995091e-28,6.286248758149037e-63,-1.558969779995091e-28
0.781111111111111,0.10772401291234196,-3.092275987087658,1.3877787807814457e-16,-0.0,9.068560944676703e+17,6.933309782807167e-33,-1.5589697800450087e-28,6.286719493375217e-63,-1.5589697800450087e-28
0.7816666666666665,0.10779142134696224,-3.0922085786530378,1.942890293094024e-16,4.440892098500626e-16,9.044799364377713e+17,6.95152427165374e-33,-1.5589697799127714e-28,6.287555771211731e-63,-1.5589697799127714e-28
0.7822222222222222,0.10786060810725978,-3.0921393918927405,1.942890293094024e-16,4.440892098500626e-16,9.020475665849044e+17,6.970269045982888e-33,-1.5589697797761197e-28,6.287600504921481e-63,-1.5589697797761197e-28
0.7827777777777778,0.10793161847687543,-3.092068381523125,1.8041124150158794e-16,-0.0,8.995578868390888e+17,6.989560453373813e-33,-1.558969779576117e-28,6.286254077102399e-63,-1.558969779576117e-28
0.7833333333333333,0.10800449880636581,-3.0919955011936344,1.249000902703301e-16,4.440892098500626e-16,8.970097900553777e+17,7.009415394432548e-33,-1.5589697796647037e-28,6.28721679111515e-63,-1.5589697796647037e-28
0.7838888888888889,0.10807929653381382,-3.091920703466186,9.71445146547012e-17,8.881784197001252e-16,8.944021606778637e+17,7.029851344059373e-33,-1.5589697796026975e-28,6.287401538876825e-63,-1.5589697796026975e-28
0.7844444444444444,0.10815606020559931,-3.091843939794401,1.5265566588595902e-16,-0.0,8.917338754543511e+17,7.050886373658808e-33,-1.5589697795378098e-28,6.285439972975949e-63,-1.5589697795378098e-28
0.785,0.10823483949730917,-3.091765160502691,2.0816681711721685e-16,4.440892098500626e-16,8.890038042039564e+17,7.072539174341422e-33,-1.5589697795120606e-28,6.285305997126591e-63,-1.5589697795120606e-28
0.7855555555555556,0.10831568523477259,-3.0916843147652275,1.249000902703301e-16,8.881784197001252e-16,8.862108106396161e+17,7.094829081167379e-33,-1.5589697795520315e-28,6.28551950997577e-63,-1.5589697795520315e-28
0.7861111111111111,0.10839864941521277,-3.0916013505847872,1.3877787807814457e-16,-0.0,8.833537532473023e+17,7.117776098485398e-33,-1.55896977950192e-28,6.287488753092945e-63,-1.55896977950192e-28
0.7866666666666666,0.1084837852284955,-3.0915162147715045,2.0816681711721685e-16,8.881784197001252e-16,8.804314862239904e+17,7.141400926421773e-33,-1.558969779536849e-28,6.287489113075516e-63,-1.558969779536849e-28
0.7872222222222223,0.108571147078458,-3.0914288529215423,1.8041124150158794e-16,4.440892098500626e-16,8.774428604764229e+17,7.165724988584411e-33,-1.5589697794802132e-28,6.286484609051083e-63,-1.5589697794802132e-28
0.7877777777777778,0.1086607906042994,-3.091339209395701,1.1102230246251565e-16,4.440892098500626e-16,8.743867246826234e+17,7.190770461037266e-33,-1.558969779560836e-28,6.28513330090414e-63,-1.558969779560836e-28
0.7883333333333333,0.10875277270201078,-3.0912472272979894,1.8041124150158794e-16,-0.0,8.712619264181848e+17,7.21656030261692e-33,-1.5589697796646122e-28,6.285679438735411e-63,-1.5589697796646122e-28
0.7888888888888889,0.10884715154582691,-3.0911528484541733,1.6653345369377348e-16,4.440892098500626e-16,8.68067313349153e+17,7.243118286659878e-33,-1.5589697796265133e-28,6.28514361624147e-63,-1.5589697796265133e-28
0.7894444444444443,0.10894398660967941,-3.091056013390321,1.5265566588595902e-16,-0.0,8.648017344933836e+17,7.270469034216642e-33,-1.5589697797405077e-28,6.286854785501774e-63,-1.5589697797405077e-28
0.7899999999999999,0.10904333868863436,-3.090956661311366,1.8041124150158794e-16,4.440892098500626e-16,8.61464041551922e+17,7.2986380488314e-33,-1.5589697797980726e-28,6.286161403401832e-63,-1.5589697797980726e-28
0.7905555555555555,0.10914526992025886,-3.0908547300797413,1.6653345369377348e-16,-0.0,8.580530903132659e+17,7.327651752964967e-33,-1.5589697797354617e-28,6.284594779053621e-63,-1.5589697797354617e-28
0.791111111111111,0.10924984380591407,-3.090750156194086,1.1102230246251565e-16,4.440892098500626e-16,8.545677421313964e+17,7.35753752615226e-33,-1.5589697795979638e-28,6.285955768858735e-63,-1.5589697795979638e-28
0.7916666666666665,0.10935712523194946,-3.0906428747680508,1.942890293094024e-16,4.440892098500626e-16,8.510068654791256e+17,7.388323744992334e-33,-1.5589697794985759e-28,6.284426982168458e-63,-1.5589697794985759e-28
0.7922222222222222,0.10946718049076343,-3.090532819509237,1.1102230246251565e-16,-0.0,8.473693375784454e+17,7.420039825064996e-33,-1.5589697795405745e-28,6.285230739826109e-63,-1.5589697795405745e-28
0.7927777777777778,0.10958007730170322,-3.090419922698297,1.942890293094024e-16,-0.0,8.436540461092607e+17,7.452716264880805e-33,-1.558969779603584e-28,6.285414104242237e-63,-1.558969779603584e-28
0.7933333333333333,0.10969588483176573,-3.0903041151682347,1.5265566588595902e-16,-4.440892098500626e-16,8.398598909978653e+17,7.48638469197601e-33,-1.5589697796600727e-28,6.286214333338321e-63,-1.5589697796600727e-28
0.7938888888888889,0.10981467371608844,-3.090185326283912,1.8041124150158794e-16,-0.0,8.359857862857071e+17,7.52107791127222e-33,-1.5589697795089802e-28,6.285736816684805e-63,-1.5589697795089802e-28
0.7944444444444444,0.10993651607817784,-3.0900634839218224,1.3877787807814457e-16,4.440892098500626e-16,8.32030662079866e+17,7.556829955826099e-33,-1.5589697793528884e-28,6.281612869594071e-63,-1.5589697793528884e-28
0.795,0.11006148554980089,-3.0899385144501994,1.8041124150158794e-16,-0.0,8.279934665873782e+17,7.593676140085157e-33,-1.5589697793514797e-28,6.283995157086677e-63,-1.5589697793514797e-28
0.7955555555555556,0.11018965729055841,-3.0898103427094417,1.5265566588595902e-16,4.440892098500626e-16,8.238731682320488e+17,7.631653115810668e-33,-1.5589697794974983e-28,6.284292534244797e-63,-1.5589697794974983e-28
0.7961111111111111,0.11032110800708267,-3.0896788919929175,1.942890293094024e-16,4.440892098500626e-16,8.196687578548095e+17,7.670798930809945e-33,-1.558969779560064e-28,6.284697372407471e-63,-1.558969779560064e-28
0.7966666666666666,0.11045591597181931,-3.089544084028181,1.8041124150158794e-16,4.440892098500626e-16,8.153792509976504e+17,7.711153090635924e-33,-1.558969779340389e-28,6.28269542176393e-63,-1.558969779340389e-28
0.7972222222222223,0.11059416104135211,-3.089405838958648,1.942890293094024e-16,-0.0,8.110036902710426e+17,7.752756623425082e-33,-1.5589697793790426e-28,6.282349015775554e-63,-1.5589697793790426e-28
0.7977777777777778,0.11073592467425852,-3.0892640753257417,1.6653345369377348e-16,4.440892098500626e-16,8.065411478033961e+17,7.795652148058289e-33,-1.5589697793725218e-28,6.285441057330322e-63,-1.5589697793725218e-28
0.7983333333333333,0.11088128994836854,-3.0891187100516317,1.8041124150158794e-16,4.440892098500626e-16,8.019907277744909e+17,7.839883945814025e-33,-1.5589697794618928e-28,6.285806005762042e-63,-1.5589697794618928e-28
0.7988888888888889,0.11103034157741032,-3.08896965842259,2.0816681711721685e-16,4.440892098500626e-16,7.973515690308215e+17,7.885498035720205e-33,-1.5589697793134175e-28,6.286944622489433e-63,-1.5589697793134175e-28
0.7994444444444443,0.11118316592703464,-3.0888168340729654,1.8041124150158794e-16,4.440892098500626e-16,7.926228477802182e+17,7.932542253834146e-33,-1.5589697793245294e-28,6.287700958255291e-63,-1.5589697793245294e-28
0.7999999999999999,0.11133985103014399,-3.088660148969856,1.8041124150158794e-16,8.881784197001252e-16,7.878037803647887e+17,7.98106633667017e-33,-1.5589697793472668e-28,6.289567364699506e-63,-1.5589697793472668e-28
0.8005555555555555,0.11150048660148415,-3.0884995133985162,1.3877787807814457e-16,-4.440892098500626e-16,7.828936261097052e+17,8.031122009019926e-33,-1.558969779269387e-28,6.289957276497779e-63,-1.558969779269387e-28
0.801111111111111,0.11166516405148408,-3.0883348359485163,1.249000902703301e-16,-0.0,7.778916902441935e+17,8.082763076434497e-33,-1.5589697791925336e-28,6.291436704643623e-63,-1.5589697791925336e-28
0.8016666666666665,0.1118339764991465,-3.088166023500854,1.249000902703301e-16,-0.0,7.727973268960376e+17,8.13604552260155e-33,-1.558969779199706e-28,6.291214108499672e-63,-1.558969779199706e-28
0.8022222222222222,0.11200701878404029,-3.08799298121596,1.6653345369377348e-16,4.440892098500626e-16,7.676099421528762e+17,8.191027611936226e-33,-1.5589697792021977e-28,6.291847109655504e-63,-1.5589697792021977e-28
0.8027777777777778,0.11218438747734827,-3.087815612522652,1.8041124150158794e-16,-0.0,7.623289971860087e+17,8.247769997704538e-33,-1.5589697791070995e-28,6.291999446147603e-63,-1.5589697791070995e-28
0.8033333333333333,0.1123661808918947,-3.0876338191081056,2.220446049250313e-16,4.440892098500626e-16,7.569540114328404e+17,8.306335836003086e-33,-1.5589697788651065e-28,6.289962842626228e-63,-1.5589697788651065e-28
0.8038888888888889,0.11255249909115322,-3.087447500908847,1.6653345369377348e-16,-0.0,7.514845658311946e+17,8.366790905967014e-33,-1.5589697789603898e-28,6.288603294748049e-63,-1.5589697789603898e-28
0.8044444444444444,0.1127434438970269,-3.0872565561029734,1.5265566588595902e-16,-0.0,7.459203061043926e+17,8.429203736533033e-33,-1.5589697791745847e-28,6.289758739677687e-63,-1.5589697791745847e-28
0.805,0.11293911889638314,-3.087060881103617,1.3877787807814457e-16,4.440892098500626e-16,7.402609460895579e+17,8.493645740174293e-33,-1.5589697792007414e-28,6.290725135429747e-63,-1.5589697792007414e-28
0.8055555555555556,0.11313962944637018,-3.08686037055363,1.1102230246251565e-16,-0.0,7.345062710998875e+17,8.56019135405849e-33,-1.5589697792237994e-28,6.28951014153404e-63,-1.5589697792237994e-28
0.8061111111111111,0.11334508267841897,-3.086654917321581,2.0816681711721685e-16,4.440892098500626e-16,7.28656141314583e+17,8.628918189075488e-33,-1.55896977915552e-28,6.288424178380585e-63,-1.55896977915552e-28
0.8066666666666666,0.11355558750093109,-3.086444412499069,2.0816681711721685e-16,4.440892098500626e-16,7.227104951867337e+17,8.699907187242958e-33,-1.5589697790869096e-28,6.287218264245299e-63,-1.5589697790869096e-28
0.8072222222222222,0.1137712546003628,-3.0862287453996373,1.8041124150158794e-16,4.440892098500626e-16,7.166693528670767e+17,8.773242787929158e-33,-1.5589697791307873e-28,6.285482045674066e-63,-1.5589697791307873e-28
0.8077777777777778,0.11399219644079328,-3.086007803559207,1.1102230246251565e-16,-0.0,7.105328196299356e+17,8.849013103498471e-33,-1.5589697790343797e-28,6.284031356827744e-63,-1.5589697790343797e-28
0.8083333333333333,0.11421852726195575,-3.0857814727380446,1.1102230246251565e-16,4.440892098500626e-16,7.043010892903497e+17,8.927310104980986e-33,-1.5589697790914359e-28,6.281010063408817e-63,-1.5589697790914359e-28
0.8088888888888888,0.11445036307569467,-3.0855496369243056,1.6653345369377348e-16,-0.0,6.979744476012169e+17,9.008229818412072e-33,-1.5589697791597791e-28,6.279263503373182e-63,-1.5589697791597791e-28
0.8094444444444443,0.11468782166068259,-3.0853121783393176,1.5265566588595902e-16,4.440892098500626e-16,6.915532756221946e+17,9.091872532472621e-33,-1.5589697791165608e-28,6.278688916821482e-63,-1.5589697791165608e-28
0.8099999999999999,0.1149310225552127,-3.0850689774447875,1.6653345369377348e-16,-0.0,6.85038053051731e+17,9.178343018115812e-33,-1.5589697792396578e-28,6.2797166022168e-63,-1.5589697792396578e-28
0.8105555555555555,0.11518008704824867,-3.0848199129517515,1.8041124150158794e-16,-0.0,6.784293615030493e+17,9.267750761024144e-33,-1.5589697793251926e-28,6.279562674525508e-63,-1.5589697793251926e-28
0.811111111111111,0.11543513816864909,-3.084564861831351,1.1102230246251565e-16,4.440892098500626e-16,6.717278877117432e+17,9.360210207721886e-33,-1.55896977928115e-28,6.278170308442919e-63,-1.55896977928115e-28
0.8116666666666665,0.11569630067246706,-3.084303699327533,2.0816681711721685e-16,4.440892098500626e-16,6.649344266624549e+17,9.45584102620501e-33,-1.5589697791942414e-28,6.279294624542903e-63,-1.5589697791942414e-28
0.8122222222222222,0.11596370102801756,-3.0840362989719825,1.5265566588595902e-16,4.440892098500626e-16,6.580498846267459e+17,9.55476838194014e-33,-1.5589697789874333e-28,6.278695023811417e-63,-1.5589697789874333e-28
0.8127777777777778,0.11623746739897334,-3.083762532601027,1.3877787807814457e-16,4.440892098500626e-16,6.510752820889605e+17,9.657123230354492e-33,-1.5589697790717143e-28,6.279314735758559e-63,-1.5589697790717143e-28
0.8133333333333334,0.11651772962543777,-3.0834822703745624,1.3877787807814457e-16,4.440892098500626e-16,6.440117565447249e+17,9.763042626899974e-33,-1.5589697791242684e-28,6.281355126494143e-63,-1.5589697791242684e-28
0.8138888888888889,0.1168046192028479,-3.0831953807971524,1.3877787807814457e-16,-0.0,6.368605651588554e+17,9.872670055811508e-33,-1.5589697791508063e-28,6.281578744811116e-63,-1.5589697791508063e-28
0.8144444444444444,0.11709826925842115,-3.082901730741579,1.3877787807814457e-16,4.440892098500626e-16,6.29623087272187e+17,9.98615577870767e-33,-1.558969779142569e-28,6.282568619727575e-63,-1.558969779142569e-28
0.815,0.11739881452545653,-3.0826011854745436,1.3877787807814457e-16,8.881784197001252e-16,6.223008267315562e+17,1.0103657204497203e-32,-1.558969779177941e-28,6.286559469384792e-63,-1.558969779177941e-28
0.8155555555555556,0.11770639131546207,-3.0822936086845383,1.8041124150158794e-16,-0.0,6.148954140258487e+17,1.0225339282017576e-32,-1.5589697790881963e-28,6.28576424775928e-63,-1.5589697790881963e-28
0.8161111111111111,0.11802113748779547,-3.0819788625122047,1.942890293094024e-16,8.881784197001252e-16,6.074086082176218e+17,1.0351374916830602e-32,-1.5589697790283918e-28,6.288219161430283e-63,-1.5589697790283918e-28
0.8166666666666667,0.11834319241678154,-3.0816568075832187,1.3877787807814457e-16,4.440892098500626e-16,5.998422986526488e+17,1.048194541380926e-32,-1.5589697789400266e-28,6.289808723061562e-63,-1.5589697789400266e-28
0.8172222222222222,0.11867269695657473,-3.0813273030434254,1.942890293094024e-16,4.440892098500626e-16,5.921985064226949e+17,1.0617240947384421e-32,-1.5589697792407396e-28,6.289785329212545e-63,-1.5589697792407396e-28
0.8177777777777778,0.11900979340368151,-3.0809902065963186,1.8041124150158794e-16,4.440892098500626e-16,5.844793855656526e+17,1.0757461061327122e-32,-1.5589697791244772e-28,6.289033503962401e-63,-1.5589697791244772e-28
0.8183333333333334,0.11935462545671499,-3.0806453745432854,1.249000902703301e-16,-0.0,5.766872239950043e+17,1.0902815199917548e-32,-1.558969779349958e-28,6.292658005331157e-63,-1.558969779349958e-28
0.8188888888888888,0.11970733817375473,-3.0802926618262454,1.6653345369377348e-16,4.440892098500626e-16,5.688244441320762e+17,1.105352327283424e-32,-1.5589697791790684e-28,6.29493374840068e-63,-1.5589697791790684e-28
0.8194444444444443,0.12006807792739821,-3.079931922072602,1.3877787807814457e-16,4.440892098500626e-16,5.608936032222196e+17,1.1209816256149855e-32,-1.5589697787663737e-28,6.292258220184188e-63,-1.5589697787663737e-28
0.8199999999999998,0.12043699235711958,-3.0795630076428804,1.6653345369377348e-16,8.881784197001252e-16,5.52897393327007e+17,1.1371936831780591e-32,-1.558969778849244e-28,6.287451864299888e-63,-1.558969778849244e-28
0.8205555555555555,0.12081423031903216,-3.079185769680968,1.6653345369377348e-16,-0.0,5.448386409739783e+17,1.1540140068133144e-32,-1.5589697788069775e-28,6.287689547838464e-63,-1.5589697788069775e-28
0.821111111111111,0.12119994183337696,-3.0788000581666233,1.5265566588595902e-16,-0.0,5.367203064418737e+17,1.1714694144988401e-32,-1.5589697788982183e-28,6.290396971428087e-63,-1.5589697788982183e-28
0.8216666666666665,0.12159427802946682,-3.078405721970533,1.3877787807814457e-16,4.440892098500626e-16,5.285454826731416e+17,1.1895881125634872e-32,-1.5589697789009037e-28,6.290831174688451e-63,-1.5589697789009037e-28
0.8222222222222222,0.12199739108795726,-3.078002608912043,1.249000902703301e-16,4.440892098500626e-16,5.203173938030262e+17,1.2083997779538209e-32,-1.5589697790430841e-28,6.291667831399767e-63,-1.5589697790430841e-28
0.8227777777777778,0.12240943418071937,-3.077590565819281,1.942890293094024e-16,4.440892098500626e-16,5.1203939328729766e+17,1.2279356459285265e-32,-1.5589697791552234e-28,6.29227869420391e-63,-1.5589697791552234e-28
0.8233333333333334,0.12283056140921356,-3.0771694385907864,1.6653345369377348e-16,4.440892098500626e-16,5.037149616004173e+17,1.2482286036122623e-32,-1.558969779116198e-28,6.291641763392926e-63,-1.558969779116198e-28
0.8238888888888889,0.12326092773875164,-3.0767390722612484,1.942890293094024e-16,8.881784197001252e-16,4.953477035474048e+17,1.269313289704017e-32,-1.5589697790497413e-28,6.289971044098383e-63,-1.5589697790497413e-28
0.8244444444444444,0.12370068893104619,-3.076299311068954,2.0816681711721685e-16,4.440892098500626e-16,4.869413451323397e+17,1.2912262009015e-32,-1.558969778975683e-28,6.288951138570514e-63,-1.558969778975683e-28
0.825,0.12415000147665156,-3.0758499985233487,1.6653345369377348e-16,-0.0,4.784997299491548e+17,1.314005805612287e-32,-1.558969779017216e-28,6.288799120672725e-63,-1.558969779017216e-28
0.8255555555555556,0.12460902252186351,-3.0753909774781367,1.8041124150158794e-16,4.440892098500626e-16,4.700268151950683e+17,1.3376926652070943e-32,-1.5589697790457327e-28,6.291720939818503e-63,-1.5589697790457327e-28
0.8261111111111111,0.12507790979500705,-3.074922090204993,1.6653345369377348e-16,-0.0,4.6152666720838835e+17,1.3623295636202236e-32,-1.55896977890495e-28,6.291089753987984e-63,-1.55896977890495e-28
0.8266666666666667,0.12555682153195602,-3.0744431784680444,1.1102230246251565e-16,-0.0,4.530034565370504e+17,1.3879616459078114e-32,-1.5589697788626716e-28,6.28927651043149e-63,-1.5589697788626716e-28
0.8272222222222222,0.12604591639753404,-3.073954083602466,1.942890293094024e-16,8.881784197001252e-16,4.4446145260111245e+17,1.414636566247679e-32,-1.5589697790401638e-28,6.293309461859773e-63,-1.5589697790401638e-28
0.8277777777777777,0.12654535340599232,-3.073454646594008,2.220446049250313e-16,-0.0,4.359050178945987e+17,1.4424046462551388e-32,-1.5589697789853316e-28,6.287526653989762e-63,-1.5589697789853316e-28
0.8283333333333334,0.1270552918404581,-3.0729447081595422,2.220446049250313e-16,4.440892098500626e-16,4.2733860173768774e+17,1.4713190443840127e-32,-1.558969778966024e-28,6.293402154025376e-63,-1.558969778966024e-28
0.8288888888888888,0.12757589116964108,-3.072424108830359,2.220446049250313e-16,4.440892098500626e-16,4.187667336183377e+17,1.5014359371490456e-32,-1.5589697789056376e-28,6.289389700555391e-63,-1.5589697789056376e-28
0.8294444444444443,0.12810731096355593,-3.0718926890364444,1.6653345369377348e-16,4.440892098500626e-16,4.101940161047869e+17,1.5328147131636183e-32,-1.5589697789982859e-28,6.283038018799832e-63,-1.5589697789982859e-28
0.8299999999999998,0.12864971080804882,-3.0713502891919515,1.6653345369377348e-16,-0.0,4.016251173481401e+17,1.565518180956006e-32,-1.5589697789299976e-28,6.277419490159378e-63,-1.5589697789299976e-28
0.8305555555555555,0.129203250217634,-3.070796749782366,1.6653345369377348e-16,4.440892098500626e-16,3.9306476320030925e+17,1.5996127915863967e-32,-1.5589697789192336e-28,6.277489804895948e-63,-1.5589697789192336e-28
0.831111111111111,0.12976808854779492,-3.0702319114522054,1.3877787807814457e-16,-0.0,3.8451772894893523e+17,1.635168877273265e-32,-1.5589697789777657e-28,6.280374487566103e-63,-1.5589697789777657e-28
0.8316666666666666,0.13034438490612382,-3.0696556150938763,1.3877787807814457e-16,4.440892098500626e-16,3.7598883070229946e+17,1.6722609072260568e-32,-1.5589697790823133e-28,6.279673706384341e-63,-1.5589697790823133e-28
0.8322222222222222,0.13093229806213275,-3.0690677019378674,1.1102230246251565e-16,-0.0,3.674829164512801e+17,1.7109677620087747e-32,-1.558969779064127e-28,6.276018982223587e-63,-1.558969779064127e-28
0.8327777777777777,0.13153198635761482,-3.068468013642385,1.6653345369377348e-16,4.440892098500626e-16,3.590048568085551e+17,1.7513730280044192e-32,-1.5589697790444372e-28,6.278989072213767e-63,-1.5589697790444372e-28
0.8333333333333334,0.13214360761621474,-3.0678563923837854,2.220446049250313e-16,4.440892098500626e-16,3.505595354762538e+17,1.7935653134720812e-32,-1.5589697789336006e-28,6.278057553885921e-63,-1.5589697789336006e-28
0.8338888888888889,0.13276731905146538,-3.0672326809485346,1.3877787807814457e-16,4.440892098500626e-16,3.4215183948375334e+17,1.8376385878438487e-32,-1.558969778917894e-28,6.275504062654809e-63,-1.558969778917894e-28
0.8344444444444444,0.13340327717645672,-3.0665967228235433,1.3877787807814457e-16,4.440892098500626e-16,3.3378664918647494e+17,1.8836925463302026e-32,-1.5589697790737212e-28,6.272639385921922e-63,-1.5589697790737212e-28
0.835,0.13405163771366968,-3.0659483622863304,1.3877787807814457e-16,4.440892098500626e-16,3.254688280852086e+17,1.9318330017536546e-32,-1.5589697789787215e-28,6.285992903657838e-63,-1.5589697789787215e-28
0.8355555555555556,0.13471255550350353,-3.0652874444964966,1.3877787807814457e-16,4.440892098500626e-16,3.172032125232938e+17,1.9821723056821858e-32,-1.5589697789897606e-28,6.288635320193923e-63,-1.5589697789897606e-28
0.8361111111111111,0.1353861844138583,-3.0646138155861418,1.942890293094024e-16,4.440892098500626e-16,3.0899460127044806e+17,2.0348298014009103e-32,-1.558969779032828e-28,6.29026312176295e-63,-1.558969779032828e-28
0.8366666666666667,0.13607267725213912,-3.063927322747861,2.220446049250313e-16,4.440892098500626e-16,3.008477450209792e+17,2.0899323114197027e-32,-1.558969779062622e-28,6.28144297673172e-63,-1.558969779062622e-28
0.8372222222222222,0.13677218567675342,-3.0632278143232465,1.942890293094024e-16,4.440892098500626e-16,2.927673358874222e+17,2.1476146621044925e-32,-1.5589697789957375e-28,6.28304278145576e-63,-1.5589697789957375e-28
0.8377777777777777,0.13748486010806749,-3.0625151398919326,1.3877787807814457e-16,4.440892098500626e-16,2.8475799693182685e+17,2.2080202484624762e-32,-1.558969779115975e-28,6.284136639876915e-63,-1.558969779115975e-28
0.8383333333333334,0.13821084964358737,-3.0617891503564127,1.1102230246251565e-16,4.440892098500626e-16,2.7682427172569974e+17,2.2713016427985513e-32,-1.5589697790662715e-28,6.29229444679035e-63,-1.5589697790662715e-28
0.8388888888888888,0.1389503019742045,-3.0610496980257955,1.6653345369377348e-16,4.440892098500626e-16,2.6897061402455194e+17,2.33762125062369e-32,-1.5589697791961987e-28,6.291895206705517e-63,-1.5589697791961987e-28
0.8394444444444443,0.13970336330031358,-3.0602966366996864,1.3877787807814457e-16,4.440892098500626e-16,2.6120137761502054e+17,2.4071520176428824e-32,-1.5589697791847612e-28,6.289477728479843e-63,-1.5589697791847612e-28
0.8399999999999999,0.1404701782496673,-3.059529821750333,1.3877787807814457e-16,-0.0,2.5352080635916966e+17,2.4800781922661324e-32,-1.558969779222325e-28,6.29959889157536e-63,-1.558969779222325e-28
0.8405555555555554,0.14125088980020872,-3.0587491101997912,1.6653345369377348e-16,4.440892098500626e-16,2.4593302445129437e+17,2.556596148646227e-32,-1.5589697792683815e-28,6.303221425865612e-63,-1.5589697792683815e-28
0.841111111111111,0.14204563920358199,-3.057954360796418,1.1102230246251565e-16,-0.0,2.3844202697916643e+17,2.636915274973884e-32,-1.5589697794290488e-28,6.304022433318092e-63,-1.5589697794290488e-28
0.8416666666666667,0.14285456590916656,-3.0571454340908337,1.3877787807814457e-16,-0.0,2.310516708328934e+17,2.721258932560759e-32,-1.5589697794217917e-28,6.303323610143708e-63,-1.5589697794217917e-28
0.8422222222222222,0.14367780749214282,-3.0563221925078574,1.6653345369377348e-16,4.440892098500626e-16,2.2376566597090813e+17,2.809865492138686e-32,-1.558969779369807e-28,6.310638385896345e-63,-1.558969779369807e-28
0.8427777777777777,0.14451549958610044,-3.0554845004138995,1.3877787807814457e-16,4.440892098500626e-16,2.1658756708407658e+17,2.902989454113155e-32,-1.5589697794482403e-28,6.316850089783973e-63,-1.5589697794482403e-28
0.8433333333333334,0.14536777581688487,-3.0546322241831154,1.942890293094024e-16,4.440892098500626e-16,2.0952076572883178e+17,3.000902659695517e-32,-1.5589697794997998e-28,6.303845147501295e-63,-1.5589697794997998e-28
0.8438888888888889,0.1462347677376888,-3.0537652322623114,1.3877787807814457e-16,-0.0,2.02568482964332e+17,3.103895600816672e-32,-1.5589697796123023e-28,6.306237121393583e-63,-1.5589697796123023e-28
0.8444444444444444,0.14711660476940513,-3.052883395230595,1.3877787807814457e-16,-0.0,1.9573376249563946e+17,3.2122788379501637e-32,-1.558969779596072e-28,6.308388170583154e-63,-1.558969779596072e-28
0.845,0.14801341414543873,-3.0519865858545616,1.6653345369377348e-16,-0.0,1.8901946436605168e+17,3.3263845352956386e-32,-1.558969779616499e-28,6.30364940656663e-63,-1.558969779616499e-28
0.8455555555555555,0.14892532085843413,-3.051074679141566,1.3877787807814457e-16,4.440892098500626e-16,1.8242825924901814e+17,3.446568123411399e-32,-1.5589697797740931e-28,6.30109327013172e-63,-1.5589697797740931e-28
0.8461111111111111,0.14985244760896727,-3.050147552391033,1.3877787807814457e-16,4.440892098500626e-16,1.7596262336368374e+17,3.5732101006335614e-32,-1.5589697798532898e-28,6.292081936671833e-63,-1.5589697798532898e-28
0.8466666666666667,0.15079491475949425,-3.049205085240506,1.6653345369377348e-16,4.440892098500626e-16,1.6962483401341968e+17,3.7067179861608704e-32,-1.5589697798115159e-28,6.301162405972325e-63,-1.5589697798115159e-28
0.8472222222222222,0.1517528402934628,-3.0482471597065373,1.1102230246251565e-16,-0.0,1.634169657711544e+17,3.847528438495129e-32,-1.5589697798310517e-28,6.299285801668217e-63,-1.5589697798310517e-28
0.8477777777777777,0.15272633977671174,-3.0472736602232886,1.6653345369377348e-16,-0.0,1.5734088734809862e+17,3.9961095538126337e-32,-1.5589697798310517e-28,6.310243714697428e-63,-1.5589697798310517e-28
0.8483333333333333,0.15371552632166385,-3.0462844736783365,1.6653345369377348e-16,-0.0,1.5139825915308112e+17,4.152963360703887e-32,-1.5589697797435192e-28,6.292001967130897e-63,-1.5589697797435192e-28
0.8488888888888888,0.15472051055555885,-3.0452794894444413,2.220446049250313e-16,4.440892098500626e-16,1.4559053154266685e+17,4.318628529444088e-32,-1.5589697797763646e-28,6.281508079823205e-63,-1.5589697797763646e-28
0.8494444444444443,0.15574140059509226,-3.044258599404908,1.1102230246251565e-16,-0.0,1.3991894375443256e+17,4.493683315967565e-32,-1.5589697797763646e-28,6.263552774374502e-63,-1.5589697797763646e-28
0.8499999999999999,0.1567783020234927,-3.0432216979765077,1.1102230246251565e-16,-0.0,1.3438452354895442e+17,4.6787487616313864e-32,-1.55896977977619e-28,6.261579778901484e-63,-1.55896977977619e-28
0.8505555555555554,0.15783131787110347,-3.0421686821288967,1.3877787807814457e-16,-0.0,1.2898808754971902e+17,4.874492172734521e-32,-1.5589697797995102e-28,6.248974236683298e-63,-1.5589697797995102e-28
0.851111111111111,0.15890054859874103,-3.041099451401259,1.3877787807814457e-16,4.440892098500626e-16,1.2373024227685573e+17,5.081630905807286e-32,-1.5589697797763646e-28,6.24035543520315e-63,-1.5589697797763646e-28
0.8516666666666667,0.15998609208731915,-3.040013907912681,1.942890293094024e-16,-0.0,1.186113858461549e+17,5.30093648810935e-32,-1.5589697796845217e-28,6.246171109992165e-63,-1.5589697796845217e-28
0.8522222222222222,0.16108804363114435,-3.038911956368856,1.1102230246251565e-16,4.440892098500626e-16,1.1363171033360162e+17,5.533239104570318e-32,-1.5589697796642472e-28,6.221858426496703e-63,-1.5589697796642472e-28
0.8527777777777777,0.1622064959342617,-3.0377935040657387,1.942890293094024e-16,-0.0,1.087912047894609e+17,5.779432485869554e-32,-1.558969779639646e-28,6.252724525525792e-63,-1.558969779639646e-28
0.8533333333333333,0.16334153911017563,-3.0366584608898246,1.3877787807814457e-16,-0.0,1.0408965887781022e+17,6.040479236032276e-32,-1.5589697796428242e-28,6.25974254356171e-63,-1.5589697796428242e-28
0.8538888888888889,0.16449326068479098,-3.0355067393152093,1.3877787807814457e-16,-0.0,9.952666711669363e+16,6.3174166417117e-32,-1.5589697796224184e-28,6.251470077615649e-63,-1.5589697796224184e-28
0.8544444444444445,0.16566174560509198,-3.0343382543949082,1.6653345369377348e-16,4.440892098500626e-16,9.51016336810145e+16,6.611363010292977e-32,-1.5589697796488964e-28,6.242759626232e-63,-1.5589697796488964e-28
0.855,0.16684707625046938,-3.033152923749531,1.6653345369377348e-16,-0.0,9.081377775084696e+16,6.923524587448764e-32,-1.558969779615045e-28,6.231331659408622e-63,-1.558969779615045e-28
0.8555555555555555,0.16804933244717013,-3.03195066755283,1.942890293094024e-16,-0.0,8.666213936904131e+16,7.255203110779805e-32,-1.5589697795576134e-28,6.228423400119426e-63,-1.5589697795576134e-28
0.8561111111111112,0.16926859148584458,-3.0307314085141557,1.3877787807814457e-16,4.440892098500626e-16,8.264558577215971e+16,7.607804061918741e-32,-1.5589697795302714e-28,6.237604238790789e-63,-1.5589697795302714e-28
0.8566666666666667,0.17050492814184093,-3.0294950718581592,1.3877787807814457e-16,-0.0,7.876281815792182e+16,7.982845685846798e-32,-1.5589697794924835e-28,6.233997638071121e-63,-1.5589697794924835e-28
0.8572222222222222,0.1717584147002038,-3.0282415852997966,1.3877787807814457e-16,-0.0,7.501237884363896e+16,8.381968854070286e-32,-1.558969779475584e-28,6.213515662447542e-63,-1.558969779475584e-28
0.8577777777777776,0.17302912098303191,-3.026970879016968,2.220446049250313e-16,8.881784197001252e-16,7.139265878309031e+16,8.806947855064512e-32,-1.5589697794627098e-28,6.225638878915591e-63,-1.5589697794627098e-28
0.8583333333333332,0.17431711437935515,-3.025682885620645,1.3877787807814457e-16,4.440892098500626e-16,6.790190539893194e+16,9.259702204866049e-32,-1.558969779502296e-28,6.278505339846658e-63,-1.558969779502296e-28
0.8588888888888888,0.17562245987766764,-3.0243775401223325,1.942890293094024e-16,-0.0,6.45382306874163e+16,9.742309580539864e-32,-1.558969779475584e-28,6.284268998536174e-63,-1.558969779475584e-28
0.8594444444444443,0.17694522010055186,-3.0230547798994483,1.1102230246251565e-16,4.440892098500626e-16,6.129961955371598e+16,1.025701998992216e-31,-1.558969779475584e-28,6.250846988203797e-63,-1.558969779475584e-28
0.8599999999999999,0.17828545534222534,-3.0217145446577747,1.6653345369377348e-16,8.881784197001252e-16,5.818393833243332e+16,1.0806271303683935e-31,-1.5589697794587312e-28,6.250993538635234e-63,-1.5589697794587312e-28
0.8605555555555554,0.17964322360875765,-3.0203567763912424,1.942890293094024e-16,4.440892098500626e-16,5.518894345129942e+16,1.1392706288931417e-31,-1.558969779441214e-28,6.273002742789019e-63,-1.558969779441214e-28
0.861111111111111,0.18101858065980014,-3.0189814193402,1.942890293094024e-16,4.440892098500626e-16,5.231229019818965e+16,1.2019191298163588e-31,-1.558969779484241e-28,6.275416228779217e-63,-1.558969779484241e-28
0.8616666666666667,0.18241158005217403,-3.0175884199478262,1.942890293094024e-16,4.440892098500626e-16,4.955154154845788e+16,1.2688836784668345e-31,-1.5589697794749157e-28,6.246735743331509e-63,-1.5589697794749157e-28
0.8622222222222222,0.18382227318517796,-3.0161777268148224,1.942890293094024e-16,-4.440892098500626e-16,4.6904177011933144e+16,1.3405019833886868e-31,-1.5589697794752787e-28,6.212123365936339e-63,-1.5589697794752787e-28
0.8627777777777778,0.18525070934721496,-3.014749290652785,2.220446049250313e-16,4.440892098500626e-16,4.436760146060286e+16,1.4171408920885923e-31,-1.5589697795302714e-28,6.251958237653967e-63,-1.5589697795302714e-28
0.8633333333333333,0.18669693576406687,-3.0133030642359335,1.3877787807814457e-16,-0.0,4.193915389807463e+16,1.499199112755499e-31,-1.5589697795302714e-28,6.256354879816805e-63,-1.5589697795302714e-28
0.8638888888888889,0.1881609976487608,-3.0118390023512394,1.6653345369377348e-16,4.440892098500626e-16,3.961611613452716e+16,1.5871102078810623e-31,-1.5589697795170165e-28,6.290545973398413e-63,-1.5589697795170165e-28
0.8644444444444445,0.18964293825214734,-3.010357061747853,1.942890293094024e-16,-0.0,3.7395721333929496e+16,1.681345888537861e-31,-1.5589697795500275e-28,6.321372034710587e-63,-1.5589697795500275e-28
0.865,0.19114279891436742,-3.008857201085633,1.1102230246251565e-16,4.440892098500626e-16,3.5275162400340212e+16,1.7824196413367101e-31,-1.5589697795302714e-28,6.363309993558356e-63,-1.5589697795302714e-28
0.8655555555555555,0.19266061911707097,-3.007339380882929,1.6653345369377348e-16,4.440892098500626e-16,3.3251600172884704e+16,1.8908907236585094e-31,-1.5589697795302714e-28,6.344173720627655e-63,-1.5589697795302714e-28
0.8661111111111112,0.19419643653623286,-3.0058035634637674,1.1102230246251565e-16,-0.0,3.1322171401295012e+16,2.0073685667626063e-31,-1.5589697795302714e-28,6.286116597652143e-63,-1.5589697795302714e-28
0.8666666666666667,0.19575028709529832,-3.0042497129047017,1.3877787807814457e-16,4.440892098500626e-16,2.948399647637852e+16,2.132517630847059e-31,-1.55896977958231e-28,6.288431960851098e-63,-1.55896977958231e-28
0.8672222222222222,0.1973222050188068,-3.0026777949811936,1.3877787807814457e-16,-0.0,2.7734186891677588e+16,2.267062761179303e-31,-1.5589697795849586e-28,6.290821734891588e-63,-1.5589697795849586e-28
0.8677777777777776,0.1989122228863132,-3.001087777113687,1.6653345369377348e-16,4.440892098500626e-16,2.6069852415557836e+16,2.411795100005551e-31,-1.558969779552896e-28,6.319966389057203e-63,-1.558969779552896e-28
0.8683333333333332,0.20052037168617273,-2.9994796283138276,1.3877787807814457e-16,-0.0,2.448810795565713e+16,2.5675786152022474e-31,-1.5589697795960964e-28,6.364362133709508e-63,-1.5589697795960964e-28
0.8688888888888888,0.20214668086922588,-2.9978533191307744,1.942890293094024e-16,-0.0,2.2986080099563856e+16,2.735357313703212e-31,-1.558969779618959e-28,6.384452055754024e-63,-1.558969779618959e-28
0.8694444444444444,0.20379117840226674,-2.9962088215977336,1.6653345369377348e-16,-0.0,2.1560913318297236e+16,2.916163215607015e-31,-1.558969779636584e-28,6.285070835031569e-63,-1.558969779636584e-28
0.8699999999999999,0.20545389082118634,-2.9945461091788137,1.6653345369377348e-16,4.440892098500626e-16,2.0209775821621148e+16,3.111125173711419e-31,-1.558969779639646e-28,6.133095090080477e-63,-1.558969779639646e-28
0.8705555555555554,0.20713484328367276,-2.9928651567163276,1.6653345369377348e-16,4.440892098500626e-16,1.892986505663839e+16,3.3214786331326736e-31,-1.5589697796123075e-28,6.202573414763863e-63,-1.5589697796123075e-28
0.8711111111111111,0.2088340596213518,-2.9911659403786484,1.942890293094024e-16,4.440892098500626e-16,1.7718412843454496e+16,3.5485764367961914e-31,-1.5589697795858909e-28,6.245040174896633e-63,-1.5589697795858909e-28
0.8716666666666667,0.21055156239127665,-2.9894484376087234,1.6653345369377348e-16,4.440892098500626e-16,1.6572690143939822e+16,3.793900795080095e-31,-1.5589697795849586e-28,6.209803480019134e-63,-1.5589697795849586e-28
0.8722222222222222,0.2122873729267955,-2.9877126270732046,1.6653345369377348e-16,8.881784197001252e-16,1.5490011461720308e+16,4.059076551950202e-31,-1.5589697795576151e-28,6.298139895143147e-63,-1.5589697795576151e-28
0.8727777777777778,0.21404151138755056,-2.9859584886124497,1.3877787807814457e-16,-0.0,1.4467738873784382e+16,4.345885895662662e-31,-1.5589697795945224e-28,6.29767913171893e-63,-1.5589697795945224e-28
0.8733333333333333,0.21581399680857336,-2.984186003191427,1.6653345369377348e-16,4.440892098500626e-16,1.350328569587695e+16,4.656284679876648e-31,-1.5589697795707643e-28,6.35741007087824e-63,-1.5589697795707643e-28
0.8738888888888889,0.21760484714842998,-2.98239515285157,1.6653345369377348e-16,4.440892098500626e-16,1.259411978569837e+16,4.992420540982085e-31,-1.558969779601583e-28,6.115619210409298e-63,-1.558969779601583e-28
0.8744444444444445,0.219414079336351,-2.9805859206636494,1.6653345369377348e-16,-0.0,1.1737766489640472e+16,5.3566530199081575e-31,-1.55896977959251e-28,5.903102787717733e-63,-1.55896977959251e-28
0.875,0.22124170931829595,-2.978758290681704,1.6653345369377348e-16,4.440892098500626e-16,1.0931811240345024e+16,5.751575921990137e-31,-1.5589697796074666e-28,5.689352945327717e-63,-1.5589697796074666e-28
0.8755555555555555,0.22308775210189738,-2.976912247898103,1.6653345369377348e-16,-0.0,1.0173901813798758e+16,6.180042176978084e-31,-1.558969779532948e-28,5.586817285620765e-63,-1.558969779532948e-28
0.8761111111111111,0.22495222180024704,-2.975047778199753,1.6653345369377348e-16,4.440892098500626e-16,9461750255953354.0,6.645191493418276e-31,-1.5589697795826831e-28,5.484580658281877e-63,-1.5589697795826831e-28
0.8766666666666667,0.22683513167448657,-2.9731648683255134,1.3877787807814457e-16,4.440892098500626e-16,8793134490002756.0,7.150481137891752e-31,-1.55896977961255e-28,5.383182376922502e-63,-1.55896977961255e-28
0.8772222222222222,0.22873649417517106,-2.971263505824829,1.6653345369377348e-16,4.440892098500626e-16,8165899616449342.0,7.699720210502508e-31,-1.558969779639646e-28,5.449926566148884e-63,-1.558969779639646e-28
0.8777777777777777,0.23065632098238398,-2.969343679017616,1.6653345369377348e-16,4.440892098500626e-16,7577958918949041.0,8.297107834206806e-31,-1.558969779666297e-28,5.436888975845337e-63,-1.558969779666297e-28
0.8783333333333332,0.23259462304457973,-2.9674053769554205,1.1102230246251565e-16,4.440892098500626e-16,7027294589653459.0,8.947275727743445e-31,-1.5589697796932124e-28,5.824643499418726e-63,-1.5589697796932124e-28
0.8788888888888888,0.2345514106161563,-2.965448589383844,2.220446049250313e-16,4.440892098500626e-16,6511958188352227.0,9.655335690909786e-31,-1.5589697797238643e-28,6.126253966379543e-63,-1.5589697797238643e-28
0.8794444444444444,0.23652669329372655,-2.9634733067062737,1.3877787807814457e-16,-0.0,6030070850195107.0,1.0426932597595464e-30,-1.5589697797729353e-28,5.904800347422862e-63,-1.5589697797729353e-28
0.8799999999999999,0.2385204800510978,-2.9614795199489024,1.1102230246251565e-16,4.440892098500626e-16,5579823257104055.0,1.1268303567439889e-30,-1.5589697797716084e-28,6.07541123048688e-63,-1.5589697797716084e-28
0.8805555555555554,0.24053277927295266,-2.9594672207270474,1.6653345369377348e-16,-0.0,5159475388216150.0,1.2186344072366815e-30,-1.5589697797551155e-28,6.368297630511091e-63,-1.5589697797551155e-28
0.8811111111111111,0.24256359878724248,-2.9574364012127576,1.6653345369377348e-16,4.440892098500626e-16,4767356064811080.0,1.318868183096399e-30,-1.5589697797216772e-28,6.441268428020697e-63,-1.5589697797216772e-28
0.8816666666666667,0.24461294589667815,-2.955387054103322,1.1102230246251565e-16,8.881784197001252e-16,4401862305126395.0,1.4283759453466985e-30,-1.5589697797216772e-28,6.69262325904252e-63,-1.5589697797216772e-28
0.8822222222222222,0.2466808274070424,-2.9533191725929577,1.6653345369377348e-16,4.440892098500626e-16,4061458504841463.0,1.5480926922867386e-30,-1.5589697797216772e-28,7.120715120763358e-63,-1.5589697797216772e-28
0.8827777777777778,0.2487672496580896,-2.9512327503419105,1.6653345369377348e-16,4.440892098500626e-16,3744675457432877.0,1.6790545142946077e-30,-1.5589697797216772e-28,6.028003160819483e-63,-1.5589697797216772e-28
0.8833333333333333,0.250872218549355,-2.9491277814506454,1.6653345369377348e-16,-0.0,3450109230732974.5,1.8224101936723913e-30,-1.5589697797216772e-28,6.311098724810869e-63,-1.5589697797216772e-28
0.8838888888888888,0.25299573956667776,-2.9470042604333226,2.220446049250313e-16,-0.0,3176419913284282.0,1.9794342067544796e-30,-1.5589697797453199e-28,7.724998139502057e-63,-1.5589697797453199e-28
0.8844444444444445,0.2551378178071474,-2.944862182192853,1.6653345369377348e-16,-0.0,2922330245161139.5,2.1515413057035535e-30,-1.558969779725552e-28,7.840261909429099e-63,-1.558969779725552e-28
0.885,0.25729845800288265,-2.9427015419971174,1.6653345369377348e-16,4.440892098500626e-16,2686624146988662.5,2.3403028810034195e-30,-1.5589697797450322e-28,7.353672170127062e-63,-1.5589697797450322e-28
0.8855555555555555,0.25947766454367505,-2.940522335456325,1.1102230246251565e-16,4.440892098500626e-16,2468145160463592.5,2.547465332302409e-30,-1.5589697797257183e-28,8.128225073025814e-63,-1.5589697797257183e-28
0.8861111111111111,0.2616754414985191,-2.938324558501481,1.6653345369377348e-16,4.440892098500626e-16,2265794813144949.5,2.7749707055970293e-30,-1.5589697797216772e-28,7.991144847129136e-63,-1.5589697797216772e-28
0.8866666666666667,0.2638917926360652,-2.936108207363935,1.6653345369377348e-16,-0.0,2078530919706861.2,3.0249798892853372e-30,-1.5589697797216772e-28,1.0271955394040854e-62,-1.5589697797216772e-28
0.8872222222222222,0.2661267214440223,-2.933873278555978,1.1102230246251565e-16,-0.0,1905365831245187.2,3.299898700955495e-30,-1.5589697796863866e-28,1.2381782704999777e-62,-1.5589697796863866e-28
0.8877777777777777,0.26838023114755016,-2.93161976885245,2.220446049250313e-16,4.440892098500626e-16,1745364643604145.0,3.602407241610757e-30,-1.5589697797043876e-28,1.2792428496349393e-62,-1.5589697797043876e-28
0.8883333333333332,0.27065232472666445,-2.929347675273336,1.1102230246251565e-16,-0.0,1597643375050398.8,3.935492945146534e-30,-1.5589697797080054e-28,1.4962856046976095e-62,-1.5589697797080054e-28
0.8888888888888887,0.27294300493269724,-2.927056995067303,1.6653345369377348e-16,-0.0,1461367122970297.8,4.30248780921749e-30,-1.5589697797080054e-28,1.4482930851746046e-62,-1.5589697797080054e-28
0.8894444444444444,0.27525227430384264,-2.9247477256961574,1.1102230246251565e-16,-0.0,1335748208611391.0,4.707110360198342e-30,-1.558969779720327e-28,1.510422910283239e-62,-1.558969779720327e-28
0.8899999999999999,0.27758013517982205,-2.9224198648201782,1.6653345369377348e-16,-0.0,1220044318233792.0,5.1535129809654186e-30,-1.5589697797467093e-28,1.6737952810167592e-62,-1.5589697797467093e-28
0.8905555555555554,0.2799265897157087,-2.9200734102842913,1.6653345369377348e-16,4.440892098500626e-16,1113556648385493.8,5.646335317100354e-30,-1.5589697797617438e-28,1.7211730144593353e-62,-1.5589697797617438e-28
0.8911111111111111,0.2822916398949383,-2.917708360105062,1.1102230246251565e-16,4.440892098500626e-16,1015628062374021.1,6.1907645764275936e-30,-1.558969779749758e-28,1.7656072076376417e-62,-1.558969779749758e-28
0.8916666666666667,0.2846752875415458,-2.9153247124584545,1.6653345369377348e-16,-0.0,925641264375461.9,6.79260365041441e-30,-1.5589697797490209e-28,1.754456933955897e-62,-1.5589697797490209e-28
0.8922222222222222,0.2870775343316586,-2.9129224656683417,2.220446049250313e-16,4.440892098500626e-16,843016997007391.1,7.458348115982029e-30,-1.5589697797356868e-28,1.767638379433596e-62,-1.5589697797356868e-28
0.8927777777777778,0.2894983818042855,-2.9105016181957146,1.6653345369377348e-16,4.440892098500626e-16,767212267594653.6,8.195273325182132e-30,-1.5589697797083536e-28,1.987292057115259e-62,-1.5589697797083536e-28
0.8933333333333333,0.2919378313714264,-2.908062168628574,1.1102230246251565e-16,-0.0,697718607781117.9,9.011532960782714e-30,-1.5589697797216213e-28,1.6932717708750382e-62,-1.5589697797216213e-28
0.8938888888888888,0.294395884327541,-2.905604115672459,1.1102230246251565e-16,4.440892098500626e-16,634060370586055.4,9.916270631390356e-30,-1.5589697797900303e-28,2.0328642430280344e-62,-1.5589697797900303e-28
0.8944444444444445,0.2968725418584062,-2.903127458141594,1.6653345369377348e-16,-0.0,575793068474619.4,1.0919746304045967e-29,-1.5589697797626594e-28,2.807923262934132e-62,-1.5589697797626594e-28
0.895,0.2993678050493897,-2.9006321949506106,1.6653345369377348e-16,-0.0,522501755507975.94,1.2033479629667982e-29,-1.5589697797490209e-28,3.1832653100470287e-62,-1.5589697797490209e-28
0.8955555555555555,0.30188167489318185,-2.898118325106818,1.6653345369377348e-16,8.881784197001252e-16,473799456161142.5,1.32704125123193e-29,-1.5589697797494356e-28,2.6062245830719484e-62,-1.5589697797494356e-28
0.8961111111111111,0.30441415229700075,-2.8955858477029994,1.6653345369377348e-16,-0.0,429325642947520.1,1.4645093612867625e-29,-1.558969779761906e-28,2.32471680986231e-62,-1.558969779761906e-28
0.8966666666666666,0.30696523808930665,-2.8930347619106938,1.6653345369377348e-16,-0.0,388744764566754.5,1.617388786799033e-29,-1.5589697797477317e-28,1.8543719532824127e-62,-1.5589697797477317e-28
0.8972222222222221,0.30953493302605173,-2.8904650669739484,2.220446049250313e-16,4.440892098500626e-16,351744825899187.7,1.787521455446506e-29,-1.5589697797372755e-28,2.2659801157864154e-62,-1.5589697797372755e-28
0.8977777777777777,0.31212323779648815,-2.887876762203512,1.6653345369377348e-16,-0.0,318036020804634.1,1.9769817945349538e-29,-1.5589697797517199e-28,2.9979457676648326e-62,-1.5589697797517199e-28
0.8983333333333332,0.31473015302856877,-2.8852698469714313,1.6653345369377348e-16,4.440892098500626e-16,287349418345486.5,2.1881075199572108e-29,-1.5589697797626926e-28,4.186412990701106e-62,-1.5589697797626926e-28
0.8988888888888887,0.3173556792939532,-2.882644320706047,1.6653345369377348e-16,4.440892098500626e-16,259435702744325.28,2.4235346811796772e-29,-1.5589697797626926e-28,4.9097632534059686e-62,-1.5589697797626926e-28
0.8994444444444444,0.31999981711265235,-2.880000182887348,1.6653345369377348e-16,-0.0,234063967102795.6,2.686237573940493e-29,-1.5589697797684458e-28,4.884487803335627e-62,-1.5589697797684458e-28
0.8999999999999999,0.3226625669573267,-2.8773374330426735,1.6653345369377348e-16,-0.0,211020560651782.6,2.9795742234551087e-29,-1.5589697797624406e-28,4.668743976063314e-62,-1.5589697797624406e-28
0.9005555555555554,0.32534392925726857,-2.8746560707427316,1.6653345369377348e-16,-0.0,190107989071226.9,3.307338246061455e-29,-1.5589697797654604e-28,5.0084564115136715e-62,-1.5589697797654604e-28
0.9011111111111111,0.3280439044020782,-2.871956095597922,1.6653345369377348e-16,4.440892098500626e-16,171143867211017.75,3.673818018625506e-29,-1.55896977978585e-28,3.9582587693719265e-62,-1.55896977978585e-28
0.9016666666666666,0.3307624927450613,-2.869237507254939,2.220446049250313e-16,4.440892098500626e-16,153959923360560.47,4.083864225267329e-29,-1.5589697797686222e-28,2.5759061060391307e-62,-1.5589697797686222e-28
0.9022222222222223,0.3334996946063634,-2.866500305393637,1.6653345369377348e-16,4.440892098500626e-16,138401054053384.34,4.542967013058737e-29,-1.5589697797390512e-28,1.9039061554449271e-62,-1.5589697797390512e-28
0.9027777777777778,0.3362555102758568,-2.8637444897241435,1.6653345369377348e-16,-0.0,124324428252981.77,5.057344175817791e-29,-1.5589697797225993e-28,3.3480813257746656e-62,-1.5589697797225993e-28
0.9033333333333333,0.3390299400158037,-2.8609700599841963,1.6653345369377348e-16,4.440892098500626e-16,111598639645845.64,5.634042002056767e-29,-1.5589697797350794e-28,1.519125172669224e-62,-1.5589697797350794e-28
0.9038888888888889,0.34182298406330186,-2.858177015936698,1.6653345369377348e-16,8.881784197001252e-16,100102905666388.64,6.28105067431825e-29,-1.5589697797353491e-28,3.4562935230294543e-62,-1.5589697797353491e-28
0.9044444444444445,0.34463464263253396,-2.855365357367466,1.6653345369377348e-16,-0.0,89726311794489.08,7.007436398112596e-29,-1.5589697796943334e-28,8.128816083437929e-62,-1.5589697796943334e-28
0.905,0.34746491591682793,-2.852535084083172,1.6653345369377348e-16,4.440892098500626e-16,80367099598971.45,7.823492775956064e-29,-1.5589697796943334e-28,1.0380817199971063e-61,-1.5589697796943334e-28
0.9055555555555556,0.3503138040905604,-2.84968619590944,1.6653345369377348e-16,-0.0,71931996947837.33,8.740914333200716e-29,-1.5589697796922674e-28,4.60398660969622e-62,-1.5589697796922674e-28
0.9061111111111111,0.35318130731089287,-2.8468186926891073,1.6653345369377348e-16,-0.0,64335588767720.26,9.772995556272439e-29,-1.5589697796878018e-28,9.07356973647661e-62,-1.5589697796878018e-28
0.9066666666666665,0.3560674257193631,-2.843932574280637,1.6653345369377348e-16,4.440892098500626e-16,57499726709140.875,1.0934859331029446e-28,-1.5589697797080054e-28,1.1157036953015563e-61,-1.5589697797080054e-28
0.9072222222222222,0.3589721594433412,-2.841027840556659,1.6653345369377348e-16,4.440892098500626e-16,51352976060014.984,1.2243719281279573e-28,-1.5589697796934312e-28,9.67229826627974e-62,-1.5589697796934312e-28
0.9077777777777777,0.36189550859735803,-2.838104491402642,1.1102230246251565e-16,4.440892098500626e-16,45830098246165.77,1.3719181219291755e-28,-1.5589697796806617e-28,5.494112075668938e-62,-1.5589697796806617e-28
0.9083333333333332,0.36483747328432353,-2.835162526715677,1.6653345369377348e-16,-4.440892098500626e-16,40871567263282.08,1.5383589748024126e-28,-1.5589697796695888e-28,-3.1858777508563554e-63,-1.5589697796695888e-28
0.9088888888888887,0.36779805359663326,-2.8322019464033668,1.6653345369377348e-16,8.881784197001252e-16,36423118398913.46,1.7262427018215984e-28,-1.55896977966699e-28,-4.4127351005150135e-62,-1.55896977966699e-28
0.9094444444444443,0.3707772496171798,-2.8292227503828205,1.6653345369377348e-16,8.881784197001252e-16,32435327624578.69,1.9384771765358363e-28,-1.558969779640009e-28,-9.824235332743743e-63,-1.558969779640009e-28
0.9099999999999999,0.3737750614202736,-2.8262249385797267,1.6653345369377348e-16,-0.0,28863220066123.184,2.178382805857006e-28,-1.5589697796398561e-28,-7.497888549405822e-62,-1.5589697796398561e-28
0.9105555555555556,0.37679148907247617,-2.823208510927524,1.6653345369377348e-16,-0.0,25665905994128.723,2.4497534717104154e-28,-1.5589697796797743e-28,5.482119460443813e-63,-1.5589697796797743e-28
0.9111111111111111,0.3798265326333654,-2.8201734673666348,2.220446049250313e-16,4.440892098500626e-16,22806242814653.64,2.75692681274579e-28,-1.558969779669468e-28,6.623841136073967e-62,-1.558969779669468e-28
0.9116666666666666,0.3828801921562284,-2.817119807843772,1.6653345369377348e-16,4.440892098500626e-16,20250521583178.15,3.10486532682393e-28,-1.5589697796760208e-28,1.1246199804215843e-61,-1.5589697796760208e-28
0.9122222222222223,0.38595246768869107,-2.814047532311309,1.6653345369377348e-16,-0.0,17968176610535.863,3.4992500172133193e-28,-1.5589697796527483e-28,1.04784714029143e-61,-1.5589697796527483e-28
0.9127777777777778,0.38904335927328415,-2.810956640726716,1.6653345369377348e-16,4.440892098500626e-16,15931516778262.684,3.9465885884448662e-28,-1.5589697796396454e-28,-1.5101977112600012e-61,-1.5589697796396454e-28
0.9133333333333333,0.3921528669479632,-2.807847133052037,1.1102230246251565e-16,-0.0,14115477231543.447,4.454340528650711e-28,-1.5589697796278285e-28,-1.7897230052717296e-61,-1.5589697796278285e-28
0.9138888888888889,0.3952809907465727,-2.8047190092534273,1.6653345369377348e-16,4.440892098500626e-16,12497390170286.537,5.031061802263271e-28,-1.5589697796259734e-28,-4.05817037252152e-62,-1.5589697796259734e-28
0.9144444444444444,0.39842773069926873,-2.801572269300731,1.6653345369377348e-16,4.440892098500626e-16,11056773512247.588,5.686572329989625e-28,-1.5589697795986837e-28,2.2056068947082746e-61,-1.5589697795986837e-28
0.915,0.40159308683289974,-2.7984069131671006,1.6653345369377348e-16,4.440892098500626e-16,9775136256172.014,6.4321499635372935e-28,-1.5589697796123012e-28,3.052001096015335e-62,-1.5589697796123012e-28
0.9155555555555556,0.4047770591713481,-2.795222940828652,1.6653345369377348e-16,-0.0,8635799427186.795,7.280755284307484e-28,-1.558969779605748e-28,8.35310577762639e-62,-1.558969779605748e-28
0.9161111111111111,0.407979647735847,-2.7920203522641533,1.6653345369377348e-16,-0.0,7623731540804.027,8.247292284255723e-28,-1.5589697795971692e-28,1.1756476766888191e-61,-1.5589697795971692e-28
0.9166666666666665,0.4112008525452584,-2.788799147454742,1.6653345369377348e-16,4.440892098500626e-16,6725397575598.73,9.348910842361888e-28,-1.5589697796396806e-28,9.146629524480976e-62,-1.5589697796396806e-28
0.9172222222222222,0.41444067361632597,-2.785559326383674,1.6653345369377348e-16,4.440892098500626e-16,5928620497578.028,1.0605357914104213e-27,-1.5589697796533164e-28,2.0044170505197623e-61,-1.5589697796533164e-28
0.9177777777777777,0.41769911096389917,-2.782300889036101,2.220446049250313e-16,-0.0,5222454431270.891,1.2039385530532841e-27,-1.5589697796936317e-28,8.295961736022888e-61,-1.5589697796936317e-28
0.9183333333333332,0.4209761646011413,-2.779023835398859,2.7755575615628914e-16,-0.0,4597068623399.763,1.3677225089411606e-27,-1.5589697796669882e-28,1.2294249453179434e-60,-1.5589697796669882e-28
0.9188888888888888,0.4242718345397079,-2.775728165460292,2.220446049250313e-16,4.440892098500626e-16,4043641394496.824,1.5549139050579337e-27,-1.5589697796649111e-28,9.707929135657036e-61,-1.5589697796649111e-28
0.9194444444444443,0.42758612078991315,-2.772413879210087,1.6653345369377348e-16,-0.0,3554263321831.353,1.769006306525224e-27,-1.5589697796482397e-28,1.108168951724406e-60,-1.5589697796482397e-28
0.9199999999999999,0.4309190233608788,-2.7690809766391213,1.6653345369377348e-16,-0.0,3121848943426.695,2.0140353826567773e-27,-1.558969779622555e-28,1.852786735884519e-60,-1.558969779622555e-28
0.9205555555555556,0.4342705422606635,-2.7657294577393365,1.6653345369377348e-16,4.440892098500626e-16,2740056317657.495,2.2946660588152608e-27,-1.5589697796006332e-28,1.8448021976273917e-60,-1.5589697796006332e-28
0.9211111111111111,0.43764067749638474,-2.7623593225036154,2.220446049250313e-16,4.440892098500626e-16,2403213815863.95,2.616294143228619e-27,-1.5589697795851129e-28,2.6336903466183696e-60,-1.5589697795851129e-28
0.9216666666666666,0.44102942907432185,-2.7589705709256784,1.6653345369377348e-16,4.440892098500626e-16,2106253566557.601,2.9851649066389762e-27,-1.558969779570749e-28,2.904430930083354e-60,-1.558969779570749e-28
0.9222222222222223,0.4444367970000105,-2.7555632029999897,1.6653345369377348e-16,4.440892098500626e-16,1844651009079.414,3.40851152896868e-27,-1.558969779551536e-28,3.032315651762932e-60,-1.558969779551536e-28
0.9227777777777778,0.4478627812783251,-2.7521372187216753,1.1102230246251565e-16,-0.0,1614370052001.976,3.8947168423830884e-27,-1.5589697795302652e-28,3.5739096706554804e-60,-1.5589697795302652e-28
0.9233333333333333,0.4513073819135588,-2.7486926180864413,2.220446049250313e-16,4.440892098500626e-16,1411813367135.2356,4.453502408841164e-27,-1.5589697795407805e-28,2.2358383325453255e-60,-1.5589697795407805e-28
0.9238888888888889,0.4547705989094877,-2.7452294010905125,2.220446049250313e-16,-0.0,1233777383717.1182,5.09614968984765e-27,-1.558969779530756e-28,-2.2997239223209315e-61,-1.558969779530756e-28
0.9244444444444444,0.45825243226943096,-2.7417475677305694,1.1102230246251565e-16,4.440892098500626e-16,1077411579263.7743,5.835758917374253e-27,-1.558969779529965e-28,-1.6166922541555134e-60,-1.558969779529965e-28
0.925,0.4617528819963042,-2.738247118003696,1.1102230246251565e-16,-0.0,940181693658.1019,6.687552282481924e-27,-1.5589697795080592e-28,-3.9930732191781193e-60,-1.5589697795080592e-28
0.9255555555555556,0.46527194809266387,-2.7347280519073363,1.6653345369377348e-16,-0.0,819836521405.9342,7.66922925144712e-27,-1.5589697794755717e-28,-1.696725055326291e-60,-1.5589697794755717e-28
0.9261111111111111,0.46880963056075403,-2.731190369439246,2.220446049250313e-16,4.440892098500626e-16,714377963635.599,8.801383233285469e-27,-1.5589697794535386e-28,-3.6970302026795816e-60,-1.5589697794535386e-28
0.9266666666666665,0.47236592940254085,-2.7276340705974595,2.220446049250313e-16,-0.0,622034046412.9535,1.0107990499280293e-26,-1.5589697794617325e-28,-2.295258789712637e-60,-1.5589697794617325e-28
0.9272222222222221,0.4759408446197462,-2.724059155380254,1.6653345369377348e-16,4.440892098500626e-16,541234635344.63214,1.161698424449002e-26,-1.5589697794500598e-28,4.7471043156310234e-60,-1.5589697794500598e-28
0.9277777777777777,0.47953437621387685,-2.720465623786123,1.6653345369377348e-16,4.440892098500626e-16,470589598311.67303,1.3360929042904014e-26,-1.5589697794710402e-28,2.9505046405620725e-60,-1.5589697794710402e-28
0.9283333333333332,0.48314652418624837,-2.716853475813752,2.220446049250313e-16,-0.0,408869188575.0369,1.537781375330287e-26,-1.5589697794618874e-28,8.128828755038232e-60,-1.5589697794618874e-28
0.9288888888888888,0.48677728853801217,-2.713222711461988,1.6653345369377348e-16,4.440892098500626e-16,354986439489.71185,1.771198426736861e-26,-1.558969779474744e-28,1.3784171335149012e-59,-1.558969779474744e-28
0.9294444444444443,0.490426669270173,-2.7095733307298273,2.220446049250313e-16,4.440892098500626e-16,307981379722.20465,2.0415241457266677e-26,-1.5589697794615556e-28,1.1862049036095217e-59,-1.5589697794615556e-28
0.9299999999999999,0.494094666383608,-2.7059053336163923,1.6653345369377348e-16,4.440892098500626e-16,267006894252.33075,2.3548134399214913e-26,-1.5589697794409942e-28,2.7445029405063954e-59,-1.5589697794409942e-28
0.9305555555555556,0.49778127987907944,-2.702218720120921,1.1102230246251565e-16,-0.0,231316071622.85126,2.718148456896867e-26,-1.5589697794208536e-28,4.24724583437437e-59,-1.5589697794208536e-28
0.9311111111111111,0.5014865097572536,-2.6985134902427466,2.220446049250313e-16,-0.0,200250891944.12918,3.139818340047772e-26,-1.5589697794463023e-28,3.7685421884519164e-59,-1.5589697794463023e-28
0.9316666666666666,0.5052103560187098,-2.6947896439812906,2.220446049250313e-16,-0.0,173232123131.84796,3.6295313580989256e-26,-1.5589697794204729e-28,4.915077057485488e-59,-1.5589697794204729e-28
0.9322222222222222,0.5089528186639517,-2.6910471813360486,2.220446049250313e-16,-0.0,149750304816.36597,4.198665397764061e-26,-1.5589697794112245e-28,3.0760446907834516e-59,-1.5589697794112245e-28
0.9327777777777778,0.512713897693418,-2.687286102306582,3.3306690738754696e-16,4.440892098500626e-16,129357710375.5893,4.860563945601101e-26,-1.5589697794208217e-28,5.284987466613801e-59,-1.5589697794208217e-28
0.9333333333333333,0.5164935931074872,-2.683506406892513,1.1102230246251565e-16,-0.0,111661187668.74008,5.630886042537768e-26,-1.5589697793942018e-28,8.44333660969875e-59,-1.5589697793942018e-28
0.9338888888888889,0.5202919049064905,-2.6797080950935097,2.220446049250313e-16,-0.0,96315788344.21729,6.528020316773441e-26,-1.5589697793934545e-28,7.6989638977739716e-59,-1.5589697793934545e-28
0.9344444444444444,0.5241088330907135,-2.6758911669092864,2.220446049250313e-16,8.881784197001252e-16,83019104116.97328,7.57357514062286e-26,-1.5589697794055942e-28,9.306296464328588e-59,-1.5589697794055942e-28
0.935,0.5279443776604054,-2.672055622339595,3.3306690738754696e-16,4.440892098500626e-16,71506236212.3802,8.792959277980261e-26,-1.558969779432309e-28,1.1074857246225423e-58,-1.558969779432309e-28
0.9355555555555556,0.5317985386157789,-2.6682014613842213,2.220446049250313e-16,4.440892098500626e-16,61545331305.96396,1.021607016804164e-25,-1.5589697794479347e-28,1.067601458985431e-58,-1.5589697794479347e-28
0.9361111111111111,0.5356713159570208,-2.6643286840429794,2.220446049250313e-16,4.440892098500626e-16,52933623799.77329,1.1878110320113527e-25,-1.558969779420719e-28,1.681423391003187e-58,-1.558969779420719e-28
0.9366666666666665,0.5395627096842917,-2.6604372903157083,2.220446049250313e-16,4.440892098500626e-16,45493930212.912674,1.3820556285080777e-25,-1.5589697794012098e-28,1.641887961064607e-58,-1.5589697794012098e-28
0.9372222222222221,0.5434727197977302,-2.65652728020227,1.1102230246251565e-16,4.440892098500626e-16,39071546869.126526,1.6092309455859377e-25,-1.5589697793797238e-28,2.0776754952888214e-58,-1.5589697793797238e-28
0.9377777777777777,0.547401346297457,-2.652598653702543,3.3306690738754696e-16,4.440892098500626e-16,33531506979.680107,1.8751063694158268e-25,-1.5589697793908452e-28,2.0654577663022887e-58,-1.5589697793908452e-28
0.9383333333333332,0.5513485891835737,-2.6486514108164263,2.220446049250313e-16,4.440892098500626e-16,28756157683.61539,2.1864931680192656e-25,-1.558969779370922e-28,1.89511024219753e-58,-1.558969779370922e-28
0.9388888888888888,0.5553144484561702,-2.64468555154383,2.220446049250313e-16,4.440892098500626e-16,24643021656.104347,2.551438017266609e-25,-1.5589697793658305e-28,1.5073451635455994e-58,-1.5589697793658305e-28
0.9394444444444443,0.5592989241153232,-2.640701075884677,2.220446049250313e-16,-0.0,21102911563.137054,2.979453433503517e-25,-1.5589697793500479e-28,2.6827312125247695e-58,-1.5589697793500479e-28
0.94,0.5633020161610989,-2.6366979838389013,2.220446049250313e-16,-0.0,18058268958.773495,3.4817923277835956e-25,-1.5589697793383536e-28,2.775614154254027e-58,-1.5589697793383536e-28
0.9405555555555556,0.5673237245935546,-2.6326762754064457,2.220446049250313e-16,4.440892098500626e-16,15441702219.392124,4.0717753405935285e-25,-1.5589697793517144e-28,2.955083565556553e-58,-1.5589697793517144e-28
0.9411111111111111,0.5713640494127377,-2.6286359505872623,2.220446049250313e-16,4.440892098500626e-16,13194700815.218245,4.76518135532046e-25,-1.5589697793518539e-28,4.4850817593619404e-58,-1.5589697793518539e-28
0.9416666666666667,0.5754229906186908,-2.6245770093813094,2.220446049250313e-16,-0.0,11266505658.493198,5.580713685286439e-25,-1.5589697793517258e-28,7.170263557686208e-58,-1.5589697793517258e-28
0.9422222222222222,0.5795005482114499,-2.6204994517885503,1.1102230246251565e-16,-0.0,9613117463.644667,6.540556957874905e-25,-1.5589697793174348e-28,6.294830569674329e-58,-1.5589697793174348e-28
0.9427777777777778,0.5835967221910467,-2.6164032778089537,1.1102230246251565e-16,-4.440892098500626e-16,8196427029.574668,7.671042771056434e-25,-1.5589697793221425e-28,3.779628734997819e-58,-1.5589697793221425e-28
0.9433333333333334,0.5877115125575061,-2.612288487442494,2.220446049250313e-16,4.440892098500626e-16,6983453127.952343,9.00344588296043e-25,-1.5589697793282277e-28,8.568293064710786e-58,-1.5589697793282277e-28
0.9438888888888889,0.5918449193108513,-2.6081550806891487,1.1102230246251565e-16,4.440892098500626e-16,5945675272.745241,1.0574937148338319e-24,-1.5589697793435781e-28,1.0695159840634492e-57,-1.5589697793435781e-28
0.9444444444444444,0.5959969424511018,-2.6040030575488986,3.3306690738754696e-16,-0.0,5058450072.294361,1.2429724800108857e-24,-1.5589697793301008e-28,1.3751989803401386e-57,-1.5589697793301008e-28
0.945,0.6001675819782739,-2.5998324180217263,1.1102230246251565e-16,4.440892098500626e-16,4300501141.704748,1.4620422188467308e-24,-1.5589697793433739e-28,5.407452190993604e-58,-1.5589697793433739e-28
0.9455555555555556,0.604356837892383,-2.595643162107617,2.220446049250313e-16,4.440892098500626e-16,3653473694.616414,1.72096879762292e-24,-1.558969779359646e-28,5.357133810447858e-58,-1.558969779359646e-28
0.9461111111111111,0.6085647101934393,-2.5914352898065607,2.220446049250313e-16,4.440892098500626e-16,3101545952.683816,2.0272194342083837e-24,-1.5589697793701994e-28,6.600531270045735e-58,-1.5589697793701994e-28
0.9466666666666665,0.6127911988814538,-2.587208801118546,2.220446049250313e-16,4.440892098500626e-16,2631090420.365759,2.3896990322730575e-24,-1.5589697793568604e-28,-1.731391225488701e-58,-1.5589697793568604e-28
0.9472222222222221,0.6170363039564355,-2.5829636960435645,3.3306690738754696e-16,8.881784197001252e-16,2230378882.8852544,2.819034146896703e-24,-1.5589697793792086e-28,1.5446983444985117e-58,-1.5589697793792086e-28
0.9477777777777777,0.6213000254183925,-2.5786999745816077,1.1102230246251565e-16,4.440892098500626e-16,1889325706.4381244,3.327914403506726e-24,-1.558969779375301e-28,5.1120838032374525e-58,-1.558969779375301e-28
0.9483333333333333,0.6255823632673295,-2.5744176367326705,1.1102230246251565e-16,4.440892098500626e-16,1599264661.004466,3.931503261894045e-24,-1.558969779378966e-28,-5.2263925743841335e-58,-1.558969779378966e-28
0.9488888888888888,0.629883317503253,-2.570116682496747,1.1102230246251565e-16,4.440892098500626e-16,1352755055.6823668,4.647932532175493e-24,-1.5589697793996893e-28,6.290070041710853e-58,-1.5589697793996893e-28
0.9494444444444443,0.6342028881261674,-2.5657971118738327,2.220446049250313e-16,4.440892098500626e-16,1143413481.799478,5.4988981076870105e-24,-1.5589697793918279e-28,1.281504602795276e-57,-1.5589697793918279e-28
0.95,0.6385410751360767,-2.5614589248639232,2.220446049250313e-16,4.440892098500626e-16,965767906.9202363,6.510378100491466e-24,-1.5589697793902898e-28,5.380467686178912e-57,-1.5589697793902898e-28
0.9505555555555556,0.642897878532985,-2.557102121467015,1.1102230246251565e-16,4.440892098500626e-16,815131259.3766717,7.713499094831695e-24,-1.558969779389566e-28,6.711614816693823e-57,-1.558969779389566e-28
0.9511111111111111,0.6472732983168934,-2.552726701683107,2.220446049250313e-16,-0.0,687491993.6204082,9.145581751810977e-24,-1.558969779386301e-28,9.315602904844121e-57,-1.558969779386301e-28
0.9516666666666667,0.651667334487805,-2.548332665512195,1.1102230246251565e-16,4.440892098500626e-16,579419436.4978591,1.0851403724690448e-23,-1.5589697793930337e-28,1.5710096922010884e-56,-1.5589697793930337e-28
0.9522222222222222,0.6560799870457221,-2.543920012954278,2.220446049250313e-16,-0.0,487981987.96715856,1.2884726048114226e-23,-1.558969779385488e-28,1.3410051842064493e-56,-1.558969779385488e-28
0.9527777777777777,0.6605112559906463,-2.539488744009354,1.1102230246251565e-16,-0.0,410676490.8239728,1.5310139177326238e-23,-1.558969779387131e-28,2.278660719826873e-56,-1.558969779387131e-28
0.9533333333333334,0.6649611413225799,-2.5350388586774204,2.220446049250313e-16,-0.0,345367296.2995358,1.8205297081510076e-23,-1.5589697793765647e-28,2.9811426930201907e-56,-1.5589697793765647e-28
0.9538888888888889,0.6694296430415223,-2.530570356958478,1.1102230246251565e-16,4.440892098500626e-16,290233739.1730039,2.1663622738302797e-23,-1.5589697793859938e-28,2.87654887635009e-56,-1.5589697793859938e-28
0.9544444444444443,0.6739167611474756,-2.5260832388525247,2.220446049250313e-16,4.440892098500626e-16,243724900.20143193,2.5797586648612826e-23,-1.55896977938881e-28,2.4554380506894308e-56,-1.55896977938881e-28
0.955,0.6784224956404403,-2.52157750435956,2.220446049250313e-16,4.440892098500626e-16,204520677.80666792,3.074268234781848e-23,-1.5589697793963719e-28,3.347323274299485e-56,-1.5589697793963719e-28
0.9555555555555556,0.6829468465204185,-2.5170531534795817,2.220446049250313e-16,4.440892098500626e-16,171498317.38272735,3.6662250261845345e-23,-1.5589697793999848e-28,2.9026288773042876e-56,-1.5589697793999848e-28
0.956111111111111,0.6874898137874086,-2.512510186212592,2.220446049250313e-16,-0.0,143703657.36572307,4.375333479070292e-23,-1.5589697794072193e-28,2.1744096216518856e-56,-1.5589697794072193e-28
0.9566666666666667,0.6920513974414122,-2.5079486025585878,2.220446049250313e-16,4.440892098500626e-16,120326448.17898273,5.225380061097155e-23,-1.5589697794083914e-28,9.275016718602753e-57,-1.5589697794083914e-28
0.9572222222222221,0.6966315974824298,-2.5033684025175704,1.1102230246251565e-16,4.440892098500626e-16,100679184.96581812,6.245098461519707e-23,-1.5589697794102234e-28,1.9360825552195957e-56,-1.5589697794102234e-28
0.9577777777777777,0.7012304139104617,-2.4987695860895385,1.1102230246251565e-16,-0.0,84178969.10446092,7.469222180148772e-23,-1.5589697794170777e-28,-5.941015314223738e-57,-1.5589697794170777e-28
0.9583333333333334,0.7058478467255092,-2.494152153274491,2.220446049250313e-16,-0.0,70331978.15527509,8.939765944716931e-23,-1.5589697794142379e-28,-9.982616340556415e-58,-1.5589697794142379e-28
0.9588888888888888,0.7104838959275706,-2.48951610407243,2.220446049250313e-16,4.440892098500626e-16,58720180.26286814,1.0707586732915417e-22,-1.5589697794162302e-28,1.212069771072311e-56,-1.5589697794162302e-28
0.9594444444444444,0.7151385615166469,-2.484861438483353,2.220446049250313e-16,4.440892098500626e-16,48989978.1381872,1.2834286664990043e-22,-1.5589697794195628e-28,2.646505558393147e-56,-1.5589697794195628e-28
0.96,0.7198118434927386,-2.4801881565072614,2.220446049250313e-16,-0.0,40842510.47402269,1.5394534171375427e-22,-1.5589697794159414e-28,5.414879848261186e-57,-1.5589697794159414e-28
0.9605555555555556,0.7245037418558467,-2.4754962581441537,1.1102230246251565e-16,4.440892098500626e-16,34025375.79251172,1.847889724925427e-22,-1.5589697793980227e-28,-4.957421944456112e-57,-1.5589697793980227e-28
0.961111111111111,0.7292142566059694,-2.470785743394031,3.3306690738754696e-16,-0.0,28325575.983752243,2.2197304072395667e-22,-1.5589697793947652e-28,1.5457015169298296e-56,-1.5589697793947652e-28
0.9616666666666667,0.7339433877431077,-2.4660566122568923,2.220446049250313e-16,4.440892098500626e-16,23563504.78555041,2.668327266505169e-22,-1.558969779390504e-28,-5.226081740778089e-57,-1.558969779390504e-28
0.9622222222222221,0.7386911352672618,-2.4613088647327386,2.220446049250313e-16,4.440892098500626e-16,19587830.71751024,3.2099083977432334e-22,-1.5589697793913759e-28,3.1776350921926555e-56,-1.5589697793913759e-28
0.9627777777777777,0.7434574991784317,-2.4565425008215684,2.220446049250313e-16,8.881784197001252e-16,16271144.994229933,3.8642112977301407e-22,-1.5589697793853767e-28,1.0585781088141803e-55,-1.5589697793853767e-28
0.9633333333333334,0.7482424794766184,-2.451757520523382,2.220446049250313e-16,-0.0,13506263.12085199,4.655258212513162e-22,-1.558969779397117e-28,1.8313495098106865e-55,-1.558969779397117e-28
0.9638888888888888,0.7530460761618201,-2.44695392383818,2.220446049250313e-16,-0.0,11203084.5865192,5.612306309761214e-22,-1.5589697794067753e-28,2.0197140112355985e-55,-1.5589697794067753e-28
0.9644444444444444,0.7578682892340378,-2.4421317107659624,3.3306690738754696e-16,4.440892098500626e-16,9285928.639151776,6.77101286871967e-22,-1.5589697794127698e-28,-2.1329179166035175e-55,-1.5589697794127698e-28
0.9649999999999999,0.7627091186932713,-2.437290881306729,1.1102230246251565e-16,4.440892098500626e-16,7691275.829995637,8.174865094357807e-22,-1.5589697794067085e-28,-5.1340764292460314e-55,-1.5589697794067085e-28
0.9655555555555555,0.7675685645395212,-2.432431435460479,3.3306690738754696e-16,4.440892098500626e-16,6365855.10478718,9.876935820676589e-22,-1.5589697794018076e-28,-6.262441631895499e-55,-1.5589697794018076e-28
0.9661111111111111,0.7724466267727879,-2.4275533732272123,2.220446049250313e-16,4.440892098500626e-16,5265024.905305899,1.1942040815485168e-21,-1.558969779409146e-28,-8.303612376844392e-55,-1.558969779409146e-28
0.9666666666666666,0.7773433053930696,-2.4226566946069306,1.1102230246251565e-16,-0.0,4351404.218190606,1.4449391313927281e-21,-1.5589697794031593e-28,-5.522080311490652e-55,-1.5589697794031593e-28
0.9672222222222222,0.7822586004003677,-2.4177413995996324,2.220446049250313e-16,4.440892098500626e-16,3593715.9307910027,1.7495857637214445e-21,-1.5589697793916454e-28,-4.811298351415671e-55,-1.5589697793916454e-28
0.9677777777777776,0.7871925117946816,-2.4128074882053188,2.220446049250313e-16,-0.0,2965810.3689754903,2.1199987353010973e-21,-1.5589697793889663e-28,-3.7777503453808164e-55,-1.5589697793889663e-28
0.9683333333333333,0.7921450395760128,-2.4078549604239874,2.220446049250313e-16,4.440892098500626e-16,2445841.62309055,2.5706955724410644e-21,-1.5589697793812197e-28,-6.922052843004456e-55,-1.5589697793812197e-28
0.9688888888888889,0.7971161837443592,-2.402883816255641,2.220446049250313e-16,-0.0,2015573.3233483846,3.1194668824678797e-21,-1.5589697793789868e-28,-1.7902136166881474e-54,-1.5589697793789868e-28
0.9694444444444443,0.8021059442997216,-2.3978940557002786,1.1102230246251565e-16,4.440892098500626e-16,1659793.998222601,3.7881292727313716e-21,-1.558969779366499e-28,-1.1287647999315338e-54,-1.558969779366499e-28
0.9700000000000001,0.8071143212421003,-2.3928856787579,2.220446049250313e-16,4.440892098500626e-16,1365825.1199898499,4.603454819616764e-21,-1.558969779375864e-28,-2.5471874862887805e-54,-1.558969779375864e-28
0.9705555555555555,0.812141314571495,-2.387858685428505,2.220446049250313e-16,4.440892098500626e-16,1123107.4805241222,5.598319252968325e-21,-1.5589697793788498e-28,-3.352427445044727e-54,-1.5589697793788498e-28
0.9711111111111111,0.8171869242879068,-2.382813075712093,1.1102230246251565e-16,4.440892098500626e-16,922853.7085608686,6.813121270516365e-21,-1.558969779378852e-28,-5.852883208604841e-55,-1.558969779378852e-28
0.9716666666666666,0.822251150391334,-2.377748849608666,1.1102230246251565e-16,4.440892098500626e-16,757756.5893727242,8.29753817987355e-21,-1.5589697793807166e-28,-8.571291006111842e-55,-1.5589697793807166e-28
0.9722222222222222,0.8273339928817771,-2.372666007118223,1.1102230246251565e-16,4.440892098500626e-16,621744.4244575734,1.011269901914491e-20,-1.5589697793806246e-28,-3.420903098232103e-54,-1.5589697793806246e-28
0.9727777777777776,0.8324354517592367,-2.3675645482407637,1.1102230246251565e-16,-0.0,509776.01152568293,1.2333876230373114e-20,-1.5589697793721702e-28,-4.1085440534767433e-54,-1.5589697793721702e-28
0.9733333333333333,0.8375555270237133,-2.362444472976287,2.220446049250313e-16,-4.440892098500626e-16,417668.9674669289,1.5053821856824742e-20,-1.5589697793803986e-28,-1.4291723052985947e-54,-1.5589697793803986e-28
0.9738888888888889,0.8426942186752051,-2.3573057813247953,1.1102230246251565e-16,4.440892098500626e-16,341956.08808554796,1.8386905367211624e-20,-1.5589697793824345e-28,1.4032829706817042e-54,-1.5589697793824345e-28
0.9744444444444443,0.847851526713713,-2.352148473286287,2.220446049250313e-16,4.440892098500626e-16,279765.263143617,2.2474249164176026e-20,-1.5589697793774487e-28,1.0200315703458472e-53,-1.5589697793774487e-28
0.975,0.8530274511392371,-2.346972548860763,-0.0,4.440892098500626e-16,228719.16508410452,2.749010660763343e-20,-1.5589697793824845e-28,2.515583872435879e-53,-1.5589697793824845e-28
0.9755555555555554,0.8582219919517774,-2.3417780080482227,1.1102230246251565e-16,-0.0,186851.52309729517,3.3649788490603154e-20,-1.5589697793767427e-28,2.793039491898611e-53,-1.5589697793767427e-28
0.976111111111111,0.8634351491513348,-2.3365648508486654,1.1102230246251565e-16,-0.0,152537.2967201797,4.121952051441573e-20,-1.5589697793683874e-28,3.00483518844762e-53,-1.5589697793683874e-28
0.9766666666666667,0.8686669227379076,-2.3313330772620926,2.220446049250313e-16,4.440892098500626e-16,124434.4884223719,5.0528710416914435e-20,-1.5589697793681322e-28,2.965070956513708e-53,-1.5589697793681322e-28
0.9772222222222221,0.8739173127114963,-2.326082687288504,2.220446049250313e-16,-0.0,101435.69419235326,6.198522405188054e-20,-1.5589697793674397e-28,3.910564260840952e-53,-1.5589697793674397e-28
0.9777777777777777,0.8791863190721013,-2.3208136809278987,1.1102230246251565e-16,-0.0,82627.79487571634,7.609442126379296e-20,-1.5589697793591897e-28,3.935944635528452e-53,-1.5589697793591897e-28
0.9783333333333332,0.8844739418197225,-2.3155260581802777,1.1102230246251565e-16,-0.0,67258.44737073703,9.348289288798834e-20,-1.5589697793538762e-28,4.806302559567828e-53,-1.5589697793538762e-28
0.9788888888888888,0.8897801809543608,-2.3102198190456393,-0.0,-0.0,54708.25095715058,1.1492807979358707e-19,-1.5589697793624495e-28,6.948051465692964e-53,-1.5589697793624495e-28
0.9794444444444445,0.8951050364760145,-2.304894963523986,2.220446049250313e-16,4.440892098500626e-16,44467.64615865925,1.4139525642839866e-19,-1.5589697793572676e-28,1.1147525308612677e-52,-1.5589697793572676e-28
0.98,0.9004485083846842,-2.299551491615316,2.220446049250313e-16,-0.0,36117.75684522175,1.7408374108933136e-19,-1.5589697793603634e-28,1.1927043339976371e-52,-1.5589697793603634e-28
0.9805555555555554,0.90581059668037,-2.2941894033196304,1.1102230246251565e-16,-0.0,29314.515214459785,2.1448467373151663e-19,-1.558969779358041e-28,9.210282425462372e-53,-1.558969779358041e-28
0.981111111111111,0.911191301363073,-2.2888086986369274,1.1102230246251565e-16,-0.0,23775.517631670264,2.6445330565571614e-19,-1.5589697793581178e-28,1.1835864663482294e-52,-1.5589697793581178e-28
0.9816666666666667,0.9165906224327914,-2.283409377567209,2.220446049250313e-16,-0.0,19269.150264519918,3.262995069869842e-19,-1.5589697793583725e-28,8.69616561445572e-53,-1.5589697793583725e-28
0.9822222222222221,0.9220085598895259,-2.2779914401104744,1.1102230246251565e-16,4.440892098500626e-16,15605.599743745528,4.0290115949505806e-19,-1.5589697793630542e-28,9.573028054026874e-54,-1.5589697793630542e-28
0.9827777777777778,0.9274451137332764,-2.2725548862667235,1.1102230246251565e-16,4.440892098500626e-16,12629.428022595388,4.978463173567235e-19,-1.558969779365014e-28,2.515850993525098e-53,-1.558969779365014e-28
0.9833333333333332,0.9329002839640432,-2.2670997160359567,2.220446049250313e-16,8.881784197001252e-16,10213.444148824467,6.156115547069936e-19,-1.5589697793667031e-28,2.2079616069530525e-52,-1.5589697793667031e-28
0.9838888888888888,0.9383740705818273,-2.261625929418173,1.1102230246251565e-16,4.440892098500626e-16,8253.650456539259,7.61785862447005e-19,-1.5589697793672412e-28,6.072787310041487e-52,-1.5589697793672412e-28
0.9844444444444445,0.9438664735866266,-2.2561335264133735,3.3306690738754696e-16,8.881784197001252e-16,6665.078127641971,9.433519174058544e-19,-1.5589697793663655e-28,9.790155329289589e-52,-1.5589697793663655e-28
0.9849999999999999,0.9493774929784419,-2.2506225070215584,2.220446049250313e-16,4.440892098500626e-16,5378.358343292147,1.1690396641593558e-18,-1.5589697793620784e-28,1.1485497590587821e-51,-1.5589697793620784e-28
0.9855555555555555,0.9549071287572733,-2.245092871242727,1.1102230246251565e-16,4.440892098500626e-16,4336.901339414792,1.4497711013687389e-18,-1.5589697793654097e-28,1.3087183595342358e-51,-1.5589697793654097e-28
0.9861111111111112,0.9604553809231221,-2.239544619076878,1.1102230246251565e-16,-0.0,3494.57743506782,1.799220177030935e-18,-1.5589697793684094e-28,1.7815679101332772e-51,-1.5589697793684094e-28
0.9866666666666666,0.966022249475986,-2.233977750524014,2.220446049250313e-16,4.440892098500626e-16,2813.812224289401,2.234518059554908e-18,-1.5589697793693306e-28,1.3459640365465857e-51,-1.5589697793693306e-28
0.9872222222222222,0.971607734415866,-2.228392265584134,1.1102230246251565e-16,-0.0,2264.0232045318403,2.7771421329893715e-18,-1.5589697793672486e-28,1.6996360069129527e-51,-1.5589697793672486e-28
0.9877777777777776,0.9772118357427622,-2.222788164257238,1.1102230246251565e-16,4.440892098500626e-16,1820.3376569243062,3.4540373361250362e-18,-1.5589697793698243e-28,1.6403268017175437e-51,-1.5589697793698243e-28
0.9883333333333333,0.9828345534566746,-2.2171654465433255,1.1102230246251565e-16,-0.0,1462.5420142860546,4.2990315286363134e-18,-1.5589697793653536e-28,1.3786248983261045e-52,-1.5589697793653536e-28
0.9888888888888889,0.9884758875576044,-2.2115241124423957,2.220446049250313e-16,8.881784197001252e-16,1174.221603466173,5.354623192769445e-18,-1.5589697793631813e-28,2.7751420825435787e-51,-1.5589697793631813e-28
0.9894444444444445,0.9941358380455492,-2.205864161954451,2.220446049250313e-16,8.881784197001252e-16,942.0568237064307,6.674240951446335e-18,-1.5589697793626782e-28,3.1573908263149875e-51,-1.5589697793626782e-28
0.9900000000000001,0.99981440492051,-2.20018559507949,-0.0,4.440892098500626e-16,755.2477689073894,8.325101364373492e-18,-1.5589697793652765e-28,2.4862149118130618e-51,-1.5589697793652765e-28
0.9905555555555555,1.0055115881824872,-2.194488411817513,2.220446049250313e-16,-0.0,605.0442252101996,1.0391825868904976e-17,-1.558969779363688e-28,2.5595722023126675e-51,-1.558969779363688e-28
0.9911111111111112,1.0112273878314817,-2.1887726121685187,2.220446049250313e-16,-0.0,484.36204858763193,1.298102163393054e-17,-1.558969779361932e-28,4.9763651424405694e-51,-1.558969779361932e-28
0.9916666666666666,1.016961803867491,-2.183038196132509,-0.0,4.440892098500626e-16,387.4702941364349,1.6227087150988095e-17,-1.5589697793670074e-28,5.861980756072274e-51,-1.5589697793670074e-28
0.9922222222222222,1.0227148362905167,-2.1772851637094837,-0.0,-0.0,309.73624957501704,2.0299575009376254e-17,-1.5589697793654048e-28,1.131086553421362e-50,-1.5589697793654048e-28
0.9927777777777776,1.0284864851005588,-2.1715135148994413,2.220446049250313e-16,4.440892098500626e-16,247.41782018328138,2.54125358743899e-17,-1.5589697793662265e-28,4.4027862130897743e-51,-1.5589697793662265e-28
0.9933333333333333,1.0342767502976167,-2.1657232497023835,2.220446049250313e-16,-0.0,197.49460443322917,3.1836384844107003e-17,-1.5589697793680302e-28,2.969777976013214e-51,-1.5589697793680302e-28
0.9938888888888889,1.040085631881692,-2.159914368118308,-0.0,4.440892098500626e-16,157.5305582086195,3.9912981347049894e-17,-1.5589697793679087e-28,-7.469132545862556e-51,-1.5589697793679087e-28
0.9944444444444444,1.0459131298527824,-2.154086870147218,-0.0,4.440892098500626e-16,125.5624284495032,5.007480588749138e-17,-1.5589697793675906e-28,-1.033648643100484e-50,-1.5589697793675906e-28
0.995,1.051759244210889,-2.1482407557891112,-0.0,-0.0,100.0091921629786,6.286936325937503e-17,-1.5589697793675343e-28,-9.100905904043866e-51,-1.5589697793675343e-28
0.9955555555555554,1.057623974956012,-2.1423760250439883,2.220446049250313e-16,-0.0,79.59860374404303,7.899025781393247e-17,-1.558969779369562e-28,1.5164634300899076e-50,-1.558969779369562e-28
0.9961111111111111,1.0635073220881508,-2.1364926779118494,2.220446049250313e-16,-0.0,63.30766538402905,9.931679194344792e-17,-1.558969779370457e-28,5.697859135753569e-50,-1.558969779370457e-28
0.9966666666666667,1.069409285607307,-2.130590714392693,2.220446049250313e-16,4.440892098500626e-16,50.31441928919828,1.2496445989431805e-16,-1.5589697793689206e-28,3.5473271325172434e-50,-1.5589697793689206e-28
0.9972222222222221,1.0753298655134782,-2.124670134486522,-0.0,-0.0,39.95893906234942,1.5734937860988558e-16,-1.5589697793685883e-28,2.930969670799596e-50,-1.5589697793685883e-28
0.9977777777777778,1.0812690618066658,-2.1187309381933344,2.220446049250313e-16,4.440892098500626e-16,31.711789580563956,1.9827055850624448e-16,-1.5589697793666014e-28,3.2671938956743557e-50,-1.5589697793666014e-28
0.9983333333333332,1.0872268744868694,-2.112773125513131,-0.0,4.440892098500626e-16,25.148545450548532,2.5001502547073956e-16,-1.5589697793666928e-28,4.572404851256244e-50,-1.5589697793666928e-28
0.9988888888888888,1.0932033035540905,-2.10679669644591,-0.0,-0.0,19.929220364134483,3.1549223283647774e-16,-1.5589697793672258e-28,-2.1085201014373506e-50,-1.5589697793672258e-28
0.9994444444444445,1.0991983490083266,-2.1008016509916736,4.440892098500626e-16,4.440892098500626e-16,15.781673903673473,3.9840604170052154e-16,-1.5589697793668339e-28,-4.0798081377171564e-50,-1.5589697793668339e-28
1.0,1.1052120108495789,-2.0947879891504213,2.220446049250313e-16,8.881784197001252e-16,12.488237204977935,5.034749202925623e-16,-1.5589697793668206e-28,-3.7624007102552053e-50,-1.5589697793668206e-28
