x_um,U_CB_V_vs_RHE,U_VB_V_vs_RHE,U_Fn_V_vs_RHE,U_Fp_V_vs_RHE,n_cm3,p_cm3,Jn_mA_cm2,Jp_mA_cm2,Jtotal_mA_cm2
0.0,-0.9552120108495786,2.2447879891504217,-0.5579330244955594,1.8094750933785684,11562352680305.934,5661261191180.056,1.8524195814887334,-0.907034039947969,0.9453855415407645
0.0005555555555555556,-0.9520726134924702,2.2479273865075298,-0.5579434775623596,1.8100590225209456,13070424878090.783,5125271051728.391,1.8513860732488436,-0.906000531708079,0.9453855415407645
0.0011111111111111111,-0.9489518323742808,2.2510481676257195,-0.5579527228863339,1.8107022980037777,14763798314447.322,4654128012639.6045,1.8503525532919731,-0.9049670117512084,0.9453855415407647
0.0016666666666666666,-0.94584966745467,2.25415033254533,-0.5579609062958746,1.8114087501389535,16663793425112.984,4239770962720.781,1.8493190198453537,-0.9039334783045891,0.9453855415407645
0.0022222222222222222,-0.942766118690505,2.257233881309495,-0.5579681552918807,1.8121820605422925,18793997710048.92,3875174687185.2393,1.8482854718444195,-0.9028999303036551,0.9453855415407644
0.0027777777777777775,-0.939701186035292,2.260298813964708,-0.5579745814418635,1.8130256865643968,21180483981552.73,3554212831972.7134,1.8472519088337702,-0.9018663672930055,0.9453855415407647
0.003333333333333333,-0.9366548694385749,2.2633451305614254,-0.5579802824478837,1.8139427833547248,23852046961271.242,3271539482412.1274,1.846218330847904,-0.9008327893071396,0.9453855415407645
0.0038888888888888883,-0.9336271688453002,2.2663728311547002,-0.5579853439358217,1.8149361265466657,26840459474113.54,3022486765575.6226,1.8451847382909055,-0.8997991967501408,0.9453855415407647
0.0044444444444444444,-0.9306180841951373,2.269381915804863,-0.5579898410059189,1.8160080389968885,30180749540394.863,2802976262245.492,1.844151131827294,-0.8987655902865294,0.9453855415407647
0.005,-0.9276276154217501,2.27237238457825,-0.5579938395754529,1.8171603249860002,33911499715902.113,2609442306374.2427,1.8431175122901688,-0.8977319707494044,0.9453855415407645
0.005555555555555555,-0.9246557624520119,2.2753442375479884,-0.5579973975439316,1.8183942153309132,38075170083230.305,2438765541231.1396,1.8420838806081896,-0.8966983390674249,0.9453855415407647
0.0061111111111111106,-0.9217025252051565,2.2782974747948437,-0.5580005658065404,1.8197103266170722,42718446346445.195,2288215342252.8,1.8410502377503182,-0.8956646962095537,0.9453855415407645
0.006666666666666666,-0.9187679035918566,2.281232096408144,-0.5580033891320775,1.8211086364546722,47892614516842.11,2155399852625.1,1.8400165846858847,-0.8946310431451202,0.9453855415407645
0.007222222222222222,-0.9158518975132257,2.2841481024867747,-0.5580059069299187,1.8225884768673362,53653963734722.09,2038222653268.4832,1.8389829223570815,-0.8935973808163167,0.9453855415407647
0.007777777777777777,-0.9129545068597262,2.287045493140274,-0.5580081539142453,1.8241485454543451,60064218787729.97,1934845100622.8054,1.8379492516610931,-0.8925637101203284,0.9453855415407647
0.008333333333333333,-0.9100757315099918,2.2899242684900085,-0.5580101606869041,1.8257869347141529,67191003944304.19,1843653648778.6511,1.8369155734394944,-0.8915300318987297,0.9453855415407647
0.008888888888888889,-0.9072155713295335,2.292784428670467,-0.5580119542419908,1.8275011767088905,75108339715427.39,1763231396940.617,1.8358818884728383,-0.8904963469320737,0.9453855415407645
0.009444444444444443,-0.9043740261693338,2.295625973830666,-0.5580135584074977,1.8292883013145915,83897174202695.55,1692333353475.2102,1.8348481974789315,-0.8894626559381669,0.9453855415407647
0.01,-0.9015510958643176,2.2984489041356824,-0.5580149942313701,1.8311449047986934,93645950690416.77,1629864909171.9558,1.8338145011136089,-0.8884289595728442,0.9453855415407647
0.010555555555555556,-0.8987467802316835,2.3012532197683164,-0.5580162803185094,1.8330672251153084,104451213140630.06,1574863083265.0088,1.832780799973121,-0.8873952584323563,0.9453855415407647
0.01111111111111111,-0.8959610790690893,2.304038920930911,-0.5580174331254548,1.8350512204620122,116418251245112.33,1526480178707.0989,1.8317470945974974,-0.8863615530567328,0.9453855415407647
0.011666666666666667,-0.8931939921526739,2.3068060078473263,-0.5580184672180963,1.8370926477891791,129661786668321.06,1483969528512.996,1.8307133854744424,-0.8853278439336776,0.9453855415407648
0.012222222222222221,-0.8904455192349019,2.3095544807650983,-0.5580193954973813,1.8391871384123333,144306702085888.53,1446673060899.6765,1.8296796730434532,-0.8842941315026887,0.9453855415407647
0.012777777777777779,-0.887715660042226,2.312284339957774,-0.5580202293973813,1.8413302683688522,160488814580396.4,1414010444575.91,1.8286459576999683,-0.8832604161592034,0.9453855415407648
0.013333333333333332,-0.885004414272559,2.3149955857274414,-0.5580209790592389,1.843517621663669,178355694897287.44,1385469601940.4207,1.8276122397994008,-0.882226698258636,0.9453855415407648
0.013888888888888886,-0.8823117815925117,2.3176882184074885,-0.5580216534829796,1.8457448453352843,198067533982198.5,1360598415585.109,1.8265785196609508,-0.8811929781201858,0.9453855415407648
0.014444444444444444,-0.8796377616343827,2.3203622383656173,-0.5580222606607744,1.848007695974292,219798058140525.75,1338997483403.273,1.8255447975711587,-0.8801592560303938,0.9453855415407648
0.015,-0.8769823539929325,2.3230176460070675,-0.5580228076949678,1.8503020772763306,243735494056493.7,1320313769223.6016,1.8245110737872277,-0.8791255322464627,0.945385541540765
0.015555555555555553,-0.8743455582218692,2.325654441778131,-0.5580233009011752,1.8526240692075038,270083584761173.84,1304235046553.5435,1.8234773485400406,-0.8780918069992758,0.9453855415407648
0.016111111111111107,-0.8717273738300457,2.3282726261699542,-0.5580237458990551,1.854969949328872,299062657507014.1,1290485030634.4756,1.8224436220369096,-0.8770580804961445,0.945385541540765
0.016666666666666666,-0.8691278002773504,2.33087219972265,-0.55802414769226,1.8573362070727635,330910744331454.94,1278819110459.8699,1.821409894464065,-0.8760243529233002,0.9453855415407648
0.017222222222222222,-0.8665468369702707,2.3334531630297297,-0.5580245107388706,1.8597195518815135,365884755899229.5,1269020604560.8242,1.820376165988904,-0.8749906244481392,0.9453855415407647
0.017777777777777778,-0.8639844832571036,2.3360155167428966,-0.5580248390134502,1.862116916168682,404261708996185.3,1260897475010.7551,1.8193424367620068,-0.8739568952212423,0.9453855415407645
0.018333333333333333,-0.8614407384227961,2.338559261577204,-0.55802513606179,1.864525454013066,446340007806772.3,1254279441189.6887,1.8183087069189505,-0.8729231653781861,0.9453855415407644
0.018888888888888886,-0.8589156016833803,2.34108439831662,-0.5580254050491854,1.8669425364822765,492440778839182.06,1249015444492.1921,1.817274976581928,-0.8718894350411632,0.9453855415407647
0.019444444444444445,-0.8564090721799928,2.3435909278200073,-0.558025648803097,1.869365744331621,542909259069810.1,1244971418249.0579,1.8162412458611985,-0.8708557043204339,0.9453855415407647
0.02,-0.8539211489724421,2.346078851027558,-0.5580258698508267,1.8717928588017045,598116236556406.9,1242028326330.5515,1.815207514856383,-0.8698219733156188,0.9453855415407644
0.020555555555555556,-0.8514518310323019,2.348548168967698,-0.5580260704528331,1.8742218510888857,658459542421654.5,1240080436327.9666,1.8141737836576222,-0.8687882421168573,0.9453855415407648
0.021111111111111112,-0.8490011172354994,2.3509988827645008,-0.558026252632194,1.8766508709986478,724365592731695.9,1239033799072.628,1.813140052346602,-0.8677545108058373,0.9453855415407647
0.021666666666666664,-0.8465690063543752,2.353430993645625,-0.5580264182006957,1.879078235164651,796290978390055.0,1238804908186.073,1.8121063209974786,-0.866720779456714,0.9453855415407645
0.02222222222222222,-0.844155497049176,2.3558445029508244,-0.5580265687819288,1.8815024151751778,874724100733787.5,1239319518553.088,1.8110725896776962,-0.8656870481369314,0.9453855415407648
0.02277777777777778,-0.8417605878589602,2.3582394121410397,-0.5580267058317641,1.883922025841572,960186850058721.4,1240511603714.8647,1.8100388584487164,-0.8646533169079517,0.9453855415407647
0.023333333333333334,-0.8393842771918789,2.360615722808121,-0.558026830656506,1.886335813798031,1053236323812462.4,1242322435411.1287,1.8090051273666727,-0.8636195858259079,0.9453855415407648
0.02388888888888889,-0.8370265633147991,2.362973436685201,-0.5580269444289995,1.888742646574466,1154466580679789.8,1244699770821.0544,1.8079713964829491,-0.8625858549421844,0.9453855415407647
0.024444444444444442,-0.8346874443422412,2.365312555657759,-0.5580270482029294,1.8911415022247795,1264510426245791.0,1247597134089.023,1.8069376658447003,-0.8615521243039355,0.9453855415407647
0.024999999999999998,-0.8323669182245959,2.3676330817754043,-0.5580271429255252,1.893531459574369,1384041225358986.5,1250973181092.529,1.8059039354953128,-0.8605183939545478,0.945385541540765
0.025555555555555557,-0.8300649827355842,2.369935017264416,-0.558027229448852,1.8959116891156955,1513774735731918.0,1254791137435.0708,1.8048702054748176,-0.8594846639340528,0.9453855415407648
0.026111111111111113,-0.8277816354589314,2.3722183645410686,-0.5580273085398518,1.8982814445607143,1654470956712001.8,1259018300917.3274,1.80383647582026,-0.8584509342794954,0.9453855415407647
0.026666666666666665,-0.8255168737742217,2.3744831262257784,-0.5580273808892826,1.9006400550423939,1806935986533794.0,1263625600772.3777,1.8028027465660277,-0.8574172050252628,0.9453855415407648
0.02722222222222222,-0.8232706948418227,2.3767293051581775,-0.5580274471196591,1.9029869179695627,1972023880732820.0,1268587208046.64,1.8017690177441446,-0.8563834762033796,0.9453855415407648
0.027777777777777773,-0.821043095587148,2.3789569044128522,-0.5580275077923829,1.9053214924283766,2150638503733488.5,1273880187284.492,1.800735289384535,-0.8553497478437704,0.9453855415407647
0.02833333333333333,-0.8188340726836116,2.3811659273163883,-0.5580275634140103,1.9076432932538059,2343735365021076.5,1279484191942.824,1.7997015615152592,-0.8543160199744945,0.9453855415407647
0.028888888888888888,-0.8166436225349749,2.3833563774650255,-0.5580276144419247,1.9099518855542232,2552323430577279.0,1285381190058.5269,1.7986678341627222,-0.8532822926219575,0.9453855415407647
0.029444444444444443,-0.8144717412566058,2.3855282587433946,-0.5580276612893664,1.9122468797732335,2777466899666384.0,1291555222081.7253,1.797634107351866,-0.8522485658111014,0.9453855415407647
0.03,-0.8123184246554684,2.3876815753445317,-0.5580277043299021,1.914527927244007,3020286936412344.0,1297992187006.6316,1.7966003811063362,-0.8512148395655714,0.9453855415407648
0.030555555555555555,-0.8101836682094001,2.3898163317906,-0.5580277439014598,1.9167947161244299,3281963344899500.5,1304679649962.2766,1.795566655448635,-0.8501811139078702,0.9453855415407647
0.031111111111111107,-0.8080674670451858,2.3919325329548142,-0.5580277803099192,1.9190469677495336,3563736175999165.0,1311606672090.2815,1.794532930400258,-0.8491473888594934,0.9453855415407647
0.03166666666666666,-0.8059698159153547,2.3940301840846456,-0.5580278138323104,1.921284433354173,3866907253512090.0,1318763659662.2783,1.7934992059818171,-0.8481136644410523,0.9453855415407648
0.032222222222222215,-0.8038907091739217,2.3961092908260784,-0.5580278447196906,1.923506891110962,4192841606617852.0,1326142229157.1182,1.79246548221315,-0.8470799406723856,0.9453855415407645
0.03277777777777778,-0.8018301407510751,2.398169859248925,-0.5580278731997235,1.9257141434614309,4542968795112196.0,1333735086808.5732,1.7914317591134217,-0.8460462175726573,0.9453855415407645
0.03333333333333333,-0.7997881041265529,2.400211895873447,-0.5580278994789839,1.9279060147256994,4918784113478784.0,1341535921629.618,1.7903980367012124,-0.8450124951604474,0.945385541540765
0.03388888888888889,-0.7977645923017882,2.402235407698212,-0.5580279237450241,1.9300823489556638,5321849659376441.0,1349539309981.7336,1.7893643149945984,-0.8439787734538337,0.9453855415407647
0.034444444444444444,-0.7957595977707814,2.4042404022292185,-0.558027946168228,1.9322430080088242,5753795251774665.0,1357740630431.595,1.7883305940112275,-0.8429450524704631,0.9453855415407645
0.035,-0.7937731124897582,2.406226887510242,-0.5580279669034766,1.9343878698186938,6216319183653213.0,1366135987622.197,1.7872968737683839,-0.8419113322276189,0.9453855415407648
0.035555555555555556,-0.7918051278455966,2.4081948721544038,-0.5580279860916451,1.9365168268441122,6711188793971108.0,1374722144248.2322,1.7862631542830463,-0.8408776127422819,0.9453855415407645
0.03611111111111111,-0.7898556346236116,2.4101443653763885,-0.5580280038609571,1.938629784671156,7240240843303576.0,1383496459815.2278,1.785229435571948,-0.8398438940311834,0.9453855415407645
0.03666666666666667,-0.787924622970511,2.412075377029489,-0.5580280203281467,1.9407266608149463,7805381678823959.0,1392456838583.619,1.7841957176516197,-0.8388101761108547,0.9453855415407648
0.03722222222222222,-0.7860120823633151,2.413987917636685,-0.5580280355996199,1.9428073835324713,8408587170283407.0,1401601677204.412,1.7831620005384388,-0.8377764589976741,0.9453855415407647
0.03777777777777777,-0.7841180015695234,2.4158819984304767,-0.5580280497723789,1.9448718908816647,9051902405660948.0,1410929823979.4856,1.7821282842486699,-0.8367427427079053,0.9453855415407647
0.03833333333333332,-0.7822423686098298,2.4177576313901703,-0.5580280629349186,1.9469201298149459,9737441128509098.0,1420440539071.839,1.7810945687985018,-0.8357090272577375,0.9453855415407644
0.03888888888888889,-0.7803851707187757,2.4196148292812243,-0.5580280751680209,1.948952055382387,1.0467384903592356e+16,1430133459528.791,1.7800608542040823,-0.8346753126633176,0.9453855415407647
0.03944444444444444,-0.7785463943041417,2.4214536056958584,-0.5580280865454702,1.9509676300194378,1.1243981996526922e+16,1440008567897.6138,1.7790271404815479,-0.8336415989407835,0.9453855415407644
0.04,-0.7767260249050973,2.4232739750949026,-0.5580280971346996,1.952966822910494,1.2069545953975864e+16,1450066164041.8145,1.7779934276470553,-0.8326078861062909,0.9453855415407644
0.04055555555555555,-0.7749240471491361,2.425075952850864,-0.5580281069973745,1.9549496094204761,1.2946453871731218e+16,1460306839809.3223,1.7769597157168064,-0.8315741741760417,0.9453855415407647
0.04111111111111111,-0.7731404447078241,2.426859555292176,-0.5580281161899179,1.9569159705873975,1.3877144338930718e+16,1470731456241.9817,1.7759260047070726,-0.830540463166308,0.9453855415407645
0.041666666666666664,-0.771375200251406,2.428624799748594,-0.558028124763988,1.9588658926696108,1.4864115047711254e+16,1481341123049.5967,1.7748922946342183,-0.829506753093454,0.9453855415407644
0.042222222222222223,-0.7696282954023055,2.430371704597695,-0.5580281327669067,1.9607993667420898,1.5909920058797824e+16,1492137180101.813,1.7738585855147222,-0.8284730439739573,0.9453855415407648
0.042777777777777776,-0.7678997106875769,2.432100289312423,-0.5580281402420496,1.9627163883366678,1.7017166714862698e+16,1503121180717.8013,1.7728248773651933,-0.8274393358244285,0.9453855415407648
0.04333333333333333,-0.7661894254903627,2.4338105745096374,-0.5580281472291981,1.9646169571217031,1.818851219496693e+16,1514294876557.3535,1.771791170202394,-0.8264056286616294,0.9453855415407647
0.04388888888888888,-0.7644974180004243,2.435502581999576,-0.5580281537648584,1.966501076617078,1.9426659705007788e+16,1525660203938.045,1.7707574640432528,-0.8253719225024883,0.9453855415407647
0.04444444444444444,-0.7628236651638162,2.437176334836184,-0.5580281598825498,1.9683687539408978,2.0734354300842424e+16,1537219271421.772,1.7697237589048818,-0.8243382173641173,0.9453855415407645
0.045,-0.7611681426317878,2.4388318573682124,-0.5580281656130687,1.9702199995845964,2.2114378342628388e+16,1548974348530.6243,1.768690054804591,-0.8233045132638266,0.9453855415407644
0.04555555555555556,-0.7595308247089958,2.440469175291004,-0.5580281709847237,1.9720548272135092,2.356954658091356e+16,1560927855466.8013,1.767656351759901,-0.8222708102191367,0.9453855415407644
0.04611111111111111,-0.7579116843011289,2.4420883156988715,-0.558028176023553,1.9738732534902725,2.510270087710763e+16,1573082353724.467,1.7666226497885578,-0.8212371082477932,0.9453855415407647
0.04666666666666667,-0.7563106928620448,2.4436893071379555,-0.5580281807535195,1.9756752979186631,2.671670456316812e+16,1585440537493.173,1.7655889489085415,-0.8202034073677769,0.9453855415407645
0.04722222222222222,-0.7547278203405345,2.4452721796594656,-0.5580281851966893,1.9774609827057537,2.8414436447619996e+16,1598005225762.9485,1.7645552491380816,-0.8191697075973169,0.9453855415407647
0.04777777777777778,-0.7531630351268317,2.4468369648731683,-0.5580281893733932,1.9792303326404441,3.0198784477388104e+16,1610779355050.5476,1.7635215504956645,-0.8181360089548997,0.9453855415407647
0.04833333333333333,-0.7516163039989951,2.448383696001005,-0.5580281933023729,1.9809833749866437,3.207263906733812e+16,1623765972674.6152,1.7624878530000447,-0.8171023114592803,0.9453855415407645
0.048888888888888885,-0.7500875920693004,2.4499124079306998,-0.5580281970009167,1.9827201393895284,3.403888611188411e+16,1636968230515.0906,1.7614541566702548,-0.8160686151294902,0.9453855415407647
0.04944444444444444,-0.748576862730006,2.451423137269994,-0.558028200484979,1.9844406577942848,3.610039969657775e+16,1650389379201.4924,1.7604204615256127,-0.8150349199848481,0.9453855415407645
0.049999999999999996,-0.7470840775984602,2.45291592240154,-0.5580282037692921,1.9861449643762359,3.826003452973374e+16,1664032762678.4504,1.7593867675857322,-0.8140012260449678,0.9453855415407644
0.05055555555555555,-0.7456091964649725,2.454390803535028,-0.5580282068674671,1.9878330954771122,4.05206181113693e+16,1677901813048.8364,1.75835307487053,-0.8129675333297655,0.9453855415407645
0.051111111111111114,-0.7441521772405313,2.455847822759469,-0.5580282097920868,1.9895050895506297,4.288494266746275e+16,1692000045724.9358,1.7573193834002325,-0.8119338418594682,0.9453855415407644
0.051666666666666666,-0.7427129759050577,2.4572870240949425,-0.5580282125547904,1.991160987115662,4.5355756875657896e+16,1706331054835.646,1.7562856931953843,-0.81090015165462,0.9453855415407642
0.052222222222222225,-0.7412915464565658,2.4587084535434345,-0.5580282151663494,1.9928008307157898,4.793575741107769e+16,1720898508847.688,1.7552520042768542,-0.8098664627360895,0.9453855415407647
0.05277777777777778,-0.7398878408614107,2.4601121591385895,-0.5580282176367383,1.9944246648844408,5.062758034334552e+16,1735706146370.999,1.75421831666584,-0.8088327751250756,0.9453855415407645
0.05333333333333333,-0.7385018090057915,2.4614981909942086,-0.5580282199751982,1.9960325361149014,5.343379241796639e+16,1750757772121.6536,1.7531846303838776,-0.8077990888431131,0.9453855415407645
0.05388888888888889,-0.7371333986481645,2.462866601351836,-0.5580282221902962,1.9976244928349538,5.635688225827504e+16,1766057253011.0396,1.7521509454528446,-0.8067654039120798,0.9453855415407647
0.05444444444444444,-0.7357825553674513,2.464217444632549,-0.5580282242899767,1.999200585389839,5.939925153738478e+16,1781608514270.845,1.751117261894965,-0.8057317203542004,0.9453855415407647
0.05499999999999999,-0.7344492225189561,2.4655507774810443,-0.5580282262816108,2.000760866022891,6.256320613494039e+16,1797415535704.3345,1.7500835797328187,-0.8046980381920538,0.9453855415407648
0.055555555555555546,-0.7331333411952684,2.4668666588047317,-0.5580282281720431,2.0023053888563016,6.585094732106051e+16,1813482348054.4482,1.7490498989893393,-0.8036643574485749,0.9453855415407644
0.056111111111111105,-0.7318348501861798,2.4681651498138204,-0.5580282299676327,2.003834209876967,6.926456302198645e+16,1829813029423.4263,1.748016219687825,-0.8026306781470604,0.9453855415407647
0.05666666666666666,-0.7305536859408444,2.469446314059156,-0.5580282316742903,2.005347386924069,7.280601920305586e+16,1846411701741.5793,1.7469825418519367,-0.8015970003111722,0.9453855415407645
0.05722222222222222,-0.7292897825324041,2.4707102174675963,-0.5580282332975129,2.006844979677974,7.64771514110656e+16,1863282527273.7305,1.7459488655057052,-0.8005633239649403,0.9453855415407647
0.057777777777777775,-0.7280430716213517,2.471956928378648,-0.5580282348424154,2.0083270496528676,8.027965653062726e+16,1880429705074.091,1.7449151906735323,-0.7995296491327679,0.9453855415407645
0.058333333333333334,-0.7268134824118031,2.4731865175881973,-0.5580282363137576,2.009793660196956,8.421508482075294e+16,1897857467238.7231,1.7438815173801996,-0.7984959758394348,0.9453855415407648
0.058888888888888886,-0.725600941632093,2.474399058367907,-0.5580282377159732,2.0112448764769346,8.8284832177775e+16,1915570075552.3718,1.7428478456508643,-0.7974623041100999,0.9453855415407645
0.059444444444444446,-0.7244053735136502,2.47559462648635,-0.5580282390531943,2.012680765466551,9.249013273742024e+16,1933571818088.1309,1.7418141755110668,-0.7964286339703023,0.9453855415407645
0.06,-0.7232266997697463,2.4767733002302537,-0.558028240329274,2.014101395937575,9.6832051856012e+16,1951867005755.4565,1.7407805069867284,-0.7953949654459634,0.9453855415407648
0.06055555555555556,-0.7220648395774656,2.4779351604225344,-0.5580282415478076,2.0155068384504395,1.0131147950126286e+17,1970459968842.005,1.7397468401041531,-0.794361298563389,0.9453855415407642
0.06111111111111111,-0.720919709551104,2.479080290448896,-0.5580282427121501,2.0168971653524443,1.0592912413983691e+17,1989355053251.1392,1.738713174890035,-0.793327633349271,0.9453855415407642
0.06166666666666666,-0.7197912237157992,2.480208776284201,-0.5580282438254329,2.0182724507769367,1.106855071359367e+17,2008556616592.6428,1.7376795113714565,-0.7922939698306918,0.9453855415407647
0.062222222222222213,-0.7186792935170907,2.4813207064829097,-0.5580282448905824,2.019632770619418,1.1558095754059715e+17,2028069025040.1143,1.7366458495758867,-0.7912603080351219,0.9453855415407648
0.06277777777777778,-0.7175838278195721,2.482416172180428,-0.5580282459103346,2.020978202523075,1.2061560748106598e+17,2047896649870.6963,1.7356121895311847,-0.79022664799042,0.9453855415407648
0.06333333333333332,-0.7165047329067995,2.4834952670932005,-0.5580282468872486,2.0223088258648656,1.2578938813880987e+17,2068043863934.6453,1.734578531265597,-0.7891929897248323,0.9453855415407647
0.06388888888888888,-0.7154419124739082,2.484558087526092,-0.5580282478237192,2.0236247217475927,1.3110202638963717e+17,2088515037803.4753,1.7335448748077593,-0.7881593332669945,0.9453855415407648
0.06444444444444443,-0.7143952676069476,2.4856047323930524,-0.5580282487219868,2.024925973001384,1.3655304217765098e+17,2109314535367.9417,1.7325112201866992,-0.7871256786459346,0.9453855415407647
0.065,-0.713364696818477,2.486635303181523,-0.5580282495841499,2.026212664149039,1.4214174628574326e+17,2130446710845.1062,1.7314775674318335,-0.7860920258910686,0.9453855415407647
0.06555555555555556,-0.7123500960699382,2.487649903930062,-0.5580282504121756,2.0274848813816604,1.4786723884049994e+17,2151915905369.345,1.730443916572963,-0.7850583750321984,0.9453855415407645
0.0661111111111111,-0.7113513587906639,2.4886486412093363,-0.5580282512079093,2.028742712537492,1.537284085300488e+17,2173726443379.1902,1.7294102676402734,-0.7840247260995086,0.9453855415407648
0.06666666666666667,-0.7103683758770767,2.4896316241229233,-0.5580282519730806,2.0299862470943424,1.597239326572886e+17,2195882628274.5247,1.7283766206643343,-0.78299107912357,0.9453855415407642
0.06722222222222222,-0.7094010356982744,2.490598964301726,-0.5580282527093123,2.0312155761580186,1.658522779042669e+17,2218388738043.55,1.7273429756761036,-0.7819574341353389,0.9453855415407647
0.06777777777777778,-0.7084492241615528,2.4915507758384474,-0.5580282534181285,2.032430792413283,1.7211170144859613e+17,2241249022616.6304,1.726309332706915,-0.7809237911661502,0.9453855415407648
0.06833333333333333,-0.7075128247513778,2.4924871752486224,-0.5580282541009605,2.0336319900929887,1.7850025293472723e+17,2264467700362.9033,1.7252756917884777,-0.7798901502477129,0.9453855415407648
0.06888888888888889,-0.706591718560142,2.493408281439858,-0.5580282547591553,2.0348192649531196,1.8501577721166624e+17,2288048954215.7144,1.724242052952873,-0.7788565114121084,0.9453855415407645
0.06944444444444443,-0.7056857842836575,2.4943142157163427,-0.558028255393977,2.0359927142704612,1.9165591804956243e+17,2311996926477.7036,1.723208416232558,-0.7778228746917936,0.9453855415407645
0.07,-0.7047948982944181,2.495205101705582,-0.5580282560066152,2.037152436791158,1.9841812202052083e+17,2336315715973.7314,1.7221747816603579,-0.7767892401195933,0.9453855415407645
0.07055555555555554,-0.703918934713129,2.4960810652868712,-0.5580282565981904,2.03829853268167,2.0529964302628637e+17,2361009375162.6353,1.7211411492694562,-0.7757556077286918,0.9453855415407645
0.07111111111111111,-0.7030577654580585,2.4969422345419416,-0.558028257169757,2.0394311034942496,2.1229754762727053e+17,2386081906441.445,1.7201075190933934,-0.7747219775526291,0.9453855415407645
0.07166666666666667,-0.7022112602544511,2.497788739745549,-0.5580282577223086,2.0405502521578427,2.1940872134695818e+17,2411537256945.061,1.7190738911660681,-0.7736883496253031,0.9453855415407648
0.07222222222222222,-0.7013792867024926,2.4986207132975076,-0.5580282582567803,2.041656082931969,2.2662987513993005e+17,2437379315159.0757,1.7180402655217286,-0.772654723980964,0.9453855415407645
0.07277777777777777,-0.7005617103778782,2.499438289622122,-0.558028258774055,2.0427487013414254,2.339575521219712e+17,2463611908715.648,1.7170066421949657,-0.7716211006542009,0.9453855415407648
0.07333333333333333,-0.6997583948944776,2.5002416051055225,-0.5580282592749657,2.043828214135129,2.4138813512963523e+17,2490238800836.7124,1.7159730212207023,-0.7705874796799379,0.9453855415407645
0.07388888888888889,-0.698969201924964,2.5010307980750364,-0.5580282597602977,2.0448947292714594,2.4891785519305462e+17,2517263685154.9185,1.7149394026341995,-0.7695538610934348,0.9453855415407645
0.07444444444444444,-0.6981939912783008,2.501806008721699,-0.5580282602307922,2.0459483558676883,2.5654279998878403e+17,2544690182412.35,1.7139057864710459,-0.768520244930281,0.9453855415407648
0.075,-0.6974326210157433,2.502567378984257,-0.5580282606871497,2.046989204126658,2.6425892230978774e+17,2572521838672.5625,1.712872172767145,-0.7674866312263803,0.9453855415407648
0.07555555555555554,-0.6966849475206711,2.503315052479329,-0.5580282611300327,2.0480173852924555,2.720620493291895e+17,2600762121838.5806,1.7118385615587097,-0.7664530200179447,0.945385541540765
0.07611111111111112,-0.6959508255250988,2.5040491744749014,-0.5580282615600669,2.0490330116330795,2.799478926835497e+17,2629414416438.759,1.7108049528822626,-0.7654194113414977,0.9453855415407648
0.07666666666666665,-0.6952301082130632,2.504769891786937,-0.5580282619778429,2.0500361963749585,2.8791205808252406e+17,2658482021216.5806,1.7097713467746263,-0.7643858052338618,0.9453855415407645
0.07722222222222222,-0.6945226473368016,2.5054773526631986,-0.5580282623839219,2.051027053630714,2.9595005497607e+17,2687968147382.2603,1.7087377432729085,-0.7633522017321442,0.9453855415407642
0.07777777777777778,-0.6938282932842669,2.506171706715733,-0.5580282627788333,2.052005698357247,3.040573069338651e+17,2717875915003.8584,1.7077041424144963,-0.7623186008737316,0.9453855415407645
0.07833333333333334,-0.6931468951179435,2.506853104882057,-0.5580282631630791,2.052972246331267,3.1222916255761536e+17,2748208348157.4165,1.7066705442370567,-0.7612850026962918,0.9453855415407648
0.07888888888888888,-0.6924783007072755,2.5075216992927247,-0.5580282635371344,2.053926814066895,3.204609054223975e+17,2778968373824.0845,1.7056369487785203,-0.760251407237756,0.9453855415407645
0.07944444444444444,-0.6918223568296356,2.508177643170365,-0.55802826390145,2.054869518753589,3.2874776439465325e+17,2810158819718.2876,1.704603356077071,-0.7592178145363062,0.9453855415407647
0.08,-0.6911789092268206,2.5088210907731794,-0.558028264256453,2.0558004782217183,3.3708492452366995e+17,2841782410337.648,1.7035697661711378,-0.7581842246303732,0.9453855415407645
0.08055555555555555,-0.6905478026822918,2.5094521973177084,-0.5580282646025488,2.056719810894424,3.454675376880608e+17,2873841763766.492,1.7025361790993963,-0.7571506375586318,0.9453855415407645
0.0811111111111111,-0.6899288811534716,2.5100711188465286,-0.5580282649401214,2.057627635706306,3.5389073243636045e+17,2906339390982.635,1.7015025949007445,-0.7561170533599799,0.9453855415407645
0.08166666666666665,-0.6893219878520767,2.5106780121479235,-0.5580282652695362,2.058524072054486,3.6234962436363904e+17,2939277693126.763,1.7004690136142955,-0.7550834720735308,0.9453855415407647
0.08222222222222222,-0.6887269653029005,2.5112730346970995,-0.5580282655911396,2.0594092397628696,3.7083932666444397e+17,2972658957874.331,1.6994354352793777,-0.7540498937386131,0.9453855415407647
0.08277777777777777,-0.6881436554619639,2.511856344538036,-0.5580282659052608,2.0602832590090356,3.793549596795763e+17,3006485358394.8066,1.6984018599355182,-0.7530163183947534,0.9453855415407648
0.08333333333333333,-0.6875718998152718,2.5124281001847284,-0.5580282662122128,2.0611462502640854,3.878916604517011e+17,3040758951745.4604,1.6973682876224263,-0.7519827460816616,0.9453855415407647
0.08388888888888889,-0.6870115394483034,2.512988460551697,-0.5580282665122933,2.0619983342507657,3.9644459245205786e+17,3075481676110.398,1.6963347183799922,-0.7509491768392274,0.9453855415407648
0.08444444444444445,-0.6864624151388454,2.5135375848611545,-0.558028266805785,2.0628396318860607,4.050089546843342e+17,3110655349069.7266,1.6953011522482768,-0.7499156107075121,0.9453855415407647
0.085,-0.6859243674610807,2.5140756325389195,-0.558028267092957,2.0636702642174507,4.135799902751513e+17,3146281666631.422,1.6942675892674939,-0.7488820477267287,0.945385541540765
0.08555555555555555,-0.6853972368612011,2.5146027631387993,-0.5580282673740662,2.064490352377227,4.2215299514891296e+17,3182362201187.5234,1.693234029477999,-0.7478484879372347,0.9453855415407645
0.08611111111111111,-0.68488086374742,2.51511913625258,-0.558028267649356,2.0653000175273744,4.307233261082567e+17,3218898400234.5986,1.692200472920291,-0.7468149313795267,0.9453855415407644
0.08666666666666666,-0.6843750885820659,2.5156249114179343,-0.5580282679190589,2.0660993808026245,4.392864084728815e+17,3255891585322.6543,1.691166919634987,-0.7457813780942225,0.9453855415407645
0.08722222222222223,-0.6838797519538626,2.5161202480461373,-0.5580282681833968,2.0668885632665943,4.4783774363165715e+17,3293342950355.582,1.6901333696628136,-0.744747828122049,0.9453855415407645
0.08777777777777776,-0.6833946946773577,2.5166053053226425,-0.5580282684425804,2.067667685851292,4.5637291570034035e+17,3331253561422.9795,1.6890998230446024,-0.7437142815038377,0.9453855415407645
0.08833333333333333,-0.6829197578727081,2.517080242127292,-0.558028268696811,2.0684368693072805,4.648875980511789e+17,3369624355729.6577,1.6880662798212733,-0.7426807382805086,0.9453855415407645
0.08888888888888888,-0.6824547830243469,2.517545216975653,-0.558028268946281,2.0691962341678765,4.733775597723226e+17,3408456139794.716,1.6870327400338212,-0.7416471984930566,0.9453855415407645
0.08944444444444444,-0.6819996120873698,2.5180003879126303,-0.5580282691911733,2.0699459006843814,4.8183867080202176e+17,3447749590326.6626,1.6859992037233098,-0.7406136621825452,0.9453855415407645
0.09,-0.6815540875670787,2.5184459124329215,-0.5580282694316631,2.0706859887762428,4.902669070398835e+17,3487505253824.9814,1.6849656709308571,-0.7395801293900928,0.9453855415407645
0.09055555555555556,-0.6811180525534432,2.518881947446557,-0.5580282696679172,2.0714166180096916,4.9865835584300474e+17,3527723544152.127,1.6839321416976223,-0.7385466001568577,0.9453855415407645
0.09111111111111111,-0.6806913508299604,2.51930864917004,-0.5580282699000954,2.07213790753125,5.070092196457557e+17,3568404744276.5557,1.6828986160647965,-0.7375130745240315,0.9453855415407648
0.09166666666666666,-0.6802738269620332,2.519726173037967,-0.5580282701283499,2.072849976012347,5.1531581943231475e+17,3609549007095.2207,1.6818650940735895,-0.7364795525328252,0.9453855415407645
0.09222222222222222,-0.6798653263011276,2.5201346736988723,-0.5580282703528263,2.073552941646193,5.235745994060229e+17,3651156352035.425,1.6808315757652204,-0.735446034224456,0.9453855415407644
0.09277777777777776,-0.6794656950940576,2.5205343049059428,-0.5580282705736646,2.074246922080689,5.3178212912521395e+17,3693226667600.709,1.6797980611809031,-0.7344125196401387,0.9453855415407645
0.09333333333333334,-0.6790747805823629,2.520925219417637,-0.5580282707909974,2.0749320343560855,5.399351052880214e+17,3735759713602.4404,1.6787645503618354,-0.7333790088210708,0.9453855415407645
0.09388888888888887,-0.6786924309738303,2.52130756902617,-0.5580282710049522,2.0756083949216437,5.4803035570886746e+17,3778755116610.5576,1.6777310433491883,-0.7323455018084235,0.9453855415407648
0.09444444444444444,-0.678318495554581,2.5216815044454193,-0.5580282712156516,2.0762761195664208,5.5606483996323014e+17,3822212373467.724,1.6766975401840944,-0.7313119986433299,0.9453855415407647
0.09499999999999999,-0.6779528247948866,2.5220471752051137,-0.5580282714232119,2.076935323352638,5.64035649620368e+17,3866130854732.705,1.6756640409076344,-0.7302784993668697,0.9453855415407645
0.09555555555555556,-0.6775952702878759,2.5224047297121244,-0.5580282716277452,2.0775861206524224,5.719400116677751e+17,3910509798890.36,1.6746305455608284,-0.7292450040200636,0.9453855415407647
0.0961111111111111,-0.6772456848720427,2.5227543151279574,-0.5580282718293588,2.078228625071689,5.797752875765407e+17,3955348317301.1543,1.673597054184624,-0.7282115126438594,0.9453855415407645
0.09666666666666666,-0.6769039227322038,2.5230960772677964,-0.558028272028155,2.078862949386085,5.875389723176298e+17,4000645398234.613,1.6725635668198802,-0.7271780252791153,0.9453855415407648
0.09722222222222222,-0.6765698393077562,2.523430160692244,-0.5580282722242326,2.0794892055965577,5.952286973536356e+17,4046399899875.8174,1.671530083507364,-0.7261445419665995,0.9453855415407647
0.09777777777777777,-0.6762432914378791,2.523756708562121,-0.5580282724176857,2.080107504838612,6.028422279389802e+17,4092610557477.9863,1.6704966042877367,-0.7251110627469719,0.9453855415407648
0.09833333333333333,-0.675924137438543,2.524075862561457,-0.5580282726086052,2.0807179573326398,6.103774614943308e+17,4139275986834.386,1.669463129201533,-0.7240775876607688,0.9453855415407642
0.09888888888888887,-0.6756122369884274,2.524387763011573,-0.5580282727970776,2.081320672453498,6.178324301678017e+17,4186394676455.2793,1.668429658289171,-0.7230441167484061,0.9453855415407647
0.09944444444444445,-0.675307451310522,2.5246925486894782,-0.5580282729831864,2.081915758616398,6.252052961368813e+17,4233964997828.341,1.667396191590921,-0.7220106500501562,0.9453855415407648
0.09999999999999999,-0.6750096431980791,2.524990356801921,-0.5580282731670112,2.082503323258642,6.324943501773718e+17,4281985206582.242,1.666362729146901,-0.7209771876061362,0.9453855415407647
0.10055555555555555,-0.674718676897106,2.5252813231028943,-0.5580282733486294,2.0830834729115772,6.396980135248776e+17,4330453434897.216,1.6653292709970784,-0.7199437294563136,0.9453855415407648
0.1011111111111111,-0.6744344183318784,2.525565581668122,-0.5580282735281142,2.0836563130581176,6.468148310727222e+17,4379367705452.064,1.6642958171812403,-0.7189102756404759,0.9453855415407644
0.10166666666666667,-0.6741567350490238,2.5258432649509763,-0.558028273705537,2.0842219481655104,6.538434711442013e+17,4428725928153.008,1.663262367738993,-0.7178768261982281,0.9453855415407648
0.10222222222222223,-0.6738854961309717,2.5261145038690285,-0.5580282738809653,2.084780481738153,6.607827259487497e+17,4478525894903.247,1.662228922709761,-0.7168433811689965,0.9453855415407645
0.10277777777777777,-0.6736205724529611,2.526379427547039,-0.558028274054465,2.0853320161541884,6.676315030636049e+17,4528765296571.017,1.6611954821327557,-0.7158099405919912,0.9453855415407645
0.10333333333333333,-0.6733618365239702,2.52663816347603,-0.5580282742260986,2.0858766527633015,6.743888272528626e+17,4579441713603.498,1.6601620460469817,-0.7147765045062171,0.9453855415407645
0.10388888888888888,-0.6731091624821557,2.5268908375178443,-0.558028274395927,2.0864144918879695,6.810538382855226e+17,4630552616526.276,1.6591286144912338,-0.7137430729504695,0.9453855415407644
0.10444444444444445,-0.6728624263303578,2.527137573669642,-0.5580282745640078,2.0869456326723874,6.876257821857434e+17,4682095382547.828,1.6580951875040586,-0.7127096459632941,0.9453855415407645
0.10499999999999998,-0.672621505690802,2.527378494309198,-0.5580282747303976,2.0874701732353804,6.941040149776517e+17,4734067280766.385,1.6570617651237787,-0.7116762235830139,0.9453855415407647
0.10555555555555556,-0.6723862799300986,2.5276137200699016,-0.55802827489515,2.0879882105892364,7.004879965857103e+17,4786465481803.387,1.6560283473884692,-0.7106428058477048,0.9453855415407645
0.1061111111111111,-0.6721566302819123,2.527843369718088,-0.5580282750583166,2.088499840559181,7.067772844991438e+17,4839287067817.817,1.6549949343359345,-0.7096093927951699,0.9453855415407645
0.10666666666666666,-0.6719324395898714,2.528067560410129,-0.5580282752199477,2.0890051579447735,7.129715376986524e+17,4892529016968.195,1.653961526003736,-0.7085759844629713,0.9453855415407645
0.1072222222222222,-0.671713592563877,2.528286407436123,-0.5580282753800911,2.0895042563540698,7.190705064993171e+17,4946188222696.578,1.652928122429148,-0.7075425808883835,0.9453855415407645
0.10777777777777778,-0.6714999757104957,2.5285000242895044,-0.5580282755387931,2.0899972282454033,7.250740311467892e+17,5000261491292.921,1.651894723649161,-0.7065091821083962,0.9453855415407647
0.10833333333333334,-0.6712914771752737,2.5287085228247266,-0.5580282756960985,2.0904841650261456,7.309820429546682e+17,5054745533170.021,1.6508613297004981,-0.7054757881597338,0.9453855415407644
0.10888888888888888,-0.6710879870536699,2.5289120129463303,-0.55802827585205,2.090965156850318,7.367945521621551e+17,5109636986866.046,1.6498279406195604,-0.7044423990787958,0.9453855415407645
0.10944444444444444,-0.6708893971212277,2.5291106028787724,-0.558028276006689,2.091440292789513,7.425116521060863e+17,5164932402908.917,1.6487945564424584,-0.7034090149016943,0.9453855415407642
0.10999999999999999,-0.6706956008921305,2.5293043991078696,-0.5580282761600557,2.091909660792642,7.481335141569844e+17,5220628250400.945,1.6477611772050031,-0.7023756356642386,0.9453855415407647
0.11055555555555556,-0.6705064938080856,2.5294935061919146,-0.5580282763121882,2.0923733475608666,7.536603787218682e+17,5276720933357.888,1.646727802942657,-0.7013422614018925,0.9453855415407645
0.11111111111111109,-0.67032197289282,2.52967802710718,-0.5580282764631241,2.0928314387686813,7.590925617730359e+17,5333206768987.816,1.645694433690594,-0.7003088921498294,0.9453855415407648
0.11166666666666666,-0.6701419370507622,2.5298580629492378,-0.5580282766128987,2.09328401886759,7.644304426361399e+17,5390082012079.862,1.6446610694836359,-0.6992755279428713,0.9453855415407645
0.11222222222222221,-0.6699662869088108,2.530033713091189,-0.5580282767615469,2.0937311711856204,7.696744650838595e+17,5447342846768.773,1.6436277103562733,-0.6982421688155088,0.9453855415407645
0.11277777777777778,-0.6697949248404068,2.5302050751595933,-0.5580282769091017,2.0941729779089435,7.748251331289432e+17,5504985391491.092,1.6425943563426557,-0.6972088148018908,0.9453855415407648
0.11333333333333331,-0.6696277549609142,2.5303722450390858,-0.5580282770555955,2.0946095200819244,7.798830076647217e+17,5563005701963.253,1.6415610074765812,-0.6961754659358167,0.9453855415407645
0.11388888888888889,-0.6694646831125515,2.5305353168874487,-0.5580282772010593,2.095040877613996,7.848487034426386e+17,5621399773473.28,1.6405276637914965,-0.6951421222507321,0.9453855415407645
0.11444444444444445,-0.6693056168513996,2.5306943831486004,-0.5580282773455232,2.0954671292851907,7.897228860212513e+17,5680163543388.662,1.6394943253204886,-0.6941087837797241,0.9453855415407645
0.11499999999999999,-0.6691504654356243,2.530849534564376,-0.5580282774890156,2.095888352750863,7.945062687149871e+17,5739292893815.696,1.638460992096281,-0.6930754505555163,0.9453855415407645
0.11555555555555555,-0.6689991398161239,2.5310008601838763,-0.558028277631565,2.096304624544777,7.991996095077261e+17,5798783654501.994,1.637427664151227,-0.6920421226104625,0.9453855415407645
0.1161111111111111,-0.668851552621677,2.5311484473783232,-0.5580282777731982,2.096716020085808,8.038037081798719e+17,5858631605379.509,1.636394341517308,-0.6910087999765431,0.9453855415407648
0.11666666666666667,-0.6687076181408262,2.531292381859174,-0.5580282779139412,2.097122613686841,8.083194035892511e+17,5918832478905.818,1.6353610242261247,-0.6899754826853602,0.9453855415407645
0.11722222222222221,-0.6685672523061807,2.5314327476938194,-0.5580282780538195,2.09752447856208,8.127475709330408e+17,5979381962620.67,1.6343277123089006,-0.6889421707681358,0.9453855415407648
0.11777777777777777,-0.6684303726792408,2.5315696273207595,-0.5580282781928569,2.0979216868340087,8.170891190505583e+17,6040275701776.429,1.6332944057964696,-0.6879088642557051,0.9453855415407645
0.11833333333333332,-0.6682968984370575,2.5317031015629428,-0.5580282783310775,2.098314309539101,8.213449877269321e+17,6101509302138.138,1.6322611047192779,-0.6868755631785135,0.9453855415407645
0.11888888888888889,-0.668166750351711,2.5318332496482894,-0.5580282784685038,2.098702416638365,8.255161452872499e+17,6163078332255.384,1.6312278091073782,-0.6858422675666138,0.9453855415407645
0.11944444444444445,-0.6680398507709989,2.5319601492290014,-0.5580282786051576,2.0990860770271254,8.29603586220275e+17,6224978325840.913,1.6301945189904274,-0.6848089774496628,0.9453855415407645
0.12,-0.667916123599926,2.5320838764000744,-0.5580282787410604,2.099465358544284,8.336083288449706e+17,6287204784218.396,1.6291612343976833,-0.6837756928569189,0.9453855415407645
0.12055555555555555,-0.6677954942828004,2.5322045057172,-0.558028278876233,2.0998403279811924,8.375314130263455e+17,6349753178824.252,1.6281279553580035,-0.6827424138172384,0.945385541540765
0.12111111111111111,-0.6676778897867082,2.532322110213292,-0.5580282790106947,2.1002110510895866,8.413738979156552e+17,6412618953818.533,1.627094681899838,-0.6817091403590732,0.9453855415407648
0.12166666666666666,-0.6675632385790893,2.532436761420911,-0.5580282791444653,2.1005775925935692,8.451368599537649e+17,6475797528232.024,1.6260614140512324,-0.6806758725104679,0.9453855415407645
0.12222222222222222,-0.6674514706068267,2.5325485293931735,-0.558028279277563,2.1009400162006284,8.488213908991839e+17,6539284298222.49,1.6250281518398235,-0.679642610299059,0.9453855415407645
0.12277777777777776,-0.6673425172759028,2.5326574827240975,-0.558028279410006,2.1012983846122966,8.524285959109295e+17,6603074639360.086,1.623994895292837,-0.6786093537520724,0.9453855415407645
0.12333333333333332,-0.6672363114313242,2.532763688568676,-0.5580282795418119,2.1016527595346677,8.559595916954844e+17,6667163908917.656,1.6229616444370862,-0.6775761028963213,0.9453855415407648
0.1238888888888889,-0.6671327873386009,2.532867212661399,-0.5580282796729973,2.1020032016878663,8.594155046745532e+17,6731547448264.21,1.62192839929897,-0.6765428577582054,0.9453855415407645
0.12444444444444443,-0.6670318806617328,2.5329681193382676,-0.5580282798035786,2.102349770817957,8.627974693413468e+17,6796220584956.219,1.6208951599044727,-0.6755096183637083,0.9453855415407645
0.125,-0.6669335284406364,2.533066471559364,-0.5580282799335718,2.102692525709331,8.661066267094268e+17,6861178634759.184,1.6198619262791616,-0.6744763847383968,0.9453855415407648
0.12555555555555556,-0.6668376690698413,2.5331623309301587,-0.5580282800629919,2.1030315241962576,8.693441227919999e+17,6926416903735.953,1.6188286984481863,-0.6734431569074216,0.9453855415407647
0.12611111111111112,-0.6667442422774255,2.533255757722575,-0.5580282801918538,2.1033668231743183,8.725111071448909e+17,6991930690319.238,1.6177954764362794,-0.6724099348955146,0.9453855415407648
0.12666666666666665,-0.6666531891041988,2.5333468108958015,-0.5580282803201722,2.1036984786117197,8.756087314716956e+17,7057715287368.384,1.616762260267754,-0.6713767187269896,0.9453855415407645
0.1272222222222222,-0.6665644518839049,2.5334355481160955,-0.5580282804479606,2.104026545559922,8.786381482638386e+17,7123765984264.435,1.615729049966505,-0.6703435084257402,0.9453855415407647
0.12777777777777777,-0.6664779742199911,2.533522025780009,-0.5580282805752326,2.1043510781667587,8.81600509626364e+17,7190078068691.201,1.6146958455560054,-0.6693103040152407,0.9453855415407645
0.12833333333333333,-0.6663937009635978,2.5336062990364026,-0.5580282807020013,2.10467212968878,8.844969661310528e+17,7256646828468.813,1.6136626470593107,-0.6682771055185464,0.9453855415407644
0.12888888888888886,-0.6663115781923787,2.5336884218076214,-0.5580282808282792,2.1049897525030525,8.873286657081143e+17,7323467553405.09,1.6126294544990578,-0.6672439129582932,0.9453855415407645
0.12944444444444445,-0.6662315531890661,2.5337684468109343,-0.5580282809540787,2.1053039981192225,8.90096752612205e+17,7390535537077.483,1.6115962678974625,-0.6662107263566981,0.9453855415407645
0.13,-0.6661535744206948,2.5338464255793056,-0.5580282810794117,2.105614917191157,8.928023664299209e+17,7457846078617.061,1.6105630872763235,-0.6651775457355592,0.9453855415407644
0.13055555555555556,-0.6660775915186246,2.5339224084813754,-0.5580282812042895,2.105922559528068,8.954466411221792e+17,7525394484501.311,1.609529912657021,-0.6641443711162563,0.9453855415407648
0.13111111111111112,-0.6660035552561514,2.533996444743849,-0.5580282813287234,2.1062269741074497,8.980307042117507e+17,7593176070100.997,1.608496744060517,-0.6631112025197522,0.9453855415407647
0.13166666666666665,-0.6659314175271627,2.5340685824728375,-0.5580282814527242,2.1065282090873465,9.005556759951738e+17,7661186161256.635,1.607463581507357,-0.6620780399665922,0.9453855415407648
0.1322222222222222,-0.6658611313252129,2.534138868674787,-0.5580282815763025,2.1068263118183945,9.03022668798838e+17,7729420095830.03,1.6064304250176717,-0.661044883476907,0.9453855415407648
0.13277777777777777,-0.66579265072302,2.53420734927698,-0.558028281699468,2.107121328855618,9.054327862775e+17,7797873225230.944,1.6053972746111778,-0.6600117330704134,0.9453855415407645
0.13333333333333333,-0.6657259308518622,2.534274069148138,-0.558028281822231,2.1074133059703852,9.077871227719456e+17,7866540915877.355,1.6043641303071783,-0.6589785887664138,0.9453855415407645
0.13388888888888886,-0.6656609278819305,2.53433907211807,-0.558028281944601,2.107702288161722,9.10086762687017e+17,7935418550671.064,1.6033309921245646,-0.6579454505838,0.9453855415407645
0.13444444444444445,-0.6655975990024594,2.534402400997541,-0.558028282066587,2.107988319667857,9.123327799298323e+17,8004501530392.3545,1.6022978600818178,-0.6569123185410529,0.9453855415407648
0.135,-0.6655359024007221,2.534464097599278,-0.5580282821881983,2.108271443978705,9.145262374394595e+17,8073785274947.707,1.6012647341970094,-0.6558791926562447,0.9453855415407647
0.13555555555555557,-0.665475797242289,2.5345242027577113,-0.5580282823094431,2.108551703847495,9.166681867216529e+17,8143265224655.163,1.600231614487806,-0.6548460729470416,0.9453855415407642
0.13611111111111107,-0.6654172436513723,2.5345827563486276,-0.5580282824303304,2.1088291413024054,9.187596674287112e+17,8212936841473.913,1.5991985009714687,-0.653812959430704,0.9453855415407647
0.13666666666666666,-0.6653602026916416,2.5346397973083583,-0.5580282825508682,2.109103797657941,9.208017069690223e+17,8282795610208.338,1.598165393664855,-0.6527798521240903,0.9453855415407648
0.13722222222222222,-0.6653046363470198,2.5346953636529803,-0.5580282826710644,2.109375713526391,9.22795320162413e+17,8352837039648.8125,1.5971322925844222,-0.6517467510436578,0.9453855415407645
0.13777777777777778,-0.6652505075030927,2.5347494924969074,-0.5580282827909269,2.1096449288289105,9.247415089171428e+17,8423056663697.313,1.5960991977462293,-0.6507136562054648,0.9453855415407645
0.13833333333333334,-0.6651977799289759,2.5348022200710245,-0.5580282829104628,2.1099114828063286,9.266412619324605e+17,8493450042463.558,1.5950661091659382,-0.6496805676251737,0.9453855415407645
0.13888888888888887,-0.6651464182582514,2.534853581741749,-0.5580282830296797,2.1101754140307487,9.284955544753692e+17,8564012763229.751,1.5940330268588165,-0.6486474853180518,0.9453855415407648
0.13944444444444445,-0.665096387970712,2.534903612029288,-0.5580282831485843,2.1104367604166288,9.303053481678129e+17,8634740441416.88,1.5929999508397412,-0.6476144092989765,0.9453855415407647
0.14,-0.6650476553743874,2.534952344625613,-0.5580282832671838,2.1106955592317296,9.32071590801729e+17,8705628721510.29,1.5919668811231993,-0.6465813395824348,0.9453855415407645
0.14055555555555554,-0.6650001875880418,2.534999812411958,-0.5580282833854848,2.110951847107774,9.337952161735935e+17,8776673277959.469,1.5909338177232928,-0.6455482761825283,0.9453855415407645
0.14111111111111108,-0.6649539525236996,2.5350460474763006,-0.5580282835034935,2.111205660051181,9.354771439532668e+17,8847869816019.965,1.589900760653739,-0.6445152191129743,0.9453855415407648
0.14166666666666666,-0.6649089188696446,2.5350910811303553,-0.5580282836212164,2.111457033453501,9.371182795696483e+17,8919214072569.941,1.5888677099278743,-0.6434821683871099,0.9453855415407645
0.14222222222222222,-0.6648650560735715,2.535134943926429,-0.5580282837386593,2.1117060021018355,9.387195141234641e+17,8990701816879.541,1.5878346655586586,-0.6424491240178938,0.9453855415407648
0.14277777777777778,-0.6648223343263986,2.5351776656736016,-0.5580282838558284,2.1119526001887916,9.402817243074244e+17,9062328851367.32,1.5868016275586743,-0.6414160860179098,0.9453855415407645
0.14333333333333334,-0.6647807245456705,2.5352192754543297,-0.5580282839727291,2.1121968613228677,9.418057723716351e+17,9134091012269.95,1.5857685959401335,-0.6403830543993688,0.9453855415407647
0.14388888888888887,-0.6647401983592646,2.5352598016407355,-0.558028284089367,2.112438818538682,9.432925061071108e+17,9205984170279.455,1.5847355707148785,-0.6393500291741135,0.9453855415407648
0.14444444444444443,-0.6647007280897035,2.5352992719102967,-0.5580282842057478,2.1126785043068046,9.447427588351749e+17,9278004231166.229,1.5837025518943848,-0.6383170103536202,0.9453855415407647
0.145,-0.6646622867385614,2.5353377132614385,-0.5580282843218763,2.112915950543598,9.461573494202698e+17,9350147136353.895,1.582669539489767,-0.6372839979490024,0.9453855415407645
0.14555555555555555,-0.6646248479713368,2.5353751520286636,-0.5580282844377581,2.113151188620773,9.47537082291552e+17,9422408863471.55,1.5816365335117786,-0.6362509919710138,0.9453855415407648
0.14611111111111108,-0.6645883861023891,2.535411613897611,-0.5580282845533975,2.1133842493749673,9.488827474867973e+17,9494785426858.203,1.5806035339708169,-0.6352179924300521,0.9453855415407648
0.14666666666666667,-0.6645528760803292,2.535447123919671,-0.5580282846687997,2.113615163117052,9.501951207035524e+17,9567272878044.54,1.579570540876927,-0.6341849993361621,0.9453855415407648
0.14722222222222223,-0.6645182934735248,2.5354817065264754,-0.5580282847839693,2.1138439596414216,9.514749633687139e+17,9639867306192.42,1.5785375542398028,-0.633152012699038,0.9453855415407647
0.14777777777777779,-0.6644846144561065,2.535515385543894,-0.5580282848989108,2.1140706682349566,9.527230227115868e+17,9712564838515.857,1.5775045740687932,-0.6321190325280285,0.9453855415407645
0.14833333333333334,-0.6644518157940915,2.5355481842059087,-0.5580282850136284,2.114295317685971,9.53940031853478e+17,9785361640659.418,1.576471600372903,-0.6310860588321382,0.9453855415407648
0.14888888888888888,-0.6644198748315062,2.5355801251684937,-0.5580282851281266,2.114517936293251,9.551267099175121e+17,9858253917031.607,1.575438633160798,-0.6300530916200332,0.9453855415407647
0.14944444444444444,-0.6643887694770398,2.53561123052296,-0.5580282852424095,2.1147385518747357,9.562837621379839e+17,9931237911124.701,1.5744056724408073,-0.6290201309000427,0.9453855415407645
0.15,-0.6643584781908562,2.535641521809144,-0.558028285356481,2.1149571917761496,9.574118799823183e+17,10004309905798.988,1.573372718220928,-0.6279871766801636,0.9453855415407645
0.15055555555555555,-0.6643289799718084,2.535671020028192,-0.5580282854703453,2.1151738828793754,9.585117412757194e+17,10077466223546.47,1.5723397705088282,-0.6269542289680637,0.9453855415407645
0.15111111111111108,-0.6643002543447406,2.5356997456552595,-0.5580282855840057,2.1153886516108398,9.595840103393551e+17,10150703226717.77,1.57130682931185,-0.6259212877710854,0.9453855415407645
0.15166666666666667,-0.6642722813482116,2.5357277186517884,-0.5580282856974663,2.1156015239496218,9.606293381291616e+17,10224017317730.463,1.5702738946370136,-0.6248883530962488,0.9453855415407648
0.15222222222222223,-0.6642450415223027,2.5357549584776975,-0.5580282858107305,2.115812525435568,9.616483623867887e+17,10297404939243.008,1.5692409664910205,-0.6238554249502559,0.9453855415407645
0.1527777777777778,-0.6642185158968157,2.5357814841031843,-0.5580282859238018,2.1160216811771555,9.626417077908731e+17,10370862574309.717,1.5682080448802582,-0.6228225033394936,0.9453855415407645
0.1533333333333333,-0.6641926859795959,2.5358073140204045,-0.5580282860366835,2.1162290158593313,9.636099861176897e+17,10444386746505.566,1.5671751298108028,-0.6217895882700379,0.9453855415407648
0.15388888888888888,-0.6641675337452047,2.5358324662547957,-0.5580282861493792,2.1164345537511196,9.645537964022931e+17,10517974020031.61,1.5661422212884213,-0.6207566797476568,0.9453855415407645
0.15444444444444444,-0.664143041623826,2.5358569583761743,-0.5580282862618915,2.11663831871311,9.654737251036977e+17,10591620999796.225,1.5651093193185788,-0.6197237777778145,0.9453855415407644
0.155,-0.6641191924902478,2.5358808075097525,-0.5580282863742241,2.116840334204958,9.663703462796868e+17,10665324331466.45,1.564076423906439,-0.6186908823656745,0.9453855415407645
0.15555555555555556,-0.6640959696531774,2.5359040303468228,-0.5580282864863797,2.117040623292671,9.67244221760762e+17,10739080701503.39,1.5630435350568685,-0.617657993516104,0.9453855415407645
0.1561111111111111,-0.6640733568447439,2.535926643155256,-0.5580282865983613,2.1172392086558074,9.680959013283963e+17,10812886837174.162,1.5620106527744413,-0.6166251112336767,0.9453855415407645
0.15666666666666668,-0.6640513382103189,2.535948661789681,-0.5580282867101717,2.1174361125944667,9.689259228919836e+17,10886739506547.096,1.5609777770634417,-0.6155922355226771,0.9453855415407645
0.15722222222222224,-0.6640298982984454,2.5359701017015546,-0.5580282868218137,2.1176313570362635,9.697348126720104e+17,10960635518462.994,1.5599449079278682,-0.6145593663871035,0.9453855415407648
0.15777777777777777,-0.6640090220511069,2.5359909779488934,-0.5580282869332899,2.1178249635430646,9.705230853801188e+17,11034571722491.371,1.5589120453714373,-0.6135265038306725,0.9453855415407648
0.1583333333333333,-0.6639886947940832,2.5360113052059168,-0.558028287044603,2.1180169533177295,9.712912444053068e+17,11108545008864.354,1.5578791893975863,-0.6124936478568219,0.9453855415407644
0.15888888888888889,-0.6639689022276427,2.5360310977723577,-0.5580282871557557,2.1182073472106144,9.720397819962324e+17,11182552308396.31,1.5568463400094785,-0.6114607984687139,0.9453855415407645
0.15944444444444444,-0.6639496304173209,2.5360503695826795,-0.55802828726675,2.118396165726072,9.727691794488182e+17,11256590592383.367,1.5558134972100048,-0.6104279556692402,0.9453855415407647
0.16,-0.6639308657850151,2.5360691342149853,-0.5580282873775887,2.118583429028736,9.734799072899644e+17,11330656872488.912,1.5547806610017894,-0.6093951194610244,0.9453855415407648
0.16055555555555556,-0.6639125951001787,2.5360874048998214,-0.558028287488274,2.1187691569497824,9.741724254651875e+17,11404748200611.506,1.5537478313871906,-0.6083622898464258,0.9453855415407648
0.1611111111111111,-0.663894805471297,2.5361051945287034,-0.5580282875988081,2.1189533689930022,9.748471835229825e+17,11478861668738.795,1.552715008368308,-0.6073294668275432,0.9453855415407647
0.16166666666666665,-0.663877484337491,2.536122515662509,-0.5580282877091933,2.1191360843408242,9.755046208013248e+17,11552994408786.229,1.5516821919469828,-0.6062966504062183,0.9453855415407645
0.1622222222222222,-0.6638606194603649,2.5361393805396353,-0.5580282878194318,2.1193173218601826,9.761451666116119e+17,11627143592422.3,1.5506493821248035,-0.6052638405840391,0.9453855415407645
0.16277777777777777,-0.6638441989160222,2.5361558010839778,-0.5580282879295253,2.1194971001082856,9.767692404225508e+17,11701306430879.94,1.5496165789031084,-0.604231037362344,0.9453855415407645
0.1633333333333333,-0.6638282110872242,2.536171788912776,-0.5580282880394764,2.119675437338328,9.773772520447547e+17,11775480174754.883,1.5485837822829889,-0.6031982407422244,0.9453855415407645
0.1638888888888889,-0.6638126446557711,2.536187355344229,-0.5580282881492864,2.1198523515050507,9.779696018125588e+17,11849662113792.771,1.547550992265294,-0.6021654507245293,0.9453855415407647
0.16444444444444445,-0.6637974885950272,2.536202511404973,-0.5580282882589579,2.120027860270236,9.785466807659699e+17,11923849576664.234,1.5465182088506326,-0.6011326673098678,0.9453855415407648
0.165,-0.663782732162671,2.536217267837329,-0.5580282883684923,2.120201981008044,9.79108870829179e+17,11998039930729.018,1.5454854320393783,-0.6000998904986132,0.9453855415407648
0.16555555555555554,-0.6637683648935511,2.536231635106449,-0.5580282884778913,2.120374730810321,9.796565449901331e+17,12072230581789.777,1.5444526618316705,-0.5990671202909061,0.9453855415407645
0.1661111111111111,-0.6637543765927816,2.5362456234072184,-0.558028288587157,2.1205461264917282,9.801900674756508e+17,12146418973835.33,1.5434198982274225,-0.5980343566866578,0.9453855415407647
0.16666666666666666,-0.6637407573289198,2.5362592426710804,-0.5580282886962911,2.120716184594861,9.807097939279604e+17,12220602588775.215,1.5423871412263186,-0.5970015996855538,0.9453855415407648
0.16722222222222222,-0.663727497427389,2.5362725025726114,-0.5580282888052949,2.120884921395187,9.812160715761592e+17,12294778946164.168,1.541354390827822,-0.5959688492870572,0.9453855415407648
0.16777777777777778,-0.6637145874639708,2.5362854125360292,-0.5580282889141703,2.1210523529059744,9.817092394091572e+17,12368945602919.559,1.5403216470311771,-0.5949361054904123,0.9453855415407648
0.1683333333333333,-0.6637020182585377,2.5362979817414626,-0.5580282890229188,2.121218494883048,9.821896283432724e+17,12443100153028.896,1.5392889098354114,-0.5939033682946468,0.9453855415407645
0.1688888888888889,-0.6636897808688496,2.536310219131151,-0.5580282891315419,2.1213833628295355,9.826575613911444e+17,12517240227252.059,1.5382561792393417,-0.592870637698577,0.9453855415407645
0.16944444444444445,-0.6636778665845822,2.536322133415418,-0.5580282892400411,2.121546972000441,9.831133538252744e+17,12591363492813.783,1.5372234552415731,-0.591837913700809,0.9453855415407642
0.17,-0.6636662669214177,2.5363337330785827,-0.5580282893484179,2.1217093374072182,9.835573133425548e+17,12665467653092.367,1.5361907378405073,-0.5908051962997429,0.9453855415407645
0.17055555555555552,-0.6636549736153539,2.5363450263846463,-0.5580282894566735,2.1218704738221725,9.839897402236099e+17,12739550447299.02,1.5351580270343415,-0.5897724854935766,0.9453855415407648
0.1711111111111111,-0.6636439786170791,2.536356021382921,-0.5580282895648097,2.122030395782859,9.844109274926738e+17,12813609650154.654,1.534125322821073,-0.5887397812803081,0.9453855415407647
0.17166666666666666,-0.6636332740865485,2.5363667259134517,-0.5580282896728271,2.1221891175963252,9.848211610725972e+17,12887643071557.867,1.5330926251985038,-0.5877070836577392,0.9453855415407645
0.17222222222222222,-0.6636228523876324,2.5363771476123675,-0.5580282897807276,2.1223466533433335,9.852207199398897e+17,12961648556251.213,1.5320599341642418,-0.5866743926234771,0.9453855415407645
0.17277777777777778,-0.6636127060829484,2.536387293917052,-0.5580282898885122,2.1225030168824546,9.856098762752794e+17,13035623983479.65,1.531027249715705,-0.5856417081749401,0.9453855415407648
0.1733333333333333,-0.663602827928771,2.5363971720712293,-0.5580282899961823,2.1226582218541212,9.859888956138052e+17,13109567266647.662,1.5299945718501236,-0.5846090303093591,0.9453855415407645
0.1738888888888889,-0.6635932108701076,2.5364067891298925,-0.5580282901037388,2.1228122816845736,9.863580369908408e+17,13183476352969.66,1.528961900564544,-0.5835763590237796,0.9453855415407645
0.17444444444444446,-0.6635838480358598,2.5364161519641404,-0.5580282902111829,2.122965209589757,9.867175530871492e+17,13257349223119.426,1.5279292358558318,-0.5825436943150673,0.9453855415407647
0.175,-0.6635747327341324,2.5364252672658676,-0.5580282903185161,2.1231170185791135,9.870676903703334e+17,13331183890873.816,1.5268965777206733,-0.5815110361799086,0.9453855415407645
0.17555555555555552,-0.6635658584476338,2.536434141552366,-0.5580282904257389,2.123267721459337,9.874086892348179e+17,13404978402755.799,1.52586392615558,-0.5804783846148155,0.9453855415407645
0.1761111111111111,-0.6635572188292092,2.5364427811707912,-0.5580282905328526,2.123417330838022,9.877407841386852e+17,13478730837672.967,1.5248312811568911,-0.5794457396161266,0.9453855415407645
0.17666666666666667,-0.6635488076974694,2.536451192302531,-0.5580282906398586,2.1235658591272655,9.88064203738586e+17,13552439306555.203,1.5237986427207764,-0.5784131011800117,0.9453855415407647
0.17722222222222223,-0.663540619032537,2.536459380967463,-0.5580282907467572,2.123713318547189,9.883791710219309e+17,13626101951989.309,1.5227660108432381,-0.5773804693024738,0.9453855415407645
0.17777777777777776,-0.6635326469718955,2.5364673530281046,-0.55802829085355,2.1238597211293944,9.886859034367923e+17,13699716947852.398,1.521733385520116,-0.5763478439793513,0.9453855415407648
0.17833333333333332,-0.663524885806337,2.5364751141936632,-0.5580282909602376,2.124005078720358,9.889846130194798e+17,13773282498943.877,1.5207007667470867,-0.5753152252063223,0.9453855415407645
0.17888888888888888,-0.6635173299760191,2.536482670023981,-0.5580282910668212,2.1241494029847505,9.892755065194941e+17,13846796840615.754,1.5196681545196702,-0.5742826129789058,0.9453855415407645
0.17944444444444443,-0.6635099740666108,2.5364900259333893,-0.5580282911733012,2.124292705408703,9.895587855224452e+17,13920258238402.867,1.5186355488332304,-0.5732500072924653,0.9453855415407648
0.18,-0.6635028128055457,2.5364971871944544,-0.558028291279679,2.124434997302998,9.898346465701542e+17,13993664987651.088,1.5176029496829766,-0.5722174081422119,0.9453855415407648
0.18055555555555552,-0.6634958410583551,2.536504158941645,-0.5580282913859551,2.124576289806214,9.901032812789615e+17,14067015413146.768,1.51657035706397,-0.5711848155232052,0.9453855415407648
0.1811111111111111,-0.6634890538251097,2.5365109461748903,-0.5580282914921304,2.12471659388779,9.903648764550828e+17,14140307868743.852,1.5155377709711222,-0.5701522294303575,0.9453855415407645
0.18166666666666667,-0.663482446236932,2.536517553763068,-0.5580282915982058,2.124855920351055,9.906196142083551e+17,14213540736993.342,1.5145051913992007,-0.5691196498584361,0.9453855415407647
0.18222222222222223,-0.6634760135526161,2.536523986447384,-0.558028291704182,2.1249942798361707,9.908676720629687e+17,14286712428770.375,1.51347261834283,-0.5680870768020653,0.9453855415407648
0.18277777777777776,-0.6634697511553119,2.5365302488446884,-0.5580282918100596,2.1251316828230467,9.911092230667073e+17,14359821382904.42,1.5124400517964938,-0.5670545102557292,0.9453855415407647
0.18333333333333332,-0.6634636545493148,2.5365363454506853,-0.5580282919158398,2.1252681396341715,9.913444358971654e+17,14432866065807.037,1.5114074917545388,-0.5660219502137744,0.9453855415407644
0.18388888888888888,-0.6634577193569134,2.536542280643087,-0.5580282920215228,2.1254036604374162,9.915734749665786e+17,14505844971103.77,1.5103749382111766,-0.5649893966704117,0.9453855415407648
0.18444444444444444,-0.6634519413153408,2.5365480586846596,-0.5580282921271096,2.1255382552487547,9.917965005236404e+17,14578756619263.242,1.5093423911604849,-0.5639568496197199,0.9453855415407648
0.185,-0.6634463162737789,2.536553683726221,-0.5580282922326006,2.125671933934963,9.920136687540124e+17,14651599557231.277,1.5083098505964112,-0.5629243090556466,0.9453855415407647
0.18555555555555553,-0.6634408401904628,2.5365591598095376,-0.558028292337997,2.125804706216235,9.922251318778676e+17,14724372358062.285,1.5072773165127757,-0.5618917749720111,0.9453855415407647
0.18611111111111112,-0.6634355091298346,2.5365644908701657,-0.5580282924432988,2.125936581668776,9.924310382461804e+17,14797073620556.107,1.5062447889032722,-0.5608592473625077,0.9453855415407645
0.18666666666666668,-0.6634303192597937,2.5365696807402065,-0.5580282925485069,2.1260675697273226,9.926315324341347e+17,14869701968892.293,1.5052122677614708,-0.5598267262207062,0.9453855415407647
0.18722222222222223,-0.6634252668489935,2.5365747331510065,-0.558028292653622,2.1261976796876336,9.928267553332922e+17,14942256052270.26,1.50417975308082,-0.5587942115400554,0.9453855415407645
0.18777777777777774,-0.6634203482642289,2.5365796517357713,-0.5580282927586444,2.1263269207089146,9.930168442409887e+17,15014734544547.084,1.50314724485465,-0.5577617033138853,0.9453855415407645
0.18833333333333332,-0.6634155599678708,2.5365844400321294,-0.558028292863575,2.1264553018162156,9.932019329485107e+17,15087136143881.445,1.502114743076173,-0.5567292015354085,0.9453855415407645
0.18888888888888888,-0.6634108985153838,2.5365891014846165,-0.5580282929684144,2.1265828319027595,9.933821518266072e+17,15159459572375.457,1.5010822477384875,-0.5556967061977229,0.9453855415407647
0.18944444444444444,-0.6634063605528906,2.5365936394471094,-0.5580282930731627,2.126709519732252,9.935576279097875e+17,15231703575722.83,1.5000497588345785,-0.5546642172938141,0.9453855415407645
0.18999999999999997,-0.6634019428148153,2.5365980571851847,-0.5580282931778208,2.126835373941119,9.93728484978084e+17,15303866922855.291,1.499017276357321,-0.5536317348165564,0.9453855415407648
0.19055555555555553,-0.6633976421215712,2.536602357878429,-0.558028293282389,2.126960403040729,9.938948436375931e+17,15375948405595.33,1.4979848002994807,-0.5525992587587162,0.9453855415407645
0.19111111111111112,-0.6633934553773218,2.5366065446226784,-0.5580282933868679,2.127084615419547,9.940568213986235e+17,15447946838307.586,1.4969523306537171,-0.5515667891129529,0.9453855415407642
0.19166666666666668,-0.6633893795677878,2.5366106204322123,-0.5580282934912582,2.1272080193452667,9.942145327525951e+17,15519861057556.572,1.4959198674125862,-0.5505343258718215,0.9453855415407647
0.1922222222222222,-0.6633854117581204,2.53661458824188,-0.5580282935955599,2.12733062296689,9.943680892467071e+17,15591689921763.543,1.4948874105685392,-0.5495018690277748,0.9453855415407645
0.19277777777777774,-0.6633815490908197,2.5366184509091805,-0.5580282936997738,2.127452434316774,9.945175995573266e+17,15663432310869.31,1.493854960113929,-0.5484694185731644,0.9453855415407647
0.19333333333333333,-0.6633777887837158,2.5366222112162844,-0.5580282938039002,2.1275734613126316,9.94663169561307e+17,15735087125997.023,1.4928225160410082,-0.5474369745002436,0.9453855415407647
0.1938888888888889,-0.6633741281279943,2.5366258718720056,-0.5580282939079396,2.1276937117595014,9.948049024059708e+17,15806653289120.326,1.4917900783419331,-0.5464045368011684,0.9453855415407647
0.19444444444444445,-0.6633705644862783,2.536629435513722,-0.5580282940118926,2.127813193351674,9.949428985772243e+17,15878129742732.477,1.4907576470087647,-0.5453721054680001,0.9453855415407647
0.19499999999999998,-0.6633670952907557,2.5366329047092444,-0.5580282941157593,2.1279319136745825,9.950772559662557e+17,15949515449519.918,1.4897252220334711,-0.5443396804927066,0.9453855415407645
0.19555555555555554,-0.663363718041358,2.5366362819586423,-0.55802829421954,2.128049880206662,9.952080699345636e+17,16020809392037.979,1.4886928034079292,-0.5433072618671646,0.9453855415407645
0.1961111111111111,-0.6633604303039854,2.536639569696015,-0.5580282943232355,2.128167100321164,9.9533543337749e+17,16092010572390.002,1.4876603911239257,-0.5422748495831609,0.9453855415407647
0.19666666666666666,-0.6633572297087754,2.5366427702912246,-0.5580282944268459,2.1282835812879473,9.954594367863012e+17,16163118011910.238,1.486627985173159,-0.5412424436323942,0.9453855415407647
0.19722222222222222,-0.6633541139484206,2.5366458860515797,-0.5580282945303717,2.1283993302752244,9.955801683086908e+17,16234130750848.559,1.485595585547242,-0.5402100440064774,0.9453855415407645
0.19777777777777775,-0.6633510807765244,2.5366489192234756,-0.5580282946338133,2.128514354351285,9.956977138080177e+17,16305047848060.58,1.484563192237703,-0.5391776506969385,0.9453855415407645
0.19833333333333333,-0.6633481280060058,2.5366518719939943,-0.5580282947371707,2.128628660486177,9.958121569208884e+17,16375868380698.207,1.483530805235987,-0.5381452636952222,0.9453855415407648
0.1988888888888889,-0.663345253507539,2.536654746492461,-0.5580282948404447,2.1287422555533624,9.959235791136741e+17,16446591443907.066,1.4824984245334574,-0.537112882992693,0.9453855415407645
0.19944444444444445,-0.6633424552080405,2.53665754479196,-0.5580282949436354,2.1288551463313374,9.960320597372955e+17,16517216150523.049,1.481466050121399,-0.5360805085806343,0.9453855415407647
0.19999999999999998,-0.6633397310891865,2.5366602689108135,-0.558028295046743,2.1289673395052278,9.961376760811213e+17,16587741630777.197,1.4804336819910167,-0.5350481404502521,0.9453855415407647
0.20055555555555554,-0.6633370791859808,2.5366629208140195,-0.558028295149768,2.1290788416683446,9.962405034250854e+17,16658167031998.387,1.4794013201334404,-0.5340157785926757,0.9453855415407648
0.2011111111111111,-0.6633344975853457,2.5366655024146545,-0.5580282952527107,2.129189659323722,9.963406150910714e+17,16728491518325.643,1.4783689645397238,-0.5329834229989591,0.9453855415407645
0.20166666666666666,-0.663331984424764,2.536668015575236,-0.5580282953555713,2.1292997988856146,9.964380824924826e+17,16798714270417.14,1.4773366152008474,-0.5319510736600825,0.9453855415407648
0.2022222222222222,-0.6633295378909432,2.536670462109057,-0.5580282954583502,2.1294092666809785,9.965329751831964e+17,16868834485169.967,1.4763042721077189,-0.5309187305669545,0.9453855415407645
0.20277777777777775,-0.6633271562185263,2.536672843781474,-0.5580282955610474,2.1295180689509094,9.966253609047223e+17,16938851375435.523,1.4752719352511767,-0.5298863937104121,0.9453855415407647
0.20333333333333334,-0.6633248376888248,2.5366751623111754,-0.5580282956636635,2.1296262118520737,9.967153056328212e+17,17008764169746.818,1.474239604621988,-0.5288540630812235,0.9453855415407645
0.2038888888888889,-0.663322580628597,2.5366774193714035,-0.5580282957661988,2.129733701458089,9.968028736223503e+17,17078572112040.262,1.4732072802108536,-0.5278217386700891,0.9453855415407645
0.20444444444444446,-0.6633203834088435,2.5366796165911567,-0.5580282958686533,2.1298405437609027,9.968881274516582e+17,17148274461390.42,1.4721749620084064,-0.5267894204676419,0.9453855415407645
0.20499999999999996,-0.6633182444436515,2.536681755556349,-0.5580282959710272,2.129946744672124,9.969711280652175e+17,17217870491738.488,1.471142650005215,-0.5257571084644503,0.9453855415407647
0.20555555555555555,-0.6633161621890512,2.536683837810949,-0.558028296073321,2.130052310024349,9.970519348158802e+17,17287359491634.148,1.4701103441917833,-0.5247248026510187,0.9453855415407647
0.2061111111111111,-0.6633141351419185,2.5366858648580815,-0.5580282961755348,2.1301572455724416,9.971306055054273e+17,17356740763971.08,1.4690780445585532,-0.5236925030177885,0.9453855415407647
0.20666666666666667,-0.6633121618388915,2.5366878381611087,-0.5580282962776688,2.130261556994816,9.972071964247446e+17,17426013625735.688,1.4680457510959048,-0.5226602095551398,0.945385541540765
0.2072222222222222,-0.6633102408553304,2.5366897591446698,-0.5580282963797234,2.1303652498946626,9.972817623924049e+17,17495177407749.695,1.4670134637941572,-0.5216279222533927,0.9453855415407645
0.20777777777777776,-0.6633083708042886,2.536691629195712,-0.5580282964816986,2.1304683298011877,9.973543567928502e+17,17564231454425.65,1.465981182643573,-0.5205956411028081,0.9453855415407648
0.20833333333333334,-0.6633065503355267,2.5366934496644733,-0.5580282965835947,2.1305708021707943,9.974250316131003e+17,17633175123516.77,1.4649489076343538,-0.5195633660935892,0.9453855415407647
0.2088888888888889,-0.6633047781345375,2.536695221865463,-0.5580282966854119,2.1306726723882754,9.974938374790312e+17,17702007785878.906,1.4639166387566476,-0.5185310972158831,0.9453855415407645
0.20944444444444443,-0.6633030529216096,2.5366969470783904,-0.5580282967871504,2.130773945767953,9.975608236902941e+17,17770728825227.867,1.4628843760005452,-0.5174988344597805,0.9453855415407647
0.20999999999999996,-0.6633013734509047,2.5366986265490956,-0.5580282968888105,2.130874627554822,9.97626038254768e+17,17839337637907.504,1.4618521193560834,-0.5164665778153188,0.9453855415407645
0.21055555555555555,-0.6632997385095671,2.536700261490433,-0.5580282969903921,2.130974722925656,9.976895279217951e+17,17907833632654.836,1.4608198688132465,-0.5154343272724817,0.9453855415407648
0.2111111111111111,-0.6632981469168515,2.536701853083149,-0.5580282970918958,2.131074236990104,9.977513382148696e+17,17976216230373.71,1.4597876243619656,-0.514402082821201,0.9453855415407647
0.21166666666666667,-0.6632965975232761,2.536703402476724,-0.5580282971933215,2.1311731747917566,9.978115134632824e+17,18044484863907.945,1.4587553859921216,-0.5133698444513574,0.9453855415407644
0.2122222222222222,-0.6632950892097997,2.5367049107902004,-0.5580282972946693,2.1312715413091974,9.978700968330214e+17,18112638977818.33,1.4577231536935462,-0.5123376121527814,0.9453855415407648
0.21277777777777776,-0.663293620887017,2.5367063791129834,-0.5580282973959394,2.1313693414570354,9.979271303569518e+17,18180678028164.805,1.45669092745602,-0.5113053859152552,0.9453855415407647
0.21333333333333332,-0.6632921914943755,2.536707808505625,-0.5580282974971323,2.131466580086921,9.979826549642355e+17,18248601482291.242,1.4556587072692775,-0.5102731657285127,0.9453855415407648
0.21388888888888888,-0.6632907999994107,2.5367092000005895,-0.5580282975982479,2.1315632619885445,9.980367105090597e+17,18316408818615.395,1.4546264931230057,-0.5092409515822409,0.9453855415407648
0.2144444444444444,-0.663289445397008,2.536710554602992,-0.5580282976992862,2.1316593918906097,9.980893357984499e+17,18384099526417.684,1.4535942850068455,-0.5082087434660809,0.9453855415407645
0.21499999999999997,-0.6632881267086768,2.536711873291323,-0.5580282978002478,2.131754974461796,9.98140568619626e+17,18451673105638.938,1.4525620829103931,-0.5071765413696288,0.9453855415407645
0.21555555555555556,-0.6632868429818494,2.5367131570181507,-0.5580282979011323,2.1318500143116985,9.98190445766365e+17,18519129066674.45,1.4515298868232012,-0.5061443452824368,0.9453855415407645
0.21611111111111111,-0.6632855932891935,2.5367144067108067,-0.5580282980019402,2.131944515991756,9.982390030650277e+17,18586466930179.1,1.4504976967347782,-0.5051121551940136,0.9453855415407647
0.21666666666666667,-0.6632843767279486,2.536715623272052,-0.5580282981026716,2.132038483996152,9.98286275399564e+17,18653686226867.01,1.4494655126345908,-0.5040799710938263,0.9453855415407645
0.2172222222222222,-0.6632831924192719,2.5367168075807283,-0.5580282982033264,2.1321319227627185,9.983322967362465e+17,18720786497323.445,1.4484333345120648,-0.5030477929713001,0.9453855415407647
0.21777777777777776,-0.6632820395076116,2.5367179604923886,-0.5580282983039052,2.1322248366737973,9.983771001474063e+17,18787767291810.453,1.4474011623565848,-0.5020156208158201,0.9453855415407648
0.21833333333333332,-0.6632809171600846,2.5367190828399155,-0.5580282984044076,2.1323172300571147,9.984207178349236e+17,18854628170084.992,1.4463689961574961,-0.5009834546167318,0.9453855415407645
0.21888888888888888,-0.6632798245658842,2.536720175434116,-0.5580282985048342,2.132409107186611,9.984631811527672e+17,18921368701210.82,1.445336835904106,-0.4999512943633415,0.9453855415407645
0.21944444444444441,-0.6632787609356893,2.536721239064311,-0.5580282986051848,2.1325004722832848,9.985045206292861e+17,18987988463382.258,1.4443046815856828,-0.4989191400449182,0.9453855415407645
0.21999999999999997,-0.6632777255011015,2.5367222744988984,-0.5580282987054597,2.132591329515993,9.985447659886281e+17,19054487043742.836,1.4432725331914582,-0.4978869916506932,0.945385541540765
0.22055555555555556,-0.6632767175140883,2.536723282485912,-0.5580282988056589,2.132681683002263,9.985839461718708e+17,19120864038213.934,1.4422403907106267,-0.49685484916986217,0.9453855415407645
0.22111111111111112,-0.6632757362464464,2.5367242637535536,-0.5580282989057824,2.13277153680907,9.986220893573979e+17,19187119051320.574,1.4412082541323483,-0.49582271259158395,0.9453855415407645
0.22166666666666668,-0.6632747809892758,2.5367252190107243,-0.5580282990058304,2.132860894953613,9.986592229808878e+17,19253251696023.793,1.4401761234457484,-0.4947905819049838,0.9453855415407647
0.22222222222222218,-0.6632738510524738,2.536726148947526,-0.5580282991058032,2.132949761404058,9.986953737545871e+17,19319261593549.75,1.4391439986399173,-0.49375845709915256,0.9453855415407647
0.22277777777777777,-0.663272945764235,2.536727054235765,-0.5580282992057009,2.1330381400802927,9.987305676863046e+17,19385148373228.195,1.438111879703912,-0.4927263381631475,0.9453855415407645
0.22333333333333333,-0.6632720644705649,2.536727935529435,-0.5580282993055232,2.1331260348546603,9.98764830097964e+17,19450911672335.836,1.4370797666267574,-0.491694225085993,0.9453855415407645
0.2238888888888889,-0.6632712065348096,2.5367287934651905,-0.5580282994052708,2.1332134495526756,9.98798185643513e+17,19516551135936.49,1.4360476593974467,-0.49066211785668223,0.9453855415407645
0.22444444444444442,-0.6632703713371948,2.5367296286628056,-0.558028299504943,2.1333003879537378,9.988306583265042e+17,19582066416729.297,1.4350155580049413,-0.4896300164641766,0.9453855415407648
0.22499999999999998,-0.6632695582743817,2.5367304417256182,-0.5580282996045407,2.133386853791812,9.988622715170468e+17,19647457174892.95,1.433983462438172,-0.48859792089740733,0.9453855415407645
0.22555555555555556,-0.6632687667590285,2.536731233240972,-0.5580282997040635,2.1334728507561262,9.988930479685272e+17,19712723077940.26,1.43295137268604,-0.487565831145275,0.9453855415407648
0.22611111111111112,-0.6632679962193702,2.53673200378063,-0.5580282998035115,2.1335583824918225,9.989230098336646e+17,19777863800566.91,1.4319192887374166,-0.48653374719665204,0.9453855415407645
0.22666666666666663,-0.6632672460988032,2.5367327539011972,-0.558028299902885,2.133643452600632,9.989521786803954e+17,19842879024511.707,1.4308872105811457,-0.48550166904038117,0.9453855415407645
0.2272222222222222,-0.6632665158554863,2.5367334841445137,-0.5580283000021841,2.1337280646415038,9.989805755071004e+17,19907768438410.402,1.4298551382060425,-0.4844695966652777,0.9453855415407647
0.22777777777777777,-0.6632658049619478,2.5367341950380524,-0.5580283001014088,2.1338122221312563,9.990082207576721e+17,19972531737660.67,1.428823071600894,-0.4834375300601293,0.9453855415407647
0.22833333333333333,-0.6632651129047057,2.5367348870952946,-0.558028300200559,2.133895928545187,9.990351343359784e+17,20037168624281.71,1.4277910107544618,-0.48240546921369704,0.9453855415407647
0.2288888888888889,-0.6632644391838972,2.536735560816103,-0.5580283002996349,2.133979187317693,9.990613356201284e+17,20101678806782.996,1.42675895565548,-0.48137341411471557,0.9453855415407645
0.22944444444444442,-0.6632637833129184,2.536736216687082,-0.5580283003986366,2.1340620018428704,9.990868434762321e+17,20166062000030.188,1.4257269062926587,-0.4803413647518939,0.9453855415407648
0.22999999999999998,-0.6632631448180744,2.5367368551819256,-0.5580283004975642,2.1341443754750977,9.991116762717832e+17,20230317925112.125,1.4246948626546805,-0.479309321113916,0.9453855415407645
0.23055555555555557,-0.66326252323824,2.5367374767617603,-0.5580283005964178,2.134226311529615,9.991358518887141e+17,20294446309211.18,1.423662824730206,-0.4782772831894414,0.9453855415407645
0.2311111111111111,-0.6632619181245223,2.5367380818754777,-0.5580283006951974,2.134307813283101,9.991593877362912e+17,20358446885483.734,1.4226307925078698,-0.47724525096710535,0.9453855415407645
0.23166666666666663,-0.6632613290399358,2.536738670960064,-0.5580283007939031,2.1343888839742458,9.991823007636125e+17,20422319392940.113,1.421598765976284,-0.4762132244355198,0.9453855415407645
0.2322222222222222,-0.6632607555590883,2.536739244440912,-0.5580283008925349,2.1344695268042915,9.992046074716497e+17,20486063576321.594,1.4205667451240385,-0.4751812035832737,0.9453855415407647
0.23277777777777778,-0.6632601972678713,2.5367398027321286,-0.5580283009910929,2.134549744937585,9.992263239251195e+17,20549679185985.88,1.4195347299396979,-0.4741491883989334,0.9453855415407645
0.23333333333333334,-0.6632596537631638,2.5367403462368365,-0.558028301089577,2.134629541502105,9.992474657638892e+17,20613165977787.43,1.4185027204118084,-0.47311717887104365,0.9453855415407648
0.2338888888888889,-0.6632591246525383,2.536740875347462,-0.5580283011879876,2.1347089195899867,9.99268048214245e+17,20676523712967.82,1.4174707165288918,-0.47208517498812724,0.9453855415407645
0.23444444444444443,-0.6632586095539799,2.5367413904460205,-0.5580283012863244,2.1347878822580397,9.992880860997087e+17,20739752158040.285,1.416438718279451,-0.4710531767386863,0.9453855415407647
0.235,-0.6632581080956084,2.536741891904392,-0.5580283013845879,2.134866432528253,9.993075938517155e+17,20802851084684.027,1.4154067256519671,-0.4700211841112024,0.9453855415407647
0.23555555555555555,-0.6632576199154108,2.5367423800845894,-0.5580283014827778,2.1349445733882924,9.993265855198871e+17,20865820269633.52,1.4143747386349015,-0.46898919709413683,0.9453855415407645
0.2361111111111111,-0.6632571446609788,2.536742855339021,-0.5580283015808941,2.135022307791991,9.993450747821449e+17,20928659494575.89,1.4133427572166957,-0.46795721567593124,0.9453855415407645
0.23666666666666664,-0.6632566819892565,2.5367433180107435,-0.5580283016789374,2.135099638659827,9.993630749544403e+17,20991368546043.754,1.4123107813857727,-0.4669252398450082,0.9453855415407645
0.2372222222222222,-0.6632562315662945,2.5367437684337055,-0.5580283017769069,2.13517656887938,9.993805990001489e+17,21053947215305.324,1.411278811130536,-0.4658932695897714,0.9453855415407648
0.23777777777777778,-0.6632557930670073,2.536744206932993,-0.5580283018748031,2.13525310130581,9.993976595395064e+17,21116395298272.195,1.4102468464393711,-0.46486130489860644,0.9453855415407647
0.23833333333333334,-0.6632553661749354,2.536744633825065,-0.5580283019726263,2.135329238762319,9.994142688587094e+17,21178712595404.168,1.4092148873006451,-0.46382934575988044,0.9453855415407647
0.2388888888888889,-0.663254950582016,2.536745049417984,-0.5580283020703762,2.1354049840406035,9.994304389187583e+17,21240898911616.01,1.408182933702708,-0.4627973921619432,0.9453855415407648
0.23944444444444443,-0.6632545459883616,2.5367454540116388,-0.5580283021680528,2.135480339901296,9.99446181363998e+17,21302954056180.562,1.4071509856338924,-0.4617654440931279,0.9453855415407645
0.24,-0.6632541521020426,2.5367458478979574,-0.5580283022656565,2.135555309074396,9.99461507530528e+17,21364877842640.324,1.4061190430825146,-0.46073350154174986,0.9453855415407648
0.24055555555555552,-0.6632537686388762,2.536746231361124,-0.5580283023631869,2.1356298942597043,9.994764284542755e+17,21426670088713.566,1.4050871060368737,-0.459701564496109,0.9453855415407647
0.2411111111111111,-0.6632533953222207,2.5367466046777793,-0.5580283024606444,2.1357040981272384,9.994909548789792e+17,21488330616209.434,1.4040551744852534,-0.4586696329444885,0.9453855415407648
0.24166666666666664,-0.663253031882777,2.5367469681172232,-0.5580283025580289,2.1357779233176455,9.995050972638546e+17,21549859250937.977,1.403023248415921,-0.45763770687515637,0.9453855415407647
0.24222222222222223,-0.6632526780583912,2.536747321941609,-0.5580283026553403,2.1358513724426134,9.995188657911452e+17,21611255822627.914,1.4019913278171294,-0.45660578627636494,0.9453855415407645
0.2427777777777778,-0.6632523335938685,2.5367476664061317,-0.5580283027525789,2.135924448085266,9.995322703733994e+17,21672520164840.3,1.400959412677116,-0.4555738711363517,0.9453855415407644
0.24333333333333332,-0.6632519982407905,2.53674800175921,-0.5580283028497447,2.135997152800538,9.995453206604498e+17,21733652114876.67,1.3999275029841043,-0.45454196144333964,0.9453855415407645
0.24388888888888885,-0.6632516717573345,2.5367483282426657,-0.5580283029468375,2.136069489115573,9.995580260464106e+17,21794651513702.44,1.398895598726302,-0.45351005718553716,0.9453855415407648
0.24444444444444444,-0.6632513539080962,2.5367486460919038,-0.5580283030438575,2.1361414595301094,9.995703956765427e+17,21855518205875.152,1.3978636998919036,-0.45247815835113886,0.9453855415407648
0.245,-0.6632510444639182,2.536748955536082,-0.5580283031408049,2.136213066516863,9.995824384538515e+17,21916252039469.973,1.3968318064690906,-0.45144626492832557,0.9453855415407648
0.24555555555555553,-0.663250743201726,2.536749256798274,-0.5580283032376793,2.1362843125218847,9.99594163045457e+17,21976852866001.29,1.3957999184460292,-0.45041437690526465,0.9453855415407647
0.2461111111111111,-0.6632504499043644,2.5367495500956356,-0.5580283033344812,2.1363551999649357,9.99605577888876e+17,22037320540352.273,1.3947680358108754,-0.44938249427011084,0.9453855415407645
0.24666666666666665,-0.6632501643604429,2.536749835639557,-0.5580283034312102,2.1364257312398323,9.996166911980328e+17,22097654920698.82,1.3937361585517702,-0.44835061701100554,0.9453855415407648
0.24722222222222223,-0.6632498863641809,2.5367501136358195,-0.5580283035278668,2.1364959087148043,9.996275109692306e+17,22157855868442.086,1.3927042866568429,-0.4473187451160781,0.9453855415407647
0.2477777777777778,-0.6632496157152599,2.5367503842847405,-0.5580283036244508,2.136565734732833,9.996380449868543e+17,22217923248135.875,1.39167242011421,-0.44628687857344557,0.9453855415407645
0.24833333333333332,-0.663249352218678,2.5367506477813224,-0.5580283037209619,2.1366352116119964,9.996483008290061e+17,22277856927420.742,1.3906405589119775,-0.44525501737121304,0.9453855415407645
0.24888888888888885,-0.6632490956846121,2.536750904315388,-0.5580283038174007,2.136704341645788,9.996582858728516e+17,22337656776947.176,1.3896087030382385,-0.4442231614974738,0.9453855415407645
0.24944444444444444,-0.663248845928282,2.5367511540717183,-0.5580283039137668,2.136773127103435,9.99668007299856e+17,22397322670303.605,1.3885768524810747,-0.44319131094031017,0.9453855415407645
0.25,-0.6632486027698123,2.536751397230188,-0.5580283040100605,2.136841570230243,9.996774721011406e+17,22456854483966.855,1.3875450072285573,-0.4421594656877928,0.9453855415407645
0.25055555555555553,-0.6632483660341019,2.536751633965898,-0.5580283041062817,2.136909673247913,9.996866870825097e+17,22516252097238.957,1.3865131672687467,-0.44112762572798214,0.9453855415407647
0.2511111111111111,-0.6632481355506971,2.536751864449303,-0.5580283042024304,2.1369774383548616,9.996956588693923e+17,22575515392188.273,1.3854813325896922,-0.4400957910489273,0.9453855415407648
0.25166666666666665,-0.6632479111536691,2.536752088846331,-0.5580283042985068,2.1370448677265195,9.997043939115692e+17,22634644253586.234,1.3844495031794324,-0.4390639616386678,0.9453855415407645
0.25222222222222224,-0.663247692681493,2.5367523073185074,-0.5580283043945106,2.1371119635156415,9.997128984878618e+17,22693638568851.594,1.3834176790259969,-0.4380321374852322,0.9453855415407647
0.2527777777777777,-0.6632474799769319,2.536752520023068,-0.5580283044904423,2.1371787278526,9.997211787106228e+17,22752498227989.457,1.3823858601174046,-0.4370003185766399,0.9453855415407648
0.2533333333333333,-0.6632472728869216,2.5367527271130785,-0.5580283045863013,2.1372451628456846,9.997292405301702e+17,22811223123537.43,1.3813540464416647,-0.4359685049009001,0.9453855415407645
0.2538888888888889,-0.6632470712624625,2.5367529287375374,-0.5580283046820881,2.1373112705813813,9.997370897390406e+17,22869813150507.09,1.3803222379867777,-0.434936696446013,0.9453855415407645
0.2544444444444444,-0.6632468749585132,2.536753125041487,-0.5580283047778026,2.137377053124643,9.997447319760421e+17,22928268206315.586,1.3792904347407338,-0.43390489319996917,0.9453855415407645
0.255,-0.6632466838338854,2.5367533161661147,-0.5580283048734449,2.137442512519171,9.997521727303615e+17,22986588190736.477,1.3782586366915146,-0.4328730951507501,0.9453855415407645
0.25555555555555554,-0.6632464977511385,2.5367535022488616,-0.5580283049690148,2.1375076507877098,9.997594173456337e+17,23044773005858.195,1.3772268438270936,-0.4318413022863291,0.9453855415407645
0.2561111111111111,-0.6632463165764804,2.5367536834235196,-0.5580283050645126,2.1375724699323144,9.997664710238173e+17,23102822556035.395,1.3761950561354346,-0.4308095145946701,0.9453855415407645
0.25666666666666665,-0.6632461401796698,2.5367538598203305,-0.558028305159938,2.1376369719346227,9.997733388289174e+17,23160736747836.387,1.3751632736044936,-0.4297777320637291,0.9453855415407645
0.25722222222222224,-0.6632459684339231,2.536754031566077,-0.5580283052552911,2.137701158756112,9.997800256906724e+17,23218515489997.254,1.3741314962222182,-0.4287459546814537,0.9453855415407645
0.2577777777777777,-0.6632458012158222,2.5367541987841777,-0.5580283053505721,2.137765032338362,9.997865364080735e+17,23276158693371.07,1.3730997239765483,-0.42771418243578374,0.9453855415407645
0.2583333333333333,-0.6632456384052248,2.5367543615947756,-0.558028305445781,2.13782859460331,9.997928756528556e+17,23333666270883.64,1.372067956855415,-0.4266824153146507,0.9453855415407644
0.2588888888888889,-0.6632454798851783,2.5367545201148216,-0.5580283055409179,2.137891847453494,9.997990479728454e+17,23391038137485.13,1.3710361948467436,-0.4256506533059789,0.9453855415407645
0.2594444444444444,-0.6632453255418375,2.536754674458163,-0.5580283056359823,2.1379547927722893,9.998050577951368e+17,23448274210091.273,1.37000443793845,-0.424618896397685,0.9453855415407648
0.26,-0.6632451752643828,2.5367548247356173,-0.5580283057309746,2.138017432424143,9.998109094292758e+17,23505374407538.504,1.3689726861184428,-0.4235871445776784,0.9453855415407645
0.26055555555555554,-0.6632450289449363,2.536754971055064,-0.5580283058258949,2.138079768254839,9.998166070705123e+17,23562338650555.14,1.3679409393746258,-0.42255539783386115,0.9453855415407647
0.2611111111111111,-0.6632448864784837,2.5367551135215165,-0.5580283059207432,2.138141802091731,9.998221548028294e+17,23619166861722.195,1.366909197694893,-0.42152365615412857,0.9453855415407645
0.26166666666666666,-0.6632447477627983,2.536755252237202,-0.5580283060155192,2.1382035357439744,9.998275566018863e+17,23675858965429.574,1.3658774610671338,-0.42049191952636916,0.9453855415407647
0.26222222222222225,-0.6632446126983669,2.5367553873016333,-0.5580283061102235,2.1382649710027586,9.998328163379031e+17,23732414887838.574,1.3648457294792293,-0.4194601879384646,0.9453855415407648
0.2627777777777777,-0.6632444811883176,2.536755518811683,-0.5580283062048552,2.138326109641527,9.998379377784289e+17,23788834556839.652,1.3638140029190549,-0.41842846137829043,0.9453855415407645
0.2633333333333333,-0.663244353138351,2.536755646861649,-0.5580283062994154,2.1383869534162008,9.998429245910902e+17,23845117902016.14,1.36278228137448,-0.41739673983371545,0.9453855415407647
0.2638888888888889,-0.6632442284566702,2.53675577154333,-0.5580283063939031,2.138447504065395,9.998477803461962e+17,23901264854601.836,1.361750564833367,-0.4163650232926023,0.9453855415407645
0.2644444444444444,-0.6632441070539203,2.53675589294608,-0.5580283064883191,2.1385077633106038,9.998525085191931e+17,23957275347424.883,1.3607188532835726,-0.4153333117428081,0.9453855415407645
0.265,-0.6632439888431192,2.536756011156881,-0.558028306582663,2.138567732856432,9.998571124932737e+17,24013149314883.695,1.3596871467129479,-0.41430160517218323,0.9453855415407645
0.26555555555555554,-0.6632438737395943,2.536756126260406,-0.5580283066769349,2.138627414390814,9.998615955618752e+17,24068886692920.965,1.3586554451093378,-0.41326990356857307,0.9453855415407647
0.26611111111111113,-0.6632437616609201,2.53675623833908,-0.558028306771135,2.1386868095852223,9.99865960931085e+17,24124487418991.066,1.3576237484605815,-0.4122382069198169,0.9453855415407647
0.26666666666666666,-0.6632436525268592,2.536756347473141,-0.5580283068652628,2.1387459200948653,9.998702117219284e+17,24179951432023.688,1.3565920567545133,-0.4112065152137488,0.9453855415407645
0.26722222222222214,-0.6632435462593045,2.5367564537406957,-0.5580283069593189,2.138804747558889,9.998743509726433e+17,24235278672393.19,1.355560369978962,-0.4101748284381973,0.9453855415407647
0.2677777777777777,-0.6632434427822216,2.5367565572177786,-0.5580283070533031,2.138863293600573,9.998783816408621e+17,24290469081883.793,1.35452868812175,-0.40914314658098555,0.9453855415407645
0.2683333333333333,-0.6632433420215951,2.536756657978405,-0.5580283071472152,2.1389215598275224,9.998823066057463e+17,24345522603658.973,1.3534970111706965,-0.408111469629932,0.9453855415407645
0.2688888888888889,-0.6632432439053766,2.536756756094624,-0.5580283072410553,2.138979547831837,9.998861286699753e+17,24400439182212.234,1.3524653391136143,-0.4070797975728496,0.9453855415407647
0.26944444444444443,-0.663243148363434,2.536756851636566,-0.5580283073348238,2.139037259190297,9.998898505617482e+17,24455218763334.348,1.3514336719383118,-0.40604813039754706,0.9453855415407648
0.27,-0.6632430553274957,2.5367569446725042,-0.5580283074285202,2.1390946954645713,9.99893474936896e+17,24509861294103.53,1.3504020096325922,-0.4050164680918277,0.9453855415407645
0.27055555555555555,-0.6632429647311033,2.536757035268897,-0.5580283075221448,2.1391518582013997,9.998970043807803e+17,24564366722855.703,1.3493703521842553,-0.40398481064349057,0.9453855415407648
0.27111111111111114,-0.6632428765095333,2.536757123490467,-0.5580283076156974,2.1392087489330227,9.999004414112928e+17,24618734999370.562,1.3483386995810944,-0.40295315804032994,0.9453855415407645
0.27166666666666667,-0.663242790599791,2.5367572094002093,-0.5580283077091782,2.1392653691770236,9.999037884791082e+17,24672966074561.0,1.3473070518109007,-0.4019215102701361,0.9453855415407647
0.27222222222222214,-0.6632427069407953,2.536757293059205,-0.558028307802587,2.139321720434437,9.999070479604815e+17,24727059898680.227,1.3462754088614588,-0.4008898673206939,0.9453855415407648
0.27277777777777773,-0.663242625472478,2.536757374527522,-0.5580283078959243,2.1393778041974962,9.999102221923197e+17,24781016427757.453,1.3452437707205505,-0.3998582291797858,0.9453855415407647
0.2733333333333333,-0.6632425461371663,2.536757453862834,-0.5580283079891895,2.1394336219371635,9.999133134183269e+17,24834835612779.297,1.3442121373759524,-0.3988265958351881,0.9453855415407642
0.2738888888888889,-0.663242468877934,2.536757531122066,-0.5580283080823829,2.139489175117665,9.999163238532207e+17,24888517411966.316,1.3431805088154394,-0.3977949672746747,0.9453855415407647
0.27444444444444444,-0.6632423936400156,2.5367576063599846,-0.5580283081755045,2.1395444651834956,9.999192556276742e+17,24942061779445.324,1.3421488850267793,-0.3967633434860148,0.9453855415407647
0.275,-0.663242320369682,2.536757679630318,-0.5580283082685543,2.139599493569488,9.999221108320522e+17,24995468673758.074,1.3411172659977384,-0.3957317244569736,0.9453855415407648
0.27555555555555555,-0.6632422490147645,2.5367577509852355,-0.5580283083615323,2.139654261695806,9.999248914960499e+17,25048738053382.55,1.340085651716078,-0.3947001101753134,0.9453855415407645
0.2761111111111111,-0.6632421795246337,2.5367578204753665,-0.5580283084544384,2.1397087709678493,9.999275995894865e+17,25101869876468.89,1.3390540421695563,-0.3936685006287917,0.9453855415407647
0.27666666666666667,-0.6632421118495961,2.536757888150404,-0.5580283085472728,2.139763022781952,9.999302370457934e+17,25154864105677.03,1.3380224373459282,-0.3926368958051637,0.9453855415407645
0.27722222222222215,-0.6632420459418662,2.536757954058134,-0.5580283086400353,2.139817018515612,9.999328057241862e+17,25207720699440.793,1.3369908372329442,-0.3916052956921797,0.9453855415407645
0.27777777777777773,-0.6632419817542636,2.5367580182457363,-0.558028308732726,2.139870759540266,9.999353074603571e+17,25260439623061.28,1.3359592418183526,-0.3905737002775881,0.9453855415407645
0.2783333333333333,-0.6632419192414887,2.5367580807585117,-0.5580283088253453,2.139924247208243,9.999377440168424e+17,25313020837034.633,1.3349276510898973,-0.38954210954913265,0.9453855415407645
0.2788888888888889,-0.6632418583589615,2.5367581416410387,-0.5580283089178923,2.139977482864402,9.999401171281699e+17,25365464307208.156,1.3338960650353195,-0.38851052349455484,0.9453855415407647
0.27944444444444444,-0.6632417990635522,2.5367582009364478,-0.5580283090103678,2.1400304678384416,9.999424284725024e+17,25417769997803.508,1.3328644836423573,-0.3874789421015926,0.9453855415407647
0.28,-0.6632417413132559,2.5367582586867443,-0.5580283091027716,2.1400832034480395,9.999446796842153e+17,25469937874055.598,1.331832906898745,-0.38644736535798047,0.9453855415407645
0.28055555555555556,-0.6632416850669638,2.5367583149330364,-0.5580283091951036,2.140135691001217,9.99946872362845e+17,25521967904207.0,1.3308013347922154,-0.3854157932514509,0.9453855415407645
0.2811111111111111,-0.6632416302850708,2.5367583697149296,-0.5580283092873639,2.1401879317894603,9.999490080494335e+17,25573860053160.504,1.3297697673104967,-0.38438422576973214,0.9453855415407645
0.2816666666666667,-0.6632415769284945,2.5367584230715057,-0.5580283093795523,2.1402399270984294,9.999510882646792e+17,25625614292014.11,1.3287382044413154,-0.3833526629005509,0.9453855415407645
0.28222222222222215,-0.6632415249597405,2.5367584750402594,-0.558028309471669,2.1402916781958137,9.99953114467528e+17,25677230586919.29,1.3277066461723943,-0.38232110463162994,0.9453855415407644
0.28277777777777774,-0.6632414743418451,2.536758525658155,-0.5580283095637142,2.1403431863431748,9.999550880962892e+17,25728708909699.734,1.3266750924914548,-0.38128955095069006,0.9453855415407645
0.2833333333333333,-0.6632414250391291,2.536758574960871,-0.5580283096556875,2.1403944527870853,9.999570105392695e+17,25780049229648.1,1.325643543386214,-0.3802580018454493,0.9453855415407645
0.2838888888888889,-0.6632413770167603,2.53675862298324,-0.5580283097475891,2.1404454787640415,9.99958883151853e+17,25831251517867.71,1.3246119988443872,-0.3792264573036224,0.9453855415407647
0.28444444444444444,-0.6632413302407214,2.536758669759279,-0.5580283098394191,2.140496265500748,9.999607072577325e+17,25882315747422.29,1.3235804588536877,-0.37819491731292293,0.9453855415407647
0.285,-0.6632412846781897,2.5367587153218105,-0.5580283099311771,2.140546814209248,9.99962484134095e+17,25933241888698.938,1.322548923401825,-0.37716338186106035,0.9453855415407647
0.28555555555555556,-0.6632412402967979,2.5367587597032024,-0.5580283100228637,2.1405971260959458,9.999642150404439e+17,25984029917631.598,1.3215173924765078,-0.3761318509357431,0.9453855415407648
0.2861111111111111,-0.6632411970654994,2.536758802934501,-0.5580283101144784,2.1406472023505523,9.999659011848822e+17,26034679805314.11,1.320485866065441,-0.3751003245246764,0.9453855415407647
0.2866666666666667,-0.6632411549536605,2.5367588450463394,-0.5580283102060215,2.1406970441574664,9.999675437594717e+17,26085191528464.875,1.3194543441563285,-0.37406880261556374,0.9453855415407648
0.28722222222222216,-0.66324111393175,2.53675888606825,-0.558028310297493,2.1407466526867336,9.99969143913363e+17,26135565060863.895,1.3184228267368705,-0.37303728519610596,0.9453855415407647
0.28777777777777774,-0.6632410739708992,2.5367589260291012,-0.5580283103888928,2.1407960290995938,9.999707027699438e+17,26185800378417.6,1.3173913137947664,-0.37200577225400167,0.9453855415407645
0.28833333333333333,-0.6632410350429454,2.5367589649570546,-0.5580283104802208,2.140845174547809,9.999722214251205e+17,26235897458418.836,1.3163598053177128,-0.3709742637769481,0.9453855415407648
0.28888888888888886,-0.6632409971206961,2.536759002879304,-0.5580283105714772,2.1408940901698594,9.999737009370726e+17,26285856275821.066,1.315328301293404,-0.36994275975263924,0.9453855415407647
0.28944444444444445,-0.6632409601773426,2.5367590398226576,-0.5580283106626618,2.1409427770989002,9.999751423490298e+17,26335676810663.016,1.3142968017095327,-0.3689112601687681,0.9453855415407647
0.29,-0.6632409241871741,2.5367590758128262,-0.5580283107537749,2.1409912364525963,9.999765466615319e+17,26385359038296.12,1.3132653065537894,-0.367879765013025,0.9453855415407645
0.29055555555555557,-0.6632408891248118,2.536759110875188,-0.5580283108448164,2.141039469343826,9.999779148621765e+17,26434902939454.5,1.3122338158138633,-0.36684827427309863,0.9453855415407647
0.2911111111111111,-0.6632408549658005,2.5367591450341997,-0.558028310935786,2.141087476872035,9.999792479026303e+17,26484308491892.062,1.3112023294774406,-0.36581678793667616,0.9453855415407645
0.2916666666666667,-0.6632408216862276,2.5367591783137726,-0.5580283110266842,2.1411352601286096,9.999805467134719e+17,26533575675405.367,1.3101708475322063,-0.36478530599144177,0.9453855415407645
0.29222222222222216,-0.6632407892627655,2.5367592107372348,-0.5580283111175106,2.1411828201961476,9.999818122024794e+17,26582704471032.13,1.309139369965844,-0.3637538284250794,0.9453855415407645
0.29277777777777775,-0.6632407576728946,2.5367592423271055,-0.5580283112082653,2.1412301581448787,9.999830452460328e+17,26631694857480.195,1.3081078967660345,-0.3627223552252699,0.9453855415407645
0.29333333333333333,-0.6632407268944069,2.5367592731055932,-0.5580283112989484,2.1412772750401965,9.999842467083579e+17,26680546818304.6,1.3070764279204579,-0.36169088637969343,0.9453855415407644
0.29388888888888887,-0.6632406969060081,2.536759303093992,-0.5580283113895599,2.1413241719330682,9.999854174181553e+17,26729260332501.996,1.3060449634167923,-0.3606594218760278,0.9453855415407645
0.29444444444444445,-0.6632406676866804,2.53675933231332,-0.5580283114800998,2.1413708498700035,9.999865581933467e+17,26777835384088.152,1.305013503242714,-0.3596279617019493,0.9453855415407647
0.295,-0.6632406392161622,2.536759360783838,-0.558028311570568,2.1414173098852025,9.999876698224419e+17,26826271954349.164,1.3039820473858976,-0.3585965058451329,0.9453855415407647
0.29555555555555557,-0.6632406114746562,2.536759388525344,-0.5580283116609646,2.1414635530051305,9.999887530758712e+17,26874570026194.117,1.3029505958340166,-0.357565054293252,0.9453855415407647
0.2961111111111111,-0.6632405844428308,2.536759415557169,-0.5580283117512896,2.1415095802484427,9.999898087059628e+17,26922729583994.043,1.301919148574743,-0.3565336070339785,0.9453855415407645
0.2966666666666667,-0.6632405581020425,2.5367594418979578,-0.5580283118415428,2.141555392621976,9.999908374382538e+17,26970750609524.297,1.300887705595747,-0.35550216405498225,0.9453855415407647
0.29722222222222217,-0.6632405324338928,2.5367594675661076,-0.5580283119317246,2.1416009911283207,9.999918399887668e+17,27018633089342.027,1.2998562668846974,-0.35447072534393287,0.9453855415407645
0.29777777777777775,-0.6632405074207426,2.5367594925792574,-0.5580283120218348,2.141646376756625,9.999928170439583e+17,27066377005585.883,1.2988248324292617,-0.3534392908884973,0.9453855415407645
0.29833333333333334,-0.6632404830451922,2.536759516954808,-0.5580283121118732,2.1416915504917093,9.999937692809659e+17,27113982344912.414,1.2977934022171065,-0.3524078606763419,0.9453855415407645
0.29888888888888887,-0.6632404592904454,2.536759540709555,-0.55802831220184,2.141736513307391,9.999946973534676e+17,27161449091774.66,1.2967619762358962,-0.35137643469513163,0.9453855415407647
0.29944444444444446,-0.6632404361401218,2.5367595638598783,-0.5580283122917351,2.1417812661697195,9.99995601898934e+17,27208777231533.703,1.2957305544732942,-0.35034501293252973,0.9453855415407645
0.3,-0.6632404135781932,2.536759586421807,-0.5580283123815588,2.1418258100381253,9.999964835411622e+17,27255966751527.973,1.2946991369169636,-0.3493135953761989,0.9453855415407647
0.3005555555555556,-0.6632403915892295,2.5367596084107706,-0.558028312471311,2.141870145860514,9.999973428806441e+17,27303017636050.65,1.2936677235545646,-0.34828218201379973,0.9453855415407648
0.3011111111111111,-0.6632403701579883,2.536759629842012,-0.5580283125609913,2.141914274581134,9.999981805105775e+17,27349929874169.195,1.2926363143737574,-0.34725077283299277,0.9453855415407645
0.30166666666666664,-0.6632403492698542,2.536759650730146,-0.5580283126506002,2.1419581971318027,9.99998996999779e+17,27396703450792.42,1.2916049093622004,-0.346219367821436,0.9453855415407644
0.30222222222222217,-0.6632403289104303,2.5367596710895697,-0.5580283127401373,2.1420019144398856,9.999997929085372e+17,27443338354636.133,1.290573508507552,-0.3451879669667874,0.9453855415407645
0.30277777777777776,-0.6632403090657844,2.5367596909342156,-0.558028312829603,2.1420454274232448,1.0000005687790747e+18,27489834573024.426,1.2895421117974681,-0.34415657025670343,0.9453855415407647
0.30333333333333334,-0.6632402897223706,2.5367597102776296,-0.558028312918997,2.142088736991647,1.0000013251385719e+18,27536192093221.336,1.288510719219604,-0.3431251776788392,0.9453855415407645
0.3038888888888889,-0.6632402708668947,2.5367597291331054,-0.5580283130083195,2.1421318440495396,1.0000020625044196e+18,27582410905180.137,1.287479330761614,-0.34209378922084943,0.9453855415407645
0.30444444444444446,-0.663240252486587,2.536759747513413,-0.5580283130975703,2.142174749490037,1.0000027813735981e+18,27628490995309.99,1.2864479464111516,-0.34106240487038697,0.9453855415407647
0.305,-0.6632402345688246,2.5367597654311753,-0.5580283131867495,2.142217454203029,1.0000034822373745e+18,27674432354690.04,1.285416566155869,-0.34003102461510454,0.9453855415407645
0.3055555555555556,-0.6632402171014895,2.5367597828985105,-0.5580283132758572,2.1422599590671556,1.0000041655673697e+18,27720234970755.613,1.2843851899834176,-0.3389996484426532,0.9453855415407645
0.3061111111111111,-0.6632402000726775,2.5367597999273226,-0.5580283133648932,2.142302264956171,1.0000048318268755e+18,27765898833750.543,1.283353817881448,-0.3379682763406834,0.9453855415407647
0.3066666666666666,-0.6632401834708251,2.536759816529175,-0.5580283134538577,2.142344372735998,1.0000054814659343e+18,27811423933619.22,1.2823224498376093,-0.33693690829684475,0.9453855415407647
0.3072222222222222,-0.663240167284735,2.536759832715265,-0.5580283135427508,2.1423862832639435,1.0000061149203433e+18,27856810259102.934,1.2812910858395503,-0.3359055442987855,0.9453855415407648
0.30777777777777776,-0.66324015150338,2.53675984849662,-0.558028313631572,2.1424279973932547,1.0000067326192554e+18,27902057802386.934,1.2802597258749182,-0.3348741843341536,0.9453855415407647
0.30833333333333335,-0.6632401361161887,2.5367598638838116,-0.5580283137203218,2.142469515966127,1.0000073349741176e+18,27947166551756.207,1.2792283699313605,-0.33384282839059576,0.9453855415407647
0.3088888888888889,-0.6632401211127145,2.5367598788872856,-0.558028313809,2.142510839821651,1.0000079223914985e+18,27992136499787.8,1.2781970179965227,-0.33281147645575804,0.9453855415407647
0.30944444444444447,-0.6632401064829017,2.5367598935170985,-0.5580283138976067,2.142551969789125,1.0000084952627622e+18,28036967636298.547,1.2771656700580503,-0.3317801285172854,0.9453855415407648
0.31,-0.6632400922169143,2.536759907783086,-0.5580283139861415,2.142592906692201,1.000009053970714e+18,28081659952596.91,1.2761343261035871,-0.3307487845628224,0.9453855415407648
0.31055555555555553,-0.6632400783051505,2.5367599216948498,-0.5580283140746051,2.1426336513484836,1.0000095988890643e+18,28126213440996.746,1.2751029861207774,-0.3297174445800128,0.9453855415407647
0.3111111111111111,-0.6632400647383544,2.536759935261646,-0.5580283141629969,2.1426742045664047,1.000010130378045e+18,28170628091447.176,1.2740716500972638,-0.32868610855649905,0.9453855415407645
0.3116666666666666,-0.6632400515073846,2.5367599484926155,-0.5580283142513173,2.1427145671513297,1.0000106487934386e+18,28214903897894.473,1.2730403180206884,-0.3276547764799237,0.9453855415407648
0.3122222222222222,-0.6632400386034811,2.536759961396519,-0.5580283143395659,2.142754739898196,1.0000111544761784e+18,28259040850439.215,1.2720089898786922,-0.3266234483379279,0.9453855415407644
0.31277777777777777,-0.6632400260180076,2.536759973981993,-0.5580283144277433,2.1427947235984934,1.0000116477624009e+18,28303038942638.848,1.2709776656589171,-0.32559212411815247,0.9453855415407645
0.31333333333333335,-0.6632400137426115,2.5367599862573886,-0.5580283145158488,2.142834519035679,1.000012128977173e+18,28346898166589.836,1.269946345349002,-0.3245608038082374,0.9453855415407647
0.3138888888888889,-0.6632400017691711,2.536759998230829,-0.5580283146038828,2.1428741269865648,1.0000125984366052e+18,28390618514312.867,1.2689150289365867,-0.3235294873958221,0.9453855415407647
0.31444444444444447,-0.6632399900897121,2.536760009910288,-0.5580283146918453,2.1429135482236465,1.0000130564510501e+18,28434199980175.715,1.26788371640931,-0.32249817486854543,0.9453855415407645
0.315,-0.6632399786965801,2.53676002130342,-0.5580283147797362,2.14295278350989,1.0000135033184273e+18,28477642555253.66,1.26685240775481,-0.3214668662140453,0.9453855415407648
0.31555555555555553,-0.6632399675822056,2.536760032417795,-0.5580283148675558,2.1429918336056746,1.0000139393333428e+18,28520946234684.6,1.265821102960724,-0.32043556141995944,0.9453855415407647
0.3161111111111111,-0.6632399567393192,2.536760043260681,-0.5580283149553036,2.143030699262129,1.0000143647787141e+18,28564111010467.22,1.2647898020146893,-0.31940426047392456,0.9453855415407648
0.3166666666666666,-0.6632399461607892,2.536760053839211,-0.5580283150429798,2.143069381226054,1.0000147799321193e+18,28607136876665.945,1.263758504904342,-0.3183729633635772,0.9453855415407648
0.3172222222222222,-0.6632399358396733,2.536760064160327,-0.5580283151305845,2.1431078802382126,1.0000151850637517e+18,28650023827520.76,1.2627272116173176,-0.3173416700765529,0.9453855415407647
0.31777777777777777,-0.6632399257692654,2.5367600742307346,-0.5580283152181177,2.1431461970316796,1.000015580434623e+18,28692771855588.184,1.2616959221412518,-0.31631038060048716,0.9453855415407647
0.31833333333333336,-0.663239915942948,2.536760084057052,-0.5580283153055793,2.1431843323366047,1.0000159663022834e+18,28735380956827.56,1.2606646364637792,-0.3152790949230145,0.9453855415407647
0.3188888888888889,-0.6632399063543821,2.536760093645618,-0.5580283153929693,2.1432222868737645,1.000016342913445e+18,28777851123559.207,1.2596333545725336,-0.3142478130317693,0.9453855415407644
0.3194444444444444,-0.6632398969973105,2.5367601030026896,-0.5580283154802878,2.1432600613611417,1.0000167105116627e+18,28820182351530.938,1.2586020764551495,-0.31321653491438506,0.9453855415407645
0.32,-0.6632398878656915,2.5367601121343086,-0.5580283155675346,2.1432976565091995,1.0000170693320639e+18,28862374634723.49,1.2575708020992598,-0.31218526055849494,0.9453855415407647
0.32055555555555554,-0.6632398789536414,2.536760121046359,-0.5580283156547101,2.143335073022803,1.0000174196036602e+18,28904427967377.035,1.2565395314924965,-0.3111539899517318,0.9453855415407647
0.3211111111111111,-0.6632398702553892,2.5367601297446107,-0.558028315741814,2.1433723116027528,1.0000177615510623e+18,28946342345608.242,1.2555082646224922,-0.3101227230817278,0.9453855415407645
0.3216666666666666,-0.6632398617653931,2.536760138234607,-0.5580283158288464,2.143409372941427,1.000018095389958e+18,28988117762577.23,1.2544770014768791,-0.3090914599361148,0.9453855415407645
0.3222222222222222,-0.6632398534781716,2.5367601465218286,-0.5580283159158069,2.143446257728938,1.0000184213336855e+18,29029754215177.03,1.2534457420432885,-0.30806020050252403,0.9453855415407645
0.3227777777777778,-0.6632398453884641,2.536760154611536,-0.5580283160026962,2.1434829666470305,1.0000187395870076e+18,29071251697277.223,1.2524144863093514,-0.30702894476858666,0.9453855415407647
0.3233333333333333,-0.6632398374911064,2.5367601625088936,-0.558028316089514,2.1435195003736793,1.0000190503509179e+18,29112610204716.207,1.2513832342626974,-0.30599769272193295,0.9453855415407645
0.3238888888888889,-0.6632398297810722,2.536760170218928,-0.5580283161762599,2.1435558595814346,1.0000193538210284e+18,29153829733423.06,1.2503519858909578,-0.30496644435019304,0.9453855415407647
0.3244444444444444,-0.6632398222535079,2.5367601777464923,-0.5580283162629347,2.143592044935942,1.0000196501862781e+18,29194910277726.45,1.2493207411817613,-0.3039351996409968,0.9453855415407645
0.325,-0.6632398149036212,2.5367601850963792,-0.5580283163495378,2.1436280571003,1.0000199396331604e+18,29235851835112.88,1.248289500122738,-0.3029039585819732,0.9453855415407648
0.32555555555555554,-0.6632398077268236,2.5367601922731766,-0.5580283164360692,2.143663896729178,1.0000202223402765e+18,29276654399659.84,1.2472582627015163,-0.30187272116075176,0.9453855415407645
0.3261111111111111,-0.6632398007185858,2.5367601992814146,-0.5580283165225293,2.1436995644747165,1.0000204984839127e+18,29317317968519.812,1.2462270289057251,-0.3008414873649605,0.9453855415407645
0.3266666666666666,-0.663239793874532,2.536760206125468,-0.5580283166089177,2.143735060982462,1.0000207682343813e+18,29357842537355.69,1.245195798722993,-0.29981025718222815,0.9453855415407647
0.3272222222222222,-0.6632397871904052,2.536760212809595,-0.5580283166952346,2.143770386892733,1.0000210317573677e+18,29398228101794.984,1.2441645721409467,-0.29877903060018207,0.9453855415407645
0.3277777777777778,-0.6632397806620247,2.5367602193379755,-0.5580283167814799,2.1438055428424567,1.0000212892155901e+18,29438474659439.496,1.243133349147215,-0.29774780760645037,0.9453855415407645
0.3283333333333333,-0.6632397742853802,2.53676022571462,-0.5580283168676538,2.1438405294608263,1.0000215407651448e+18,29478582204944.664,1.2421021297294244,-0.29671658818866,0.9453855415407645
0.3288888888888889,-0.6632397680565039,2.5367602319434965,-0.5580283169537559,2.143875347375033,1.0000217865604479e+18,29518550736392.33,1.2410709138752023,-0.29568537233443776,0.9453855415407647
0.32944444444444443,-0.6632397619715844,2.5367602380284158,-0.5580283170397866,2.1439099972049487,1.0000220267498568e+18,29558380249274.168,1.2400397015721751,-0.29465416003141054,0.9453855415407645
0.33,-0.6632397560268876,2.5367602439731125,-0.558028317125746,2.143944479566713,1.0000222614787128e+18,29598070740464.234,1.2390084928079692,-0.29362295126720434,0.9453855415407648
0.33055555555555555,-0.6632397502187697,2.5367602497812305,-0.5580283172116336,2.1439787950720532,1.0000224908888238e+18,29637622207411.008,1.2379772875702102,-0.29259174602944554,0.9453855415407647
0.3311111111111111,-0.6632397445437203,2.53676025545628,-0.5580283172974497,2.1440129443260774,1.0000227151168289e+18,29677034645590.562,1.2369460858465242,-0.2915605443057595,0.9453855415407647
0.3316666666666666,-0.6632397389982692,2.536760261001731,-0.5580283173831944,2.1440469279318517,1.0000229342977907e+18,29716308053631.863,1.2359148876245367,-0.2905293460837722,0.9453855415407645
0.3322222222222222,-0.6632397335790927,2.5367602664209077,-0.5580283174688675,2.1440807464849105,1.0000231485610772e+18,29755442427053.12,1.234883692891873,-0.2894981513511084,0.9453855415407645
0.3327777777777778,-0.6632397282829161,2.536760271717084,-0.5580283175544689,2.144114400578185,1.0000233580341394e+18,29794437763797.55,1.2338525016361577,-0.288466960095393,0.9453855415407645
0.3333333333333333,-0.6632397231065656,2.5367602768934345,-0.5580283176399992,2.1441478907992537,1.0000235628405162e+18,29833294061069.266,1.2328213138450157,-0.28743577230425116,0.9453855415407647
0.3338888888888889,-0.6632397180469651,2.5367602819530353,-0.5580283177254576,2.1441812177303463,1.0000237630999273e+18,29872011315278.918,1.2317901295060714,-0.28640458796530677,0.9453855415407645
0.33444444444444443,-0.6632397131010839,2.5367602868989163,-0.5580283178108446,2.1442143819511967,1.0000239589303396e+18,29910589525258.043,1.2307589486069492,-0.2853734070661845,0.9453855415407647
0.335,-0.6632397082660193,2.536760291733981,-0.5580283178961601,2.144247384034303,1.0000241504447205e+18,29949028686795.89,1.2297277711352728,-0.28434222959450806,0.9453855415407647
0.33555555555555555,-0.6632397035389022,2.536760296461098,-0.5580283179814038,2.1442802245502337,1.0000243377547437e+18,29987328798659.156,1.228696597078666,-0.2833110555379013,0.9453855415407647
0.3361111111111111,-0.6632396989169673,2.536760301083033,-0.5580283180665764,2.1443129040635087,1.000024520968048e+18,30025489857832.504,1.2276654264247526,-0.28227988488398775,0.9453855415407648
0.3366666666666666,-0.6632396943975181,2.536760305602482,-0.5580283181516772,2.1443454231345154,1.0000247001895825e+18,30063511861666.523,1.2266342591611554,-0.2812487176203908,0.9453855415407647
0.3372222222222222,-0.6632396899779103,2.53676031002209,-0.5580283182367065,2.1443777823204786,1.0000248755222597e+18,30101394808950.22,1.2256030952754984,-0.28021755373473356,0.9453855415407648
0.3377777777777778,-0.6632396856556062,2.536760314344394,-0.5580283183216643,2.1444099821720526,1.0000250470648631e+18,30139138695944.97,1.2245719347554034,-0.2791863932146388,0.9453855415407645
0.3383333333333333,-0.6632396814280943,2.536760318571906,-0.5580283184065506,2.1444420232382226,1.0000252149151419e+18,30176743521985.66,1.2235407775884939,-0.2781552360477294,0.9453855415407645
0.3388888888888889,-0.6632396772929638,2.5367603227070363,-0.5580283184913655,2.1444739060615303,1.000025379166929e+18,30214209283931.305,1.2225096237623925,-0.277124082221628,0.9453855415407645
0.33944444444444444,-0.6632396732478509,2.536760326752149,-0.5580283185761087,2.144505631181427,1.0000255399122295e+18,30251535979992.086,1.2214784732647213,-0.2760929317239568,0.9453855415407644
0.34,-0.6632396692904503,2.5367603307095496,-0.5580283186607805,2.1445371991334974,1.0000256972407689e+18,30288723608793.71,1.2204473260831024,-0.275061784542338,0.9453855415407645
0.34055555555555556,-0.6632396654185406,2.5367603345814596,-0.5580283187453807,2.1445686104476054,1.0000258512390043e+18,30325772167181.082,1.2194161822051583,-0.2740306406643937,0.9453855415407647
0.34111111111111103,-0.6632396616299256,2.5367603383700743,-0.5580283188299092,2.1445998656518976,1.0000260019924161e+18,30362681654828.344,1.2183850416185105,-0.2729995000777458,0.9453855415407647
0.3416666666666666,-0.6632396579225024,2.536760342077498,-0.5580283189143664,2.14463096526799,1.000026149582867e+18,30399452068596.652,1.2173539043107806,-0.2719683627700159,0.9453855415407647
0.3422222222222222,-0.6632396542941992,2.536760345705801,-0.558028318998752,2.1446619098152007,1.0000262940909838e+18,30436083407426.242,1.2163227702695902,-0.27093722872882553,0.9453855415407647
0.3427777777777778,-0.6632396507430063,2.536760349256994,-0.5580283190830662,2.1446926998083637,1.000026435594989e+18,30472575669743.67,1.2152916394825606,-0.26990609794179615,0.9453855415407645
0.3433333333333333,-0.6632396472669787,2.5367603527330216,-0.5580283191673088,2.1447233357574875,1.0000265741705882e+18,30508928853022.242,1.2142605119373138,-0.268874970396549,0.9453855415407647
0.3438888888888889,-0.6632396438641975,2.5367603561358028,-0.5580283192514799,2.1447538181706056,1.0000267098924682e+18,30545142957079.637,1.2132293876214697,-0.26784384608070505,0.9453855415407645
0.34444444444444444,-0.6632396405328262,2.536760359467174,-0.5580283193355795,2.144784147549405,1.0000268428321129e+18,30581217978915.78,1.21219826652265,-0.2668127249818856,0.9453855415407645
0.345,-0.6632396372710505,2.5367603627289497,-0.5580283194196076,2.14481432439381,1.0000269730601399e+18,30617153918049.445,1.2111671486284756,-0.26578160708771115,0.9453855415407645
0.34555555555555556,-0.6632396340771181,2.5367603659228823,-0.5580283195035642,2.1448443491987823,1.0000271006447501e+18,30652950772725.375,1.210136033926567,-0.2647504923858024,0.9453855415407645
0.34611111111111104,-0.6632396309493249,2.5367603690506755,-0.558028319587449,2.1448742224553143,1.0000272256522557e+18,30688608541039.32,1.209104922404545,-0.26371938086378016,0.9453855415407647
0.3466666666666666,-0.6632396278859962,2.5367603721140037,-0.5580283196712627,2.1449039446520435,1.0000273481478642e+18,30724127222806.617,1.2080738140500293,-0.26268827250926474,0.9453855415407647
0.3472222222222222,-0.6632396248855266,2.536760375114474,-0.5580283197550046,2.1449335162716574,1.0000274681940508e+18,30759506815280.09,1.2070427088506412,-0.2616571673098766,0.9453855415407647
0.3477777777777778,-0.6632396219463279,2.536760378053672,-0.5580283198386751,2.144962937795372,1.0000275858526294e+18,30794747318407.516,1.2060116067940005,-0.26062606525323584,0.9453855415407647
0.34833333333333333,-0.6632396190668721,2.536760380933128,-0.5580283199222741,2.1449922096991347,1.0000277011830798e+18,30829848730299.21,1.2049805078677274,-0.25959496632696266,0.9453855415407647
0.3488888888888889,-0.6632396162456666,2.5367603837543333,-0.5580283200058015,2.1450213324556784,1.0000278142434908e+18,30864811049627.01,1.2039494120594416,-0.25856387051867696,0.9453855415407645
0.34944444444444445,-0.6632396134812495,2.5367603865187505,-0.5580283200892574,2.14505030653497,1.0000279250907679e+18,30899634276122.8,1.2029183193567634,-0.25753277781599904,0.9453855415407645
0.35,-0.663239610772217,2.536760389227783,-0.5580283201726419,2.1450791324015333,1.000028033779545e+18,30934318407358.285,1.2018872297473129,-0.2565016882065483,0.9453855415407645
0.3505555555555555,-0.6632396081171799,2.5367603918828205,-0.5580283202559548,2.1451078105185415,1.0000281403639028e+18,30968863443580.71,1.200856143218709,-0.2554706016779444,0.9453855415407645
0.35111111111111104,-0.6632396055148047,2.5367603944851957,-0.5580283203391961,2.1451363413437425,1.0000282448957321e+18,31003269382826.27,1.1998250597585722,-0.2544395182178075,0.9453855415407647
0.3516666666666666,-0.6632396029637843,2.536760397036216,-0.558028320422366,2.1451647253323034,1.0000283474259151e+18,31037536224273.883,1.1987939793545213,-0.2534084378137565,0.9453855415407648
0.3522222222222222,-0.6632396004628429,2.5367603995371573,-0.5580283205054644,2.145192962936242,1.0000284480041015e+18,31071663967537.02,1.1977629019941758,-0.25237736045341147,0.9453855415407645
0.3527777777777778,-0.6632395980107528,2.5367604019892473,-0.5580283205884913,2.1452210546026786,1.0000285466780884e+18,31105652610534.81,1.1967318276651557,-0.25134628612439125,0.9453855415407645
0.35333333333333333,-0.663239595606299,2.5367604043937013,-0.5580283206714466,2.1452490007773806,1.0000286434951629e+18,31139502153707.152,1.19570075635508,-0.25031521481431546,0.9453855415407647
0.35388888888888886,-0.6632395932483176,2.5367604067516827,-0.5580283207543305,2.1452768019006734,1.0000287385006205e+18,31173212595077.508,1.1946696880515677,-0.24928414651080327,0.9453855415407645
0.35444444444444445,-0.6632395909356641,2.5367604090643363,-0.5580283208371428,2.145304458410802,1.000028831739015e+18,31206783934253.676,1.1936386227422384,-0.24825308120147369,0.9453855415407647
0.355,-0.6632395886672253,2.536760411332775,-0.5580283209198836,2.1453319707425385,1.0000289232536698e+18,31240216170725.348,1.1926075604147104,-0.24722201887394607,0.9453855415407645
0.3555555555555555,-0.6632395864419267,2.5367604135580732,-0.558028321002553,2.1453593393262933,1.0000290130864083e+18,31273509302761.316,1.1915765010566035,-0.24619095951583897,0.9453855415407645
0.35611111111111104,-0.6632395842587064,2.536760415741294,-0.5580283210851507,2.14538656459105,1.0000291012785605e+18,31306663330909.566,1.1905454446555366,-0.24515990311477176,0.9453855415407648
0.35666666666666663,-0.6632395821165484,2.5367604178834515,-0.5580283211676771,2.145413646960437,1.0000291878696845e+18,31339678253236.35,1.1895143911991277,-0.24412884965836298,0.9453855415407648
0.3572222222222222,-0.6632395800144503,2.53676041998555,-0.5580283212501319,2.1454405868563833,1.0000292728987795e+18,31372554069699.56,1.1884833406749966,-0.2430977991342317,0.9453855415407648
0.35777777777777775,-0.6632395779514408,2.5367604220485593,-0.5580283213325151,2.145467384697092,1.0000293564036512e+18,31405290779677.48,1.1874522930707614,-0.2420667515299967,0.9453855415407645
0.35833333333333334,-0.6632395759265799,2.53676042407342,-0.5580283214148268,2.1454940408969096,1.0000294384208988e+18,31437888381773.203,1.186421248374041,-0.2410357068332764,0.9453855415407647
0.35888888888888887,-0.6632395739389396,2.5367604260610603,-0.5580283214970672,2.14552055586863,1.0000295189866395e+18,31470346876579.125,1.1853902065724544,-0.24000466503168966,0.9453855415407647
0.35944444444444446,-0.6632395719876318,2.5367604280123683,-0.5580283215792358,2.1455469300198695,1.0000295981354267e+18,31502666262249.242,1.1843591676536196,-0.23897362611285483,0.9453855415407648
0.36,-0.6632395700717801,2.5367604299282203,-0.5580283216613331,2.1455731637568105,1.0000296759013942e+18,31534846539018.56,1.1833281316051556,-0.23794259006439078,0.9453855415407648
0.3605555555555555,-0.6632395681905364,2.536760431809464,-0.5580283217433588,2.145599257481738,1.0000297523175357e+18,31566887706175.242,1.1822970984146806,-0.2369115568739158,0.9453855415407648
0.36111111111111105,-0.663239566343078,2.536760433656922,-0.5580283218253131,2.14562521159353,1.0000298274158816e+18,31598789762629.168,1.1812660680698133,-0.2358805265290484,0.9453855415407648
0.36166666666666664,-0.6632395645285941,2.536760435471406,-0.5580283219071959,2.145651026489374,1.000029901227981e+18,31630552708975.082,1.1802350405581714,-0.2348494990174069,0.9453855415407645
0.3622222222222222,-0.663239562746309,2.536760437253691,-0.558028321989007,2.145676702561501,1.0000299737840306e+18,31662176543484.8,1.1792040158673744,-0.2338184743266098,0.9453855415407647
0.36277777777777775,-0.6632395609954557,2.5367604390045444,-0.5580283220707467,2.1457022402008996,1.0000300451138938e+18,31693661266606.94,1.1781729939850398,-0.23278745244427537,0.9453855415407645
0.36333333333333334,-0.6632395592752938,2.5367604407247066,-0.5580283221524149,2.1457276397945515,1.0000301152463721e+18,31725006877564.42,1.1771419748987864,-0.23175643335802168,0.9453855415407647
0.3638888888888889,-0.6632395575851034,2.536760442414897,-0.5580283222340117,2.1457529017264223,1.0000301842094927e+18,31756213375538.625,1.176110958596232,-0.23072541705546726,0.9453855415407647
0.36444444444444446,-0.6632395559241766,2.5367604440758234,-0.5580283223155369,2.1457780263786534,1.0000302520308186e+18,31787280761104.65,1.175079945064995,-0.2296944035242301,0.9453855415407647
0.365,-0.663239554291835,2.536760445708165,-0.5580283223969905,2.1458030141286835,1.0000303187367387e+18,31818209032665.83,1.1740489342926932,-0.22866339275192854,0.9453855415407645
0.3655555555555555,-0.6632395526874078,2.5367604473125924,-0.5580283224783728,2.1458278653528264,1.0000303843533755e+18,31848998190832.52,1.1730179262669451,-0.2276323847261806,0.9453855415407645
0.36611111111111105,-0.6632395511102486,2.5367604488897517,-0.5580283225596834,2.1458525804233437,1.0000304489058772e+18,31879648234787.07,1.171986920975369,-0.22660137943460454,0.9453855415407645
0.36666666666666664,-0.6632395495597276,2.5367604504402728,-0.5580283226409226,2.1458771597098125,1.0000305124187668e+18,31910159163943.84,1.170955918405583,-0.22557037686481837,0.9453855415407647
0.3672222222222222,-0.6632395480352262,2.536760451964774,-0.5580283227220902,2.145901603579875,1.0000305749161166e+18,31940530978850.234,1.1699249185452048,-0.22453937700444002,0.9453855415407647
0.36777777777777776,-0.6632395465361516,2.536760453463849,-0.5580283228031864,2.1459259123967143,1.0000306364210007e+18,31970763678042.957,1.168893921381852,-0.22350837984108773,0.9453855415407645
0.36833333333333335,-0.6632395450619171,2.536760454938083,-0.5580283228842111,2.1459500865224777,1.0000306969562602e+18,32000857262252.758,1.167862926903144,-0.2224773853623793,0.9453855415407647
0.3688888888888889,-0.6632395436119582,2.536760456388042,-0.5580283229651644,2.145974126315257,1.0000307565438566e+18,32030811730643.66,1.1668319350966976,-0.22144639355593285,0.9453855415407648
0.36944444444444446,-0.663239542185724,2.5367604578142764,-0.558028323046046,2.145998032130732,1.0000308152052438e+18,32060627082824.61,1.1658009459501308,-0.22041540440936624,0.9453855415407645
0.37,-0.6632395407826739,2.5367604592173265,-0.5580283231268561,2.146021804322567,1.000030872961453e+18,32090303319316.023,1.1647699594510619,-0.21938441791029759,0.9453855415407644
0.3705555555555555,-0.6632395394022901,2.5367604605977103,-0.5580283232075949,2.146045443240199,1.000030929832652e+18,32119840438782.035,1.163738975587109,-0.21835343404634452,0.9453855415407645
0.37111111111111106,-0.663239538044059,2.536760461955941,-0.558028323288262,2.1460689492320917,1.0000309858388136e+18,32149238442041.312,1.1627079943458898,-0.21732245280512527,0.9453855415407645
0.37166666666666665,-0.663239536707488,2.536760463292512,-0.5580283233688577,2.1460923226426822,1.0000310409991219e+18,32178497328258.777,1.1616770157150222,-0.2162914741742576,0.9453855415407647
0.37222222222222223,-0.663239535392095,2.536760464607905,-0.5580283234493818,2.1461155638142224,1.0000310953323421e+18,32207617097201.18,1.1606460396821237,-0.2152604981413592,0.9453855415407644
0.37277777777777776,-0.6632395340974079,2.536760465902592,-0.5580283235298344,2.1461386730868948,1.0000311488568456e+18,32236597749368.324,1.1596150662348124,-0.21422952469404813,0.9453855415407644
0.37333333333333335,-0.6632395328229738,2.5367604671770265,-0.5580283236102157,2.14616165079687,1.0000312015902659e+18,32265439283540.5,1.1585840953607067,-0.21319855381994207,0.9453855415407645
0.3738888888888889,-0.6632395315683439,2.5367604684316563,-0.5580283236905254,2.1461844972793838,1.0000312535500631e+18,32294141700599.54,1.1575531270474235,-0.21216758550665907,0.9453855415407645
0.37444444444444447,-0.6632395303330878,2.5367604696669126,-0.5580283237707635,2.146207212865713,1.0000313047529985e+18,32322704999726.95,1.1565221612825813,-0.2111366197418167,0.9453855415407645
0.375,-0.6632395291167837,2.5367604708832165,-0.5580283238509302,2.1462297978851206,1.0000313552154806e+18,32351129180813.316,1.1554911980537976,-0.21010565651303295,0.9453855415407647
0.3755555555555555,-0.6632395279190194,2.5367604720809807,-0.5580283239310254,2.1462522526647825,1.0000314049535629e+18,32379414244347.24,1.1544602373486903,-0.20907469580792556,0.9453855415407647
0.37611111111111106,-0.6632395267393987,2.5367604732606015,-0.558028324011049,2.1462745775280503,1.0000314539826583e+18,32407560189211.082,1.1534292791548768,-0.20804373761411227,0.9453855415407645
0.37666666666666665,-0.6632395255775295,2.5367604744224708,-0.5580283240910011,2.146296772797374,1.0000315023180339e+18,32435567016330.938,1.1523983234599755,-0.2070127819192109,0.9453855415407647
0.37722222222222224,-0.6632395244330356,2.5367604755669646,-0.5580283241708819,2.146318838791329,1.0000315499743337e+18,32463434724917.516,1.1513673702516038,-0.20598182871083917,0.9453855415407647
0.37777777777777777,-0.6632395233055481,2.536760476694452,-0.5580283242506909,2.146340775826611,1.0000315969659039e+18,32491163314954.406,1.1503364195173797,-0.20495087797661493,0.9453855415407647
0.37833333333333335,-0.6632395221947072,2.5367604778052932,-0.5580283243304288,2.1463625842178393,1.0000316433067734e+18,32518752786929.914,1.1493054712449207,-0.2039199297041559,0.9453855415407647
0.3788888888888889,-0.663239521100166,2.536760478899834,-0.558028324410095,2.146384264275968,1.0000316890104164e+18,32546203139813.1,1.1482745254218443,-0.2028889838810799,0.9453855415407645
0.3794444444444444,-0.663239520021582,2.536760479978418,-0.5580283244896895,2.146405816311084,1.000031734090178e+18,32573514374559.793,1.1472435820357691,-0.20185804049500455,0.9453855415407647
0.37999999999999995,-0.6632395189586264,2.536760481041374,-0.5580283245692127,2.146427240629494,1.0000317785588548e+18,32600686490420.164,1.1462126410743125,-0.20082709953354763,0.9453855415407648
0.3805555555555555,-0.6632395179109771,2.536760482089023,-0.5580283246486645,2.1464485375357265,1.0000318224289896e+18,32627719487443.074,1.1451817025250917,-0.19979616098432698,0.9453855415407647
0.38111111111111107,-0.663239516878319,2.5367604831216815,-0.5580283247280446,2.1464697073322716,1.0000318657128424e+18,32654613366127.723,1.1441507663757249,-0.19876522483496023,0.9453855415407645
0.38166666666666665,-0.6632395158603492,2.536760484139651,-0.5580283248073533,2.1464907503180863,1.0000319084221906e+18,32681368125514.492,1.1431198326138299,-0.19773429107306528,0.9453855415407645
0.38222222222222224,-0.6632395148567685,2.5367604851432315,-0.5580283248865905,2.146511666791291,1.0000319505687003e+18,32707983766577.523,1.1420889012270243,-0.19670335968625968,0.9453855415407645
0.3827777777777778,-0.6632395138672893,2.536760486132711,-0.5580283249657563,2.1465324570463378,1.0000319921635551e+18,32734460288614.973,1.1410579722029262,-0.19567243066216133,0.9453855415407648
0.38333333333333336,-0.66323951289163,2.53676048710837,-0.5580283250448504,2.1465531213759665,1.0000320332177192e+18,32760797691715.98,1.1400270455291523,-0.19464150398838787,0.9453855415407645
0.3838888888888889,-0.6632395119295149,2.5367604880704855,-0.558028325123873,2.146573660070942,1.0000320737419081e+18,32786995976401.727,1.138996121193322,-0.19361057965255718,0.9453855415407647
0.3844444444444444,-0.6632395109806801,2.5367604890193203,-0.5580283252028243,2.146594073418604,1.0000321137464184e+18,32813055141769.22,1.1379651991830517,-0.19257965764228696,0.9453855415407648
0.38499999999999995,-0.6632395100448635,2.5367604899551366,-0.5580283252817041,2.146614361705488,1.0000321532414435e+18,32838975188801.457,1.1369342794859594,-0.19154873794519478,0.9453855415407647
0.3855555555555555,-0.6632395091218137,2.5367604908781862,-0.5580283253605123,2.1466345252145755,1.0000321922367583e+18,32864756116851.965,1.1359033620896632,-0.19051782054889868,0.9453855415407645
0.38611111111111107,-0.6632395082112846,2.5367604917887157,-0.5580283254392491,2.146654564227184,1.0000322307419497e+18,32890397926027.92,1.134872446981781,-0.18948690544101623,0.9453855415407648
0.38666666666666666,-0.6632395073130356,2.5367604926869647,-0.5580283255179143,2.1466744790227312,1.0000322687663827e+18,32915900616882.586,1.1338415341499302,-0.1884559926091653,0.9453855415407648
0.38722222222222225,-0.6632395064268355,2.5367604935731647,-0.558028325596508,2.146694269877302,1.000032306319054e+18,32941264188556.598,1.1328106235817281,-0.1874250820409635,0.9453855415407645
0.3877777777777778,-0.6632395055524554,2.536760494447545,-0.5580283256750302,2.1467139370662065,1.0000323434088759e+18,32966488642033.047,1.1317797152647935,-0.18639417372402883,0.9453855415407645
0.3883333333333333,-0.6632395046896757,2.5367604953103244,-0.558028325753481,2.1467334808613256,1.000032380044395e+18,32991573976728.055,1.1307488091867435,-0.18536326764597896,0.9453855415407645
0.3888888888888889,-0.6632395038382811,2.536760496161719,-0.5580283258318602,2.1467529015328926,1.000032416233985e+18,33016520192746.617,1.129717905335196,-0.1843323637944316,0.9453855415407645
0.3894444444444444,-0.6632395029980614,2.536760497001939,-0.558028325910168,2.146772199349346,1.0000324519858359e+18,33041327290683.1,1.1286870036977692,-0.18330146215700477,0.9453855415407645
0.38999999999999996,-0.6632395021688146,2.5367604978311857,-0.5580283259884042,2.1467913745758542,1.00003248730781e+18,33065995269710.74,1.1276561042620803,-0.18227056272131592,0.9453855415407645
0.3905555555555555,-0.6632395013503404,2.53676049864966,-0.558028326066569,2.1468104274768436,1.0000325222076957e+18,33090524130804.13,1.1266252070157479,-0.18123966547498327,0.9453855415407645
0.3911111111111111,-0.663239500542447,2.536760499457553,-0.5580283261446624,2.1468293583134446,1.0000325566929658e+18,33114913873449.254,1.1255943119463887,-0.18020877040562425,0.9453855415407645
0.39166666666666666,-0.6632394997449462,2.536760500255054,-0.5580283262226841,2.146848167345132,1.0000325907709363e+18,33139164497730.85,1.1245634190416216,-0.17917787750085695,0.9453855415407647
0.3922222222222222,-0.6632394989576544,2.5367605010423455,-0.5580283263006345,2.1468668548297054,1.0000326244487697e+18,33163276004291.777,1.1235325282890636,-0.1781469867482992,0.9453855415407645
0.3927777777777778,-0.6632394981803948,2.5367605018196056,-0.5580283263785133,2.146885421021746,1.0000326577333349e+18,33187248392329.406,1.1225016396763332,-0.17711609813556858,0.9453855415407645
0.3933333333333333,-0.6632394974129925,2.5367605025870077,-0.5580283264563205,2.1469038661751165,1.0000326906314408e+18,33211081662800.59,1.1214707531910477,-0.1760852116502833,0.9453855415407645
0.3938888888888889,-0.6632394966552798,2.5367605033447203,-0.5580283265340563,2.1469221905405274,1.0000327231496196e+18,33234775815268.918,1.1204398688208255,-0.17505432728006087,0.9453855415407645
0.39444444444444443,-0.6632394959070924,2.536760504092908,-0.5580283266117206,2.1469403943670073,1.000032755294262e+18,33258330849782.72,1.119408986553284,-0.17402344501251946,0.9453855415407645
0.39499999999999996,-0.6632394951682694,2.5367605048317308,-0.5580283266893136,2.146958477902039,1.0000327870716343e+18,33281746767038.81,1.1183781063760414,-0.17299256483527672,0.9453855415407647
0.3955555555555555,-0.6632394944386566,2.5367605055613436,-0.558028326766835,2.1469764413899255,1.000032818487736e+18,33305023566253.074,1.1173472282767152,-0.17196168673595075,0.9453855415407645
0.3961111111111111,-0.663239493718101,2.536760506281899,-0.5580283268442847,2.146994285074272,1.0000328495485188e+18,33328161248354.434,1.1163163522429236,-0.17093081070215926,0.9453855415407644
0.39666666666666667,-0.6632394930064559,2.536760506993544,-0.5580283269216632,2.1470120091956835,1.0000328802596957e+18,33351159812992.457,1.1152854782622852,-0.16989993672152043,0.9453855415407647
0.3972222222222222,-0.663239492303578,2.536760507696422,-0.5580283269989701,2.147029613993036,1.0000329106268477e+18,33374019260164.73,1.1142546063224166,-0.16886906478165192,0.9453855415407645
0.3977777777777778,-0.6632394916093265,2.5367605083906737,-0.5580283270762054,2.1470470997038005,1.0000329406554543e+18,33396739590625.246,1.113223736410936,-0.1678381948701717,0.9453855415407645
0.3983333333333333,-0.6632394909235664,2.5367605090764336,-0.5580283271533691,2.1470644665622984,1.0000329703507606e+18,33419320803605.92,1.1121928685154625,-0.16680732697469788,0.9453855415407647
0.3988888888888889,-0.6632394902461645,2.5367605097538357,-0.5580283272304616,2.147081714802165,1.000032999717965e+18,33441762899996.43,1.111162002623613,-0.16577646108284824,0.9453855415407647
0.39944444444444444,-0.6632394895769922,2.536760510423008,-0.5580283273074825,2.1470988446541983,1.0000330287620652e+18,33464065879541.098,1.1101311387230053,-0.1647455971822409,0.9453855415407645
0.39999999999999997,-0.6632394889159243,2.5367605110840756,-0.558028327384432,2.1471158563474013,1.0000330574879355e+18,33486229742174.65,1.1091002768012583,-0.1637147352604937,0.9453855415407645
0.4005555555555555,-0.6632394882628377,2.5367605117371625,-0.5580283274613099,2.1471327501095203,1.0000330859003668e+18,33508254488708.41,1.1080694168459897,-0.16268387530522485,0.9453855415407647
0.4011111111111111,-0.6632394876176146,2.5367605123823855,-0.5580283275381163,2.1471495261651783,1.0000331140039444e+18,33530140118391.633,1.1070385588448168,-0.16165301730405224,0.9453855415407645
0.40166666666666667,-0.6632394869801386,2.5367605130198614,-0.5580283276148513,2.147166184738311,1.0000331418032083e+18,33551886632062.0,1.1060077027853583,-0.1606221612445937,0.9453855415407647
0.4022222222222222,-0.6632394863502968,2.5367605136497033,-0.5580283276915147,2.1471827260501932,1.0000331693025299e+18,33573494029567.598,1.1049768486552325,-0.15959130711446762,0.9453855415407648
0.4027777777777778,-0.6632394857279804,2.5367605142720198,-0.5580283277681067,2.147199150320223,1.0000331965061696e+18,33594962310770.69,1.1039459964420564,-0.1585604549012918,0.9453855415407645
0.4033333333333333,-0.6632394851130814,2.536760514886919,-0.5580283278446272,2.147215457766688,1.0000332234183142e+18,33616291476536.63,1.1029151461334492,-0.15752960459268447,0.9453855415407647
0.4038888888888889,-0.6632394845054971,2.536760515494503,-0.5580283279210763,2.1472316486047873,1.0000332500429715e+18,33637481526137.113,1.1018842977170282,-0.1564987561762635,0.9453855415407647
0.4044444444444444,-0.6632394839051254,2.5367605160948745,-0.5580283279974538,2.14724772304901,1.0000332763841076e+18,33658532460344.043,1.100853451180412,-0.1554679096396472,0.9453855415407648
0.40499999999999997,-0.6632394833118681,2.536760516688132,-0.5580283280737597,2.1472636813113777,1.0000333024455457e+18,33679444279117.836,1.0998226065112182,-0.15443706497045356,0.9453855415407645
0.4055555555555555,-0.6632394827256296,2.5367605172743706,-0.5580283281499941,2.1472795236019375,1.0000333282310077e+18,33700216982241.758,1.0987917636970652,-0.1534062221563008,0.9453855415407644
0.4061111111111111,-0.663239482146316,2.536760517853684,-0.5580283282261572,2.14729525012977,1.0000333537441535e+18,33720850570627.59,1.0977609227255716,-0.15237538118480695,0.9453855415407647
0.4066666666666667,-0.6632394815738372,2.536760518426163,-0.5580283283022488,2.1473108611009097,1.0000333789884878e+18,33741345043579.043,1.096730083584355,-0.1513445420435901,0.9453855415407648
0.4072222222222222,-0.6632394810081041,2.536760518991896,-0.5580283283782689,2.1473263567206424,1.000033403967472e+18,33761700401787.285,1.095699246261033,-0.15031370472026864,0.9453855415407645
0.4077777777777778,-0.6632394804490309,2.5367605195509695,-0.5580283284542175,2.1473417371919874,1.0000334286844549e+18,33781916645332.8,1.0946684107432252,-0.14928286920246045,0.9453855415407648
0.4083333333333333,-0.663239479896534,2.536760520103466,-0.5580283285300945,2.1473570027158844,1.0000334531426833e+18,33801993773916.977,1.0936375770185485,-0.14825203547778398,0.9453855415407645
0.4088888888888889,-0.6632394793505313,2.536760520649469,-0.5580283286059001,2.1473721534924426,1.0000334773453574e+18,33821931788485.305,1.092606745074622,-0.14722120353385723,0.9453855415407648
0.4094444444444444,-0.6632394788109439,2.5367605211890565,-0.5580283286816342,2.1473871897187826,1.0000335012955425e+18,33841730688387.758,1.0915759148990634,-0.14619037335829868,0.9453855415407645
0.4099999999999999,-0.6632394782776945,2.5367605217223055,-0.5580283287572969,2.147402111591211,1.0000335249962607e+18,33861390474219.23,1.090545086479491,-0.14515954493872638,0.9453855415407645
0.4105555555555555,-0.6632394777507074,2.536760522249293,-0.558028328832888,2.147416919303986,1.000033548450442e+18,33880911146186.24,1.0895142598035232,-0.14412871826275847,0.9453855415407647
0.4111111111111111,-0.66323947722991,2.5367605227700905,-0.5580283289084076,2.147431613049176,1.000033571660919e+18,33900292703909.727,1.088483434858778,-0.14309789331801348,0.9453855415407645
0.4116666666666667,-0.6632394767152303,2.53676052328477,-0.5580283289838557,2.14744619301813,1.0000335946304932e+18,33919535148350.656,1.087452611632874,-0.14206707009210945,0.9453855415407645
0.4122222222222222,-0.6632394762065996,2.536760523793401,-0.5580283290592324,2.1474606593992998,1.0000336173618424e+18,33938638478924.164,1.0864217901134292,-0.1410362485726649,0.9453855415407644
0.4127777777777778,-0.6632394757039501,2.5367605242960503,-0.5580283291345377,2.147475012380226,1.0000336398576065e+18,33957602696113.418,1.0853909702880624,-0.1400054287472979,0.9453855415407645
0.41333333333333333,-0.6632394752072157,2.5367605247927845,-0.5580283292097713,2.147489252146629,1.0000336621203489e+18,33976427800253.887,1.0843601521443915,-0.13897461060362704,0.9453855415407645
0.41388888888888886,-0.6632394747163332,2.536760525283667,-0.5580283292849335,2.1475033788819307,1.0000336841525422e+18,33995113790891.957,1.0833293356700353,-0.1379437941292705,0.9453855415407647
0.4144444444444444,-0.6632394742312394,2.5367605257687607,-0.5580283293600243,2.1475173927689237,1.000033705956636e+18,34013660668982.207,1.082298520852611,-0.13691297931184648,0.9453855415407647
0.4149999999999999,-0.6632394737518742,2.536760526248126,-0.5580283294350435,2.1475312939876186,1.0000337275349715e+18,34032068434026.04,1.0812677076797386,-0.1358821661389737,0.9453855415407648
0.4155555555555555,-0.6632394732781786,2.536760526721822,-0.5580283295099914,2.1475450827169946,1.0000337488898532e+18,34050337086380.81,1.0802368961390347,-0.13485135459827025,0.9453855415407645
0.4161111111111111,-0.6632394728100945,2.5367605271899056,-0.5580283295848675,2.147558759134444,1.0000337700235226e+18,34068466626510.22,1.0792060862181194,-0.13382054467735474,0.9453855415407645
0.4166666666666667,-0.663239472347567,2.536760527652433,-0.5580283296596722,2.1475723234149555,1.0000337909381413e+18,34086457053896.105,1.07817527790461,-0.1327897363638454,0.9453855415407647
0.4172222222222222,-0.6632394718905408,2.5367605281094594,-0.5580283297344055,2.147585775732956,1.0000338116358484e+18,34104308369463.1,1.0771444711861253,-0.1317589296453608,0.9453855415407645
0.4177777777777778,-0.6632394714389633,2.536760528561037,-0.5580283298090674,2.147599116260232,1.0000338321186913e+18,34122020572819.73,1.076113666050284,-0.1307281245095193,0.9453855415407645
0.41833333333333333,-0.6632394709927831,2.536760529007217,-0.5580283298836579,2.147612345167396,1.0000338523886817e+18,34139593664186.555,1.075082862484704,-0.12969732094393943,0.9453855415407645
0.41888888888888887,-0.6632394705519493,2.536760529448051,-0.5580283299581766,2.147625462623706,1.0000338724477819e+18,34157027644149.598,1.0740520604770043,-0.12866651893623965,0.9453855415407647
0.4194444444444444,-0.6632394701164137,2.5367605298835865,-0.5580283300326239,2.1476384687959276,1.0000338922978769e+18,34174322512141.35,1.0730212600148028,-0.12763571847403835,0.9453855415407645
0.41999999999999993,-0.6632394696861283,2.536760530313872,-0.5580283301069997,2.1476513638502936,1.0000339119408367e+18,34191478269031.246,1.0719904610857187,-0.12660491954495418,0.9453855415407645
0.4205555555555555,-0.6632394692610473,2.536760530738953,-0.5580283301813043,2.147664147950577,1.0000339313784549e+18,34208494914554.793,1.0709596636773702,-0.1255741221366055,0.9453855415407647
0.4211111111111111,-0.6632394688411252,2.5367605311588752,-0.5580283302555371,2.147676821259207,1.0000339506124817e+18,34225372448788.754,1.0699288677773757,-0.12454332623661098,0.9453855415407647
0.4216666666666667,-0.6632394684263179,2.536760531573682,-0.5580283303296985,2.147689383937484,1.0000339696446386e+18,34242110872429.332,1.0688980733733537,-0.1235125318325891,0.9453855415407645
0.4222222222222222,-0.6632394680165834,2.5367605319834166,-0.5580283304037884,2.1477018361441536,1.0000339884765697e+18,34258710184880.195,1.0678672804529232,-0.12248173891215852,0.9453855415407647
0.42277777777777775,-0.6632394676118797,2.5367605323881204,-0.5580283304778069,2.147714178037421,1.0000340071099073e+18,34275170386930.08,1.0668364890037023,-0.12145094746293775,0.9453855415407645
0.42333333333333334,-0.6632394672121663,2.536760532787834,-0.5580283305517538,2.147726409773237,1.0000340255462203e+18,34291491478458.21,1.06580569901331,-0.12042015747254524,0.9453855415407647
0.42388888888888887,-0.6632394668174042,2.536760533182596,-0.5580283306256294,2.1477385315060262,1.0000340437870382e+18,34307673459396.39,1.0647749104693642,-0.11938936892859989,0.9453855415407645
0.4244444444444444,-0.6632394664275543,2.536760533572446,-0.5580283306994331,2.1477505433892974,1.0000340618338633e+18,34323716330531.086,1.0637441233594847,-0.11835858181872001,0.9453855415407647
0.42499999999999993,-0.6632394660425802,2.5367605339574197,-0.5580283307731658,2.1477624455739663,1.0000340796881361e+18,34339620091263.76,1.0627133376712892,-0.11732779613052455,0.9453855415407645
0.4255555555555555,-0.6632394656624451,2.536760534337555,-0.5580283308468268,2.1477742382103675,1.000034097351277e+18,34355384742277.09,1.0616825533923966,-0.11629701185163191,0.9453855415407645
0.4261111111111111,-0.6632394652871135,2.5367605347128865,-0.5580283309204164,2.147785921446809,1.0000341148246624e+18,34371010283606.625,1.0606517705104257,-0.11526622896966095,0.9453855415407647
0.42666666666666664,-0.6632394649165516,2.536760535083449,-0.5580283309939345,2.147797495429886,1.0000341321096218e+18,34386496715044.855,1.059620989012995,-0.11423544747223022,0.9453855415407648
0.4272222222222222,-0.6632394645507252,2.536760535449275,-0.558028331067381,2.1478089603054578,1.0000341492074739e+18,34401844037439.613,1.0585902088877233,-0.1132046673469584,0.9453855415407648
0.42777777777777776,-0.6632394641896022,2.536760535810398,-0.558028331140756,2.1478203162168055,1.0000341661194732e+18,34417052250223.355,1.057559430122229,-0.11217388858146435,0.9453855415407647
0.42833333333333334,-0.6632394638331509,2.5367605361668493,-0.5580283312140597,2.147831563306534,1.000034182846861e+18,34432121353948.574,1.0565286527041313,-0.11114311116336659,0.9453855415407647
0.4288888888888888,-0.6632394634813399,2.5367605365186603,-0.5580283312872918,2.1478427017154758,1.0000341993908422e+18,34447051348813.707,1.0554978766210488,-0.11011233508028409,0.9453855415407647
0.4294444444444444,-0.6632394631341398,2.5367605368658603,-0.5580283313604525,2.1478537315825674,1.0000342157525759e+18,34461842234485.86,1.0544671018606,-0.10908156031983537,0.9453855415407645
0.42999999999999994,-0.663239462791521,2.536760537208479,-0.5580283314335417,2.147864653046147,1.0000342319332116e+18,34476494011835.73,1.0534363284104038,-0.1080507868696394,0.9453855415407645
0.4305555555555555,-0.663239462453455,2.536760537546545,-0.5580283315065593,2.1478754662420445,1.0000342479338496e+18,34491006680366.273,1.0524055562580794,-0.10702001471731479,0.9453855415407647
0.4311111111111111,-0.6632394621199144,2.536760537880086,-0.5580283315795055,2.1478861713052746,1.0000342637555707e+18,34505380240478.008,1.0513747853912452,-0.1059892438504805,0.9453855415407647
0.43166666666666664,-0.6632394617908718,2.5367605382091285,-0.5580283316523802,2.1478967683693453,1.0000342793994271e+18,34519614692531.363,1.05034401579752,-0.10495847425675527,0.9453855415407645
0.43222222222222223,-0.6632394614663014,2.5367605385336987,-0.5580283317251834,2.1479072575656977,1.0000342948664326e+18,34533710036088.715,1.0493132474645226,-0.10392770592375782,0.9453855415407647
0.43277777777777776,-0.6632394611461773,2.536760538853823,-0.5580283317979151,2.147917639025269,1.0000343101575917e+18,34547666272002.58,1.0482824803798718,-0.10289693883910715,0.9453855415407647
0.43333333333333335,-0.6632394608304748,2.536760539169525,-0.5580283318705753,2.1479279128766104,1.0000343252738636e+18,34561483399884.44,1.0472517145311868,-0.10186617299042196,0.9453855415407648
0.4338888888888888,-0.6632394605191699,2.5367605394808304,-0.5580283319431643,2.1479380792472806,1.0000343402161905e+18,34575161419967.04,1.0462209499060862,-0.10083540836532126,0.9453855415407648
0.4344444444444444,-0.6632394602122387,2.5367605397877613,-0.5580283320156814,2.147948138263597,1.0000343549854936e+18,34588700332762.793,1.0451901864921882,-0.09980464495142378,0.9453855415407645
0.43499999999999994,-0.6632394599096587,2.5367605400903415,-0.5580283320881273,2.147958090049668,1.0000343695826569e+18,34602100137756.668,1.0441594242771133,-0.09877388273634859,0.9453855415407647
0.43555555555555553,-0.6632394596114072,2.536760540388593,-0.5580283321605016,2.147967934729138,1.000034384008558e+18,34615360835743.047,1.043128663248479,-0.09774312170771446,0.9453855415407645
0.4361111111111111,-0.6632394593174626,2.5367605406825375,-0.5580283322328045,2.1479776724234405,1.0000343982640326e+18,34628482426473.992,1.0420979033939048,-0.09671236185314028,0.9453855415407645
0.43666666666666665,-0.6632394590278041,2.536760540972196,-0.5580283323050358,2.147987303252809,1.0000344123499035e+18,34641464910007.22,1.0410671447010098,-0.09568160316024513,0.9453855415407648
0.43722222222222223,-0.6632394587424109,2.536760541257589,-0.5580283323771957,2.1479968273364882,1.0000344262669759e+18,34654308286986.402,1.0400363871574123,-0.09465084561664773,0.9453855415407647
0.43777777777777777,-0.6632394584612631,2.536760541538737,-0.5580283324492842,2.148006244791412,1.0000344400160205e+18,34667012556853.543,1.0390056307507318,-0.0936200892099673,0.9453855415407645
0.43833333333333335,-0.663239458184341,2.536760541815659,-0.5580283325213011,2.148015555734034,1.0000344535978003e+18,34679577720307.527,1.0379748754685871,-0.09258933392782254,0.9453855415407645
0.43888888888888883,-0.663239457911626,2.5367605420883743,-0.5580283325932465,2.148024760278817,1.0000344670130501e+18,34692003777264.773,1.0369441212985973,-0.0915585797578327,0.9453855415407645
0.4394444444444444,-0.6632394576430996,2.536760542356901,-0.5580283326651204,2.1480338585387995,1.000034480262483e+18,34704290727611.188,1.035913368228381,-0.09052782668761651,0.9453855415407645
0.43999999999999995,-0.6632394573787437,2.5367605426212565,-0.558028332736923,2.1480428506262523,1.0000344933468032e+18,34716438572088.656,1.0348826162455578,-0.08949707470479322,0.9453855415407647
0.44055555555555553,-0.6632394571185412,2.536760542881459,-0.5580283328086539,2.1480517366510914,1.0000345062666825e+18,34728447310138.63,1.0338518653377464,-0.08846632379698174,0.9453855415407647
0.4411111111111111,-0.6632394568624747,2.5367605431375253,-0.5580283328803134,2.1480605167226754,1.0000345190227877e+18,34740316942330.3,1.0328211154925657,-0.08743557395180099,0.9453855415407648
0.44166666666666665,-0.663239456610528,2.536760543389472,-0.5580283329519014,2.148069190948628,1.0000345316157567e+18,34752047468758.508,1.031790366697635,-0.08640482515687023,0.9453855415407647
0.44222222222222224,-0.6632394563626851,2.536760543637315,-0.558028333023418,2.1480777594349205,1.0000345440462154e+18,34763638889152.48,1.030759618940573,-0.08537407739980828,0.9453855415407647
0.44277777777777777,-0.6632394561189301,2.53676054388107,-0.5580283330948631,2.148086222286936,1.000034556314774e+18,34775091204305.586,1.029728872208999,-0.08434333066823442,0.9453855415407645
0.44333333333333336,-0.6632394558792482,2.536760544120752,-0.5580283331662368,2.1480945796077218,1.0000345684220211e+18,34786404413709.414,1.0286981264905324,-0.08331258494976757,0.9453855415407648
0.44388888888888883,-0.6632394556436242,2.536760544356376,-0.5580283332375389,2.1481028314996364,1.0000345803685315e+18,34797578517773.816,1.0276673817727917,-0.08228184023202698,0.9453855415407647
0.44444444444444436,-0.6632394554120438,2.536760544587956,-0.5580283333087694,2.1481109780635763,1.0000345921548695e+18,34808613516774.51,1.0266366380433962,-0.08125109650263163,0.9453855415407645
0.44499999999999995,-0.6632394551844933,2.5367605448155066,-0.5580283333799286,2.148119019398578,1.0000346037815727e+18,34819509410310.277,1.0256058952899652,-0.08022035374920058,0.9453855415407647
0.44555555555555554,-0.6632394549609588,2.5367605450390416,-0.5580283334510163,2.148126955603203,1.0000346152491789e+18,34830266199171.066,1.0245751535001175,-0.07918961195935315,0.9453855415407645
0.4461111111111111,-0.6632394547414272,2.536760545258573,-0.5580283335220324,2.1481347867737783,1.0000346265581965e+18,34840883882951.535,1.0235444126614728,-0.07815887112070824,0.9453855415407647
0.44666666666666666,-0.6632394545258856,2.5367605454741144,-0.5580283335929771,2.1481425130057517,1.000034637709128e+18,34851362461879.832,1.0225136727616497,-0.07712813122088523,0.9453855415407645
0.44722222222222224,-0.6632394543143214,2.536760545685679,-0.5580283336638503,2.148150134393389,1.0000346487024646e+18,34861701936402.055,1.0214829337882674,-0.07609739224750306,0.9453855415407644
0.4477777777777778,-0.6632394541067228,2.5367605458932774,-0.5580283337346522,2.14815765102892,1.0000346595386747e+18,34871902306021.09,1.0204521957289459,-0.07506665418818112,0.9453855415407647
0.4483333333333333,-0.6632394539030775,2.5367605460969225,-0.5580283338053825,2.148165063004148,1.0000346702182225e+18,34881963571471.934,1.019421458571303,-0.07403591703053844,0.9453855415407647
0.44888888888888884,-0.663239453703374,2.5367605462966263,-0.5580283338760412,2.1481723704088114,1.0000346807415538e+18,34891885732494.85,1.0183907223029587,-0.07300518076219417,0.9453855415407645
0.44944444444444437,-0.6632394535076015,2.5367605464923986,-0.5580283339466285,2.1481795733315385,1.0000346911091049e+18,34901668789126.812,1.0173599869115322,-0.07197444537076766,0.9453855415407645
0.44999999999999996,-0.6632394533157487,2.5367605466842513,-0.5580283340171445,2.148186671860042,1.000034701321303e+18,34911312741958.883,1.0163292523846426,-0.07094371084387795,0.9453855415407647
0.45055555555555554,-0.6632394531278053,2.5367605468721948,-0.5580283340875888,2.1481936660798735,1.0000347113785541e+18,34920817590441.574,1.015298518709909,-0.06991297716914446,0.9453855415407647
0.45111111111111113,-0.6632394529437609,2.5367605470562395,-0.5580283341579615,2.148200556076139,1.0000347212812604e+18,34930183335208.375,1.0142677858749507,-0.0688822443341862,0.9453855415407645
0.45166666666666666,-0.6632394527636055,2.5367605472363945,-0.558028334228263,2.1482073419320993,1.0000347310298147e+18,34939409976175.035,1.0132370538673874,-0.06785151232662265,0.9453855415407647
0.45222222222222225,-0.6632394525873295,2.536760547412671,-0.558028334298493,2.148214023729661,1.0000347406245893e+18,34948497513192.36,1.0122063226748375,-0.0668207811340728,0.9453855415407645
0.4527777777777778,-0.6632394524149232,2.536760547585077,-0.5580283343686513,2.148220601550042,1.0000347500659565e+18,34957445946954.746,1.0111755922849208,-0.06579005074415614,0.9453855415407645
0.45333333333333325,-0.6632394522463778,2.536760547753622,-0.5580283344387383,2.1482270754722417,1.0000347593542711e+18,34966255276913.312,1.0101448626852563,-0.06475932114449187,0.9453855415407644
0.45388888888888884,-0.663239452081684,2.536760547918316,-0.5580283345087537,2.148233445574725,1.0000347684898785e+18,34974925503559.53,1.009114133863464,-0.06372859232269913,0.9453855415407647
0.4544444444444444,-0.6632394519208333,2.536760548079167,-0.5580283345786977,2.1482397119343757,1.0000347774731217e+18,34983456626999.906,1.008083405807162,-0.06269786426639741,0.9453855415407645
0.45499999999999996,-0.6632394517638175,2.536760548236183,-0.5580283346485703,2.1482458746264737,1.000034786304322e+18,34991848646920.297,1.0070526785039704,-0.06166713696320582,0.9453855415407645
0.45555555555555555,-0.663239451610628,2.5367605483893723,-0.5580283347183713,2.1482519337257826,1.0000347949838034e+18,35000101564059.52,1.0060219519415086,-0.060636410400743856,0.9453855415407647
0.45611111111111113,-0.6632394514612572,2.536760548538743,-0.5580283347881009,2.1482578893048774,1.0000348035118696e+18,35008215377931.906,1.004991226107395,-0.059605684566630644,0.9453855415407645
0.45666666666666667,-0.6632394513156972,2.536760548684303,-0.5580283348577589,2.148263741435637,1.0000348118888242e+18,35016190088853.312,1.0039605009892505,-0.05857495944848569,0.9453855415407647
0.4572222222222222,-0.6632394511739406,2.5367605488260594,-0.5580283349273456,2.1482694901886434,1.0000348201149582e+18,35024025697120.367,1.002929776574693,-0.05754423503392825,0.9453855415407647
0.4577777777777778,-0.66323945103598,2.53676054896402,-0.5580283349968607,2.1482751356326553,1.000034828190553e+18,35031722202288.145,1.0018990528513423,-0.05651351131057754,0.9453855415407647
0.45833333333333326,-0.6632394509018085,2.536760549098192,-0.5580283350663042,2.148280677836009,1.0000348361158843e+18,35039279605075.67,1.0008683298068177,-0.055482788266053115,0.9453855415407647
0.45888888888888885,-0.6632394507714192,2.536760549228581,-0.5580283351356764,2.148286116864971,1.0000348438912202e+18,35046697905120.062,0.9998376074287387,-0.054452065887974146,0.9453855415407645
0.4594444444444444,-0.6632394506448055,2.536760549355195,-0.5580283352049771,2.148291452784894,1.0000348515168177e+18,35053977102540.26,0.998806885704725,-0.05342134416396018,0.9453855415407647
0.45999999999999996,-0.6632394505219608,2.536760549478039,-0.5580283352742063,2.1482966856601147,1.0000348589929281e+18,35061117197804.812,0.9977761646223952,-0.05239062308163041,0.9453855415407648
0.46055555555555555,-0.663239450402879,2.5367605495971213,-0.558028335343364,2.1483018155529727,1.000034866319794e+18,35068118190382.12,0.9967454441693689,-0.05135990262860442,0.9453855415407645
0.46111111111111114,-0.663239450287554,2.5367605497124464,-0.5580283354124504,2.148306842525403,1.0000348734976548e+18,35074980080914.04,0.995714724333266,-0.05032918279250135,0.9453855415407647
0.46166666666666667,-0.6632394501759797,2.53676054982402,-0.558028335481465,2.1483117666374665,1.0000348805267363e+18,35081702869204.15,0.9946840051017057,-0.04929846356094083,0.9453855415407648
0.4622222222222222,-0.6632394500681509,2.5367605499318495,-0.5580283355504084,2.148316587948049,1.00003488740726e+18,35088286555170.75,0.993653286462307,-0.04826774492154218,0.9453855415407648
0.4627777777777778,-0.6632394499640615,2.5367605500359387,-0.5580283356192801,2.148321306515281,1.0000348941394441e+18,35094731139416.945,0.992622568402689,-0.04723702686192467,0.9453855415407644
0.46333333333333326,-0.6632394498637065,2.5367605501362935,-0.5580283356880805,2.148325922395185,1.0000349007234938e+18,35101036621379.445,0.9915918509104726,-0.04620630936970796,0.9453855415407647
0.46388888888888885,-0.6632394497670806,2.53676055023292,-0.5580283357568093,2.1483304356433237,1.0000349071596137e+18,35107203001573.008,0.9905611339732758,-0.04517559243251123,0.9453855415407645
0.4644444444444444,-0.6632394496741789,2.5367605503258215,-0.5580283358254667,2.148334846313628,1.000034913447998e+18,35113230279993.98,0.9895304175787187,-0.04414487603795414,0.9453855415407645
0.46499999999999997,-0.6632394495849963,2.536760550415004,-0.5580283358940525,2.1483391544585886,1.0000349195888346e+18,35119118456375.258,0.9884997017144206,-0.04311416017365592,0.9453855415407647
0.46555555555555556,-0.6632394494995284,2.536760550500472,-0.5580283359625672,2.1483433601301467,1.0000349255823092e+18,35124867531396.75,0.9874689863680007,-0.04208344482723621,0.9453855415407645
0.4661111111111111,-0.6632394494177702,2.5367605505822297,-0.55802833603101,2.148347463378114,1.000034931428598e+18,35130477504529.703,0.9864382715270791,-0.04105272998631437,0.9453855415407647
0.4666666666666667,-0.6632394493397178,2.5367605506602824,-0.5580283360993814,2.1483514642517028,1.0000349371278711e+18,35135948376120.445,0.9854075571792744,-0.04002201563850973,0.9453855415407647
0.4672222222222222,-0.6632394492653667,2.5367605507346336,-0.5580283361676814,2.148355362798774,1.0000349426802941e+18,35141280146365.363,0.9843768433122067,-0.03899130177144198,0.9453855415407647
0.4677777777777778,-0.6632394491947129,2.5367605508052873,-0.55802833623591,2.1483591590655045,1.0000349480860275e+18,35146472814844.867,0.9833461299134951,-0.03796058837273038,0.9453855415407647
0.46833333333333327,-0.6632394491277522,2.536760550872248,-0.558028336304067,2.1483628530976406,1.0000349533452266e+18,35151526382244.07,0.9823154169707591,-0.03692987542999459,0.9453855415407645
0.46888888888888886,-0.663239449064481,2.536760550935519,-0.5580283363721525,2.148366444938886,1.0000349584580393e+18,35156440848139.06,0.9812847044716182,-0.035899162930853906,0.9453855415407644
0.4694444444444444,-0.6632394490048956,2.536760550995105,-0.5580283364401667,2.14836993463213,1.000034963424611e+18,35161216212678.25,0.9802539924036925,-0.034868450862928,0.9453855415407645
0.47,-0.6632394489489921,2.536760551051008,-0.5580283365081091,2.148373322219205,1.0000349682450774e+18,35165852476244.957,0.9792232807546009,-0.033837739213836274,0.9453855415407647
0.47055555555555556,-0.6632394488967678,2.5367605511032325,-0.5580283365759804,2.1483766077400475,1.0000349729195736e+18,35170349638312.316,0.9781925695119629,-0.03280702797119811,0.9453855415407647
0.4711111111111111,-0.6632394488482186,2.5367605511517817,-0.55802833664378,2.1483797912342113,1.0000349774482287e+18,35174707699504.38,0.9771618586633981,-0.03177631712263322,0.9453855415407648
0.4716666666666667,-0.6632394488033417,2.536760551196658,-0.5580283367115082,2.1483828727393726,1.0000349818311652e+18,35178926659556.64,0.9761311481965256,-0.030745606655760906,0.9453855415407647
0.4722222222222222,-0.6632394487621343,2.536760551237866,-0.558028336779165,2.148385852292136,1.0000349860685009e+18,35183006518409.223,0.9751004380989654,-0.029714896558200858,0.9453855415407645
0.4727777777777778,-0.6632394487245927,2.5367605512754077,-0.55802833684675,2.1483887299283175,1.000034990160353e+18,35186947276597.734,0.974069728358337,-0.028684186817572416,0.9453855415407647
0.4733333333333333,-0.6632394486907149,2.5367605513092855,-0.5580283369142638,2.148391505681699,1.0000349941068288e+18,35190748933544.92,0.9730390189622599,-0.027653477421495286,0.9453855415407645
0.47388888888888886,-0.6632394486604978,2.536760551339502,-0.558028336981706,2.148394179585635,1.0000349979080332e+18,35194411489757.07,0.9720083098983535,-0.026622768357588783,0.9453855415407647
0.4744444444444444,-0.663239448633939,2.5367605513660614,-0.5580283370490768,2.1483967516718416,1.0000350015640678e+18,35197934945162.984,0.9709776011542373,-0.02559205961347265,0.9453855415407645
0.475,-0.6632394486110358,2.5367605513889644,-0.5580283371163761,2.1483992219706796,1.0000350050750278e+18,35201319299505.8,0.969946892717531,-0.024561351176766305,0.9453855415407647
0.47555555555555556,-0.6632394485917861,2.5367605514082143,-0.558028337183604,2.1484015905119436,1.000035008441006e+18,35204564553416.11,0.968916184575854,-0.02353064303508918,0.9453855415407648
0.4761111111111111,-0.6632394485761873,2.536760551423813,-0.5580283372507603,2.1484038573233457,1.000035011662088e+18,35207670706335.42,0.9678854767168256,-0.02249993517606103,0.9453855415407645
0.4766666666666667,-0.6632394485642377,2.5367605514357625,-0.5580283373178452,2.1484060224320407,1.0000350147383581e+18,35210637758605.305,0.966854769128066,-0.021469227587301166,0.9453855415407648
0.47722222222222216,-0.663239448555935,2.536760551444065,-0.5580283373848587,2.1484080858638213,1.0000350176698982e+18,35213465710360.42,0.9658240617971938,-0.02043852025642936,0.9453855415407645
0.4777777777777778,-0.6632394485512771,2.5367605514487233,-0.5580283374518005,2.1484100476428627,1.0000350204567772e+18,35216154561179.26,0.9647933547118297,-0.01940781317106495,0.9453855415407648
0.47833333333333333,-0.6632394485502626,2.5367605514497376,-0.5580283375186709,2.14841190779291,1.0000350230990717e+18,35218704311711.19,0.9637626478595923,-0.018377106318827684,0.9453855415407647
0.47888888888888886,-0.6632394485528895,2.5367605514471108,-0.5580283375854698,2.148413666335689,1.0000350255968458e+18,35221114961493.34,0.9627319412281017,-0.017346399687337016,0.9453855415407647
0.4794444444444444,-0.6632394485591564,2.536760551440844,-0.5580283376521974,2.1484153232921575,1.0000350279501641e+18,35223386510668.02,0.9617012348049772,-0.016315693264212398,0.9453855415407647
0.48,-0.6632394485690615,2.536760551430939,-0.5580283377188534,2.1484168786822027,1.0000350301590861e+18,35225518959565.42,0.9606705285778384,-0.015284987037073603,0.9453855415407648
0.4805555555555555,-0.6632394485826034,2.5367605514173968,-0.5580283377854378,2.1484183325238706,1.0000350322236652e+18,35227512307645.875,0.9596398225343046,-0.014254280993539977,0.9453855415407647
0.48111111111111104,-0.663239448599781,2.536760551400219,-0.5580283378519508,2.1484196848348294,1.0000350341439546e+18,35229366555505.42,0.9586091166619959,-0.013223575121231287,0.9453855415407645
0.4816666666666667,-0.663239448620593,2.536760551379407,-0.5580283379183926,2.1484209356308845,1.0000350359200015e+18,35231081702838.18,0.9575784109485316,-0.012192869407766902,0.9453855415407647
0.4822222222222222,-0.6632394486450381,2.536760551354962,-0.5580283379847626,2.148422084926806,1.0000350375518502e+18,35232657749573.19,0.9565477053815311,-0.01116216384076658,0.9453855415407645
0.48277777777777775,-0.6632394486731155,2.5367605513268847,-0.5580283380510612,2.1484231327365726,1.0000350390395428e+18,35234094696202.16,0.9555169999486145,-0.010131458407849802,0.9453855415407647
0.4833333333333333,-0.6632394487048241,2.536760551295176,-0.5580283381172884,2.148424079072161,1.0000350403831123e+18,35235392542126.38,0.9544862946374005,-0.009100753096636036,0.9453855415407645
0.4838888888888888,-0.6632394487401629,2.536760551259837,-0.558028338183444,2.148424923945136,1.0000350415825948e+18,35236551287827.21,0.9534555894355095,-0.008070047894745042,0.9453855415407644
0.48444444444444446,-0.6632394487791315,2.5367605512208686,-0.5580283382495281,2.1484256673654243,1.0000350426380188e+18,35237570933194.17,0.9524248843305607,-0.00703934278979621,0.9453855415407645
0.48500000000000004,-0.663239448821729,2.536760551178271,-0.5580283383155409,2.148426309341633,1.0000350435494107e+18,35238451477952.914,0.9513941793101738,-0.0060086377694093035,0.9453855415407645
0.4855555555555556,-0.6632394488679549,2.536760551132045,-0.5580283383814821,2.1484268498817998,1.0000350443167944e+18,35239192922697.85,0.9503634743619683,-0.004977932821203697,0.9453855415407647
0.4861111111111111,-0.6632394489178087,2.5367605510821916,-0.5580283384473519,2.1484272889919005,1.000035044940185e+18,35239795266843.625,0.9493327694735638,-0.003947227932799181,0.9453855415407647
0.48666666666666664,-0.6632394489712901,2.53676055102871,-0.5580283385131501,2.1484276266773668,1.0000350454195997e+18,35240258510706.555,0.9483020646325798,-0.0029165230918151096,0.9453855415407647
0.48722222222222217,-0.6632394490283985,2.536760550971602,-0.5580283385788769,2.1484278629422717,1.0000350457550518e+18,35240582654386.35,0.947271359826636,-0.0018858182858712846,0.9453855415407647
0.4877777777777777,-0.663239449089134,2.5367605509108664,-0.5580283386445323,2.1484279977890894,1.0000350459465462e+18,35240767697438.12,0.9462406550433519,-0.00085511350258717,0.9453855415407647
0.48833333333333334,-0.6632394491534963,2.5367605508465036,-0.558028338710116,2.1484280312198667,1.0000350459940909e+18,35240813640479.58,0.9452099502703467,0.00017559127041775967,0.9453855415407645
0.4888888888888889,-0.6632394492214856,2.5367605507785145,-0.5580283387756285,2.148427963234644,1.0000350458976847e+18,35240720483019.56,0.9441792454952409,0.0012062960455237084,0.9453855415407647
0.4894444444444444,-0.6632394492931017,2.5367605507068984,-0.5580283388410694,2.1484277938326994,1.0000350456573253e+18,35240488225172.38,0.9431485407056532,0.0022370008351113215,0.9453855415407647
0.49,-0.6632394493683449,2.536760550631655,-0.5580283389064388,2.1484275230122463,1.0000350452730079e+18,35240116867238.13,0.9421178358892037,0.003267705651560799,0.9453855415407645
0.4905555555555555,-0.6632394494472154,2.536760550552785,-0.5580283389717368,2.148427150769665,1.0000350447447231e+18,35239606408649.58,0.9410871310335122,0.004298410507252775,0.9453855415407648
0.49111111111111105,-0.6632394495297134,2.536760550470287,-0.5580283390369631,2.1484266771009604,1.0000350440724585e+18,35238956849972.22,0.9400564261261973,0.005329115414567475,0.9453855415407648
0.4916666666666666,-0.6632394496158396,2.5367605503841606,-0.5580283391021182,2.148426102000281,1.0000350432561958e+18,35238168190873.664,0.9390257211548793,0.0063598203858854065,0.9453855415407647
0.4922222222222222,-0.6632394497055942,2.5367605502944057,-0.5580283391672016,2.148425425460741,1.000035042295916e+18,35237240431251.17,0.9379950161071774,0.007390525433587115,0.9453855415407645
0.49277777777777776,-0.6632394497989782,2.5367605502010218,-0.5580283392322137,2.148424647474668,1.0000350411915954e+18,35236173571570.266,0.9369643109707114,0.008421230570052809,0.9453855415407644
0.4933333333333333,-0.6632394498959919,2.5367605501040082,-0.5580283392971543,2.148423768032389,1.000035039943207e+18,35234967611202.69,0.9359336057331016,0.009451935807663122,0.9453855415407647
0.4938888888888888,-0.6632394499966363,2.536760550003364,-0.5580283393620233,2.148422787123815,1.00003503855072e+18,35233622550597.914,0.9349029003819662,0.010482641158798286,0.9453855415407645
0.49444444444444446,-0.6632394501009122,2.536760549899088,-0.558028339426821,2.1484217047372285,1.0000350370140998e+18,35232138389622.54,0.9338721949049257,0.011513346635838917,0.9453855415407645
0.49500000000000005,-0.6632394502088207,2.5367605497911794,-0.5580283394915471,2.1484205208595792,1.000035035333309e+18,35230515127966.96,0.9328414892895992,0.012544052251165259,0.9453855415407645
0.4955555555555556,-0.6632394503203628,2.5367605496796375,-0.5580283395562018,2.148419235477257,1.0000350335083067e+18,35228752766200.86,0.9318107835236067,0.013574758017157938,0.9453855415407645
0.4961111111111111,-0.6632394504355396,2.5367605495644607,-0.5580283396207849,2.1484178485745806,1.0000350315390449e+18,35226851303710.34,0.9307800775945674,0.014605463946197184,0.9453855415407647
0.49666666666666665,-0.6632394505543524,2.5367605494456478,-0.5580283396852966,2.148416360135319,1.0000350294254756e+18,35224810740776.84,0.9297493714901008,0.015636170050663548,0.9453855415407645
0.4972222222222222,-0.6632394506768026,2.5367605493231977,-0.5580283397497368,2.1484147701418883,1.0000350271675474e+18,35222631077480.99,0.9287186651978271,0.01666687634293755,0.9453855415407647
0.4977777777777777,-0.6632394508028916,2.5367605491971084,-0.5580283398141055,2.1484130785750866,1.0000350247652019e+18,35220312313340.445,0.9276879587053652,0.017697582835399444,0.9453855415407647
0.49833333333333335,-0.6632394509326209,2.5367605490673792,-0.5580283398784027,2.148411285415291,1.0000350222183791e+18,35217854448947.125,0.9266572520003347,0.01872828954042988,0.9453855415407645
0.4988888888888889,-0.6632394510659925,2.5367605489340077,-0.5580283399426286,2.1484093906408592,1.0000350195270136e+18,35215257483784.8,0.9256265450703556,0.019758996470409077,0.9453855415407647
0.4994444444444444,-0.6632394512030078,2.5367605487969924,-0.5580283400067829,2.1484073942293738,1.0000350166910388e+18,35212521417929.23,0.9245958379030469,0.02078970363771771,0.9453855415407647
0.5,-0.6632394513436686,2.5367605486563316,-0.5580283400708657,2.1484052961573585,1.0000350137103817e+18,35209646251664.3,0.9235651304860285,0.02182041105473602,0.9453855415407645
0.5005555555555555,-0.6632394514879772,2.536760548512023,-0.5580283401348771,2.148403096399479,1.0000350105849645e+18,35206631984384.88,0.9225344228069201,0.022851118733844555,0.9453855415407647
0.5011111111111111,-0.6632394516359355,2.5367605483640645,-0.5580283401988169,2.1484007949300215,1.0000350073147085e+18,35203478616628.15,0.9215037148533408,0.023881826687423793,0.9453855415407647
0.5016666666666667,-0.6632394517875455,2.5367605482124547,-0.5580283402626852,2.1483983917214107,1.0000350038995287e+18,35200186148040.93,0.9204730066129103,0.02491253492785438,0.9453855415407647
0.5022222222222222,-0.6632394519428099,2.5367605480571904,-0.5580283403264823,2.1483958867450097,1.0000350003393344e+18,35196754578478.82,0.9194422980732483,0.025943243467516384,0.9453855415407647
0.5027777777777778,-0.6632394521017307,2.5367605478982695,-0.5580283403902078,2.1483932799714003,1.0000349966340353e+18,35193183908392.1,0.9184115892219742,0.02697395231879048,0.9453855415407647
0.5033333333333333,-0.6632394522643106,2.53676054773569,-0.5580283404538616,2.1483905713691347,1.0000349927835308e+18,35189474137116.305,0.9173808800467075,0.028004661494057136,0.9453855415407647
0.5038888888888889,-0.6632394524305523,2.5367605475694477,-0.5580283405174443,2.148387760906338,1.0000349887877203e+18,35185625265069.234,0.9163501705350676,0.029035371005697037,0.9453855415407647
0.5044444444444445,-0.6632394526004581,2.536760547399542,-0.5580283405809552,2.1483848485495027,1.0000349846464978e+18,35181637292100.746,0.9153194606746744,0.03006608086609024,0.9453855415407647
0.5049999999999999,-0.6632394527740314,2.5367605472259687,-0.5580283406443948,2.1483818342637524,1.000034980359752e+18,35177510217857.742,0.9142887504531473,0.031096791087617447,0.9453855415407647
0.5055555555555554,-0.6632394529512748,2.5367605470487256,-0.5580283407077627,2.1483787180136513,1.0000349759273663e+18,35173244042893.445,0.9132580398581055,0.03212750168265916,0.9453855415407647
0.506111111111111,-0.6632394531321917,2.5367605468678085,-0.5580283407710593,2.1483754997616638,1.0000349713492211e+18,35168838766561.38,0.912227328877169,0.03315821266359584,0.9453855415407647
0.5066666666666666,-0.663239453316785,2.5367605466832153,-0.5580283408342844,2.148372179469684,1.000034966625191e+18,35164294389107.668,0.9111966174979564,0.03418892404280823,0.9453855415407647
0.5072222222222222,-0.6632394535050583,2.536760546494942,-0.5580283408974381,2.1483687570982486,1.0000349617551474e+18,35159610910599.48,0.9101659057080882,0.03521963583267639,0.9453855415407645
0.5077777777777778,-0.663239453697015,2.536760546302985,-0.5580283409605202,2.1483652326062326,1.0000349567389516e+18,35154788330510.504,0.9091351934951837,0.03625034804558107,0.9453855415407647
0.5083333333333333,-0.6632394538926586,2.5367605461073417,-0.5580283410235309,2.1483616059520867,1.0000349515764659e+18,35149826649413.453,0.9081044808468619,0.03728106069390276,0.9453855415407647
0.5088888888888888,-0.6632394540919929,2.5367605459080074,-0.5580283410864701,2.148357877092214,1.0000349462675438e+18,35144725866764.266,0.9070737677507428,0.03831177379002197,0.9453855415407647
0.5094444444444445,-0.6632394542950218,2.536760545704978,-0.5580283411493379,2.148354045982209,1.0000349408120334e+18,35139485982600.062,0.9060430541944451,0.03934248734631946,0.9453855415407645
0.51,-0.6632394545017493,2.536760545498251,-0.558028341212134,2.1483501125766074,1.000034935209781e+18,35134106997193.29,0.9050123401655894,0.04037320137517532,0.9453855415407647
0.5105555555555555,-0.6632394547121797,2.5367605452878204,-0.5580283412748589,2.1483460768280302,1.0000349294606232e+18,35128588909895.457,0.9039816256517943,0.041403915888970313,0.9453855415407647
0.5111111111111111,-0.663239454926317,2.536760545073683,-0.5580283413375121,2.1483419386887177,1.0000349235643951e+18,35122931721221.887,0.9029509106406797,0.04243463090008498,0.9453855415407647
0.5116666666666667,-0.6632394551441658,2.5367605448558344,-0.5580283414000939,2.148337698109014,1.0000349175209213e+18,35117135430795.703,0.9019201951198644,0.04346534642090006,0.9453855415407645
0.5122222222222222,-0.6632394553657308,2.5367605446342694,-0.5580283414626043,2.1483333550381625,1.0000349113300198e+18,35111200038431.445,0.9008894790769688,0.04449606246379573,0.9453855415407645
0.5127777777777778,-0.6632394555910166,2.536760544408984,-0.5580283415250431,2.1483289094246203,1.0000349049915105e+18,35105125544568.78,0.8998587624996119,0.04552677904115272,0.9453855415407647
0.5133333333333333,-0.6632394558200283,2.536760544179972,-0.5580283415874105,2.14832436121476,1.0000348985051986e+18,35098911948501.477,0.8988280453754129,0.04655749616535161,0.9453855415407645
0.5138888888888888,-0.6632394560527708,2.5367605439472296,-0.5580283416497065,2.148319710354512,1.000034891870889e+18,35092559250623.133,0.8977973276919917,0.04758821384877298,0.9453855415407647
0.5144444444444445,-0.6632394562892494,2.5367605437107508,-0.5580283417119308,2.1483149567881417,1.0000348850883754e+18,35086067450763.133,0.8967666094369671,0.048618932103797606,0.9453855415407647
0.5149999999999999,-0.6632394565294695,2.536760543470531,-0.5580283417740838,2.1483101004585,1.0000348781574491e+18,35079436548526.05,0.8957358905979589,0.04964965094280569,0.9453855415407647
0.5155555555555554,-0.6632394567734367,2.5367605432265634,-0.5580283418361652,2.1483051413078673,1.0000348710778918e+18,35072666544454.15,0.8947051711625866,0.05068037037817802,0.9453855415407647
0.516111111111111,-0.6632394570211568,2.5367605429788433,-0.5580283418981753,2.1483000792763693,1.0000348638494785e+18,35065757437861.562,0.8936744511184693,0.05171109042229517,0.9453855415407645
0.5166666666666666,-0.6632394572726357,2.5367605427273645,-0.5580283419601137,2.148294914303535,1.0000348564719795e+18,35058709228968.277,0.8926437304532266,0.052741811087538004,0.9453855415407647
0.5172222222222222,-0.6632394575278795,2.5367605424721207,-0.5580283420219808,2.1482896463275067,1.0000348489451555e+18,35051521917823.473,0.8916130091544779,0.053772532386286695,0.9453855415407647
0.5177777777777778,-0.6632394577868946,2.5367605422131057,-0.5580283420837764,2.148284275284709,1.0000348412687592e+18,35044195503857.656,0.8905822872098426,0.05480325433092209,0.9453855415407647
0.5183333333333333,-0.6632394580496874,2.5367605419503128,-0.5580283421455003,2.148278801111129,1.0000348334425384e+18,35036729987632.566,0.8895515646069398,0.05583397693382482,0.9453855415407647
0.5188888888888888,-0.6632394583162649,2.5367605416837353,-0.558028342207153,2.148273223740645,1.0000348254662301e+18,35029125368566.664,0.8885208413333892,0.05686470020737553,0.9453855415407647
0.5194444444444445,-0.6632394585866337,2.5367605414133667,-0.5580283422687342,2.1482675431062987,1.0000348173395668e+18,35021381646669.414,0.8874901173768096,0.05789542416395506,0.9453855415407647
0.52,-0.663239458860801,2.5367605411391994,-0.5580283423302439,2.148261759140036,1.0000348090622702e+18,35013498822197.797,0.886459392724821,0.05892614881594366,0.9453855415407647
0.5205555555555555,-0.6632394591387742,2.536760540861226,-0.558028342391682,2.148255871771829,1.0000348006340526e+18,35005476894458.883,0.8854286673650424,0.05995687417572222,0.9453855415407647
0.5211111111111111,-0.6632394594205608,2.536760540579439,-0.5580283424530486,2.1482498809312505,1.0000347920546248e+18,34997315863958.008,0.8843979412850931,0.06098760025567138,0.9453855415407645
0.5216666666666666,-0.6632394597061688,2.536760540293831,-0.5580283425143439,2.148243786545914,1.00003478332368e+18,34989015730281.957,0.8833672144725927,0.062018327068171855,0.9453855415407645
0.5222222222222223,-0.6632394599956061,2.536760540004394,-0.5580283425755677,2.148237588542293,1.0000347744409057e+18,34980576493216.367,0.88233648691516,0.06304905462560453,0.9453855415407645
0.5227777777777778,-0.6632394602888807,2.5367605397111195,-0.5580283426367199,2.1482312868460434,1.0000347654059821e+18,34971998153188.5,0.8813057586004149,0.0640797829403497,0.9453855415407645
0.5233333333333333,-0.6632394605860015,2.536760539413999,-0.5580283426978007,2.1482248813806617,1.000034756218576e+18,34963280709445.664,0.8802750295159765,0.06511051202478829,0.9453855415407647
0.5238888888888888,-0.6632394608869769,2.5367605391130232,-0.55802834275881,2.1482183720691848,1.0000347468783492e+18,34954424162373.332,0.8792442996494637,0.06614124189130101,0.9453855415407647
0.5244444444444445,-0.6632394611918162,2.536760538808184,-0.5580283428197478,2.148211758832918,1.0000347373849491e+18,34945428511765.53,0.8782135689884958,0.06717197255226878,0.9453855415407647
0.5249999999999999,-0.6632394615005286,2.536760538499472,-0.5580283428806142,2.148205041591702,1.000034727738015e+18,34936293757195.953,0.8771828375206926,0.06820270402007193,0.9453855415407645
0.5255555555555554,-0.6632394618131234,2.5367605381868765,-0.558028342941409,2.1481982202647782,1.0000347179371808e+18,34927019899199.28,0.876152105233673,0.06923343630709142,0.9453855415407645
0.526111111111111,-0.6632394621296107,2.5367605378703892,-0.5580283430021324,2.148191294769148,1.0000347079820579e+18,34917606937039.74,0.8751213721150565,0.07026416942570804,0.9453855415407645
0.5266666666666666,-0.6632394624500004,2.5367605375499997,-0.5580283430627843,2.1481842650211975,1.000034697872256e+18,34908054870931.516,0.874090638152462,0.0712949033883025,0.9453855415407645
0.5272222222222223,-0.663239462774303,2.536760537225697,-0.5580283431233647,2.1481771309358524,1.0000346876073729e+18,34898363700890.223,0.8730599033335089,0.07232563820725582,0.9453855415407647
0.5277777777777778,-0.6632394631025293,2.5367605368974706,-0.5580283431838737,2.1481698924262638,1.0000346771869894e+18,34888533426312.027,0.8720291676458162,0.07335637389494834,0.9453855415407645
0.5283333333333333,-0.6632394634346899,2.5367605365653105,-0.5580283432443112,2.1481625494051197,1.0000346666106826e+18,34878564047758.113,0.8709984310770036,0.07438711046376113,0.9453855415407647
0.5288888888888889,-0.6632394637707965,2.536760536229204,-0.5580283433046771,2.1481551017828986,1.0000346558780065e+18,34868455564592.12,0.8699676936146897,0.07541784792607491,0.9453855415407647
0.5294444444444445,-0.6632394641108605,2.5367605358891394,-0.5580283433649718,2.148147549469223,1.000034644988513e+18,34858207976819.88,0.8689369552464938,0.0764485862942708,0.9453855415407647
0.53,-0.6632394644548938,2.536760535545106,-0.5580283434251947,2.148139892372547,1.0000346339417373e+18,34847821284668.68,0.8679062159600356,0.07747932558072915,0.9453855415407647
0.5305555555555556,-0.663239464802909,2.536760535197091,-0.5580283434853462,2.148132130399279,1.0000346227371969e+18,34837295487405.516,0.8668754757429337,0.078510065797831,0.9453855415407647
0.5311111111111111,-0.6632394651549183,2.536760534845082,-0.5580283435454263,2.148124263455405,1.0000346113744054e+18,34826630585543.746,0.8658447345828073,0.07954080695795726,0.9453855415407645
0.5316666666666666,-0.663239465510935,2.536760534489065,-0.558028343605435,2.1481162914448406,1.000034599852854e+18,34815826578610.477,0.864813992467276,0.08057154907348874,0.9453855415407647
0.5322222222222223,-0.6632394658709726,2.5367605341290274,-0.5580283436653721,2.1481082142703394,1.0000345881720216e+18,34804883466388.19,0.863783249383958,0.08160229215680656,0.9453855415407645
0.5327777777777778,-0.6632394662350443,2.536760533764956,-0.5580283437252376,2.148100031833765,1.0000345763313777e+18,34793801249282.082,0.8627525053204735,0.08263303622029114,0.9453855415407647
0.5333333333333333,-0.6632394666031647,2.5367605333968353,-0.5580283437850319,2.1480917440347285,1.0000345643303686e+18,34782579926490.406,0.8617217602644409,0.08366378127632365,0.9453855415407645
0.5338888888888889,-0.6632394669753481,2.536760533024652,-0.5580283438447545,2.1480833507723753,1.000034552168431e+18,34771219498416.16,0.8606910142034796,0.08469452733728496,0.9453855415407645
0.5344444444444443,-0.6632394673516095,2.5367605326483904,-0.5580283439044058,2.1480748519439854,1.0000345398449846e+18,34759719964790.426,0.8596602671252086,0.08572527441555594,0.9453855415407645
0.5349999999999999,-0.6632394677319643,2.536760532268036,-0.5580283439639855,2.1480662474453514,1.0000345273594304e+18,34748081325180.695,0.8586295190172468,0.0867560225235178,0.9453855415407645
0.5355555555555555,-0.663239468116428,2.536760531883572,-0.5580283440234937,2.1480575371715984,1.0000345147111589e+18,34736303580113.227,0.8575987698672135,0.08778677167355106,0.9453855415407645
0.536111111111111,-0.6632394685050171,2.5367605314949833,-0.5580283440829304,2.1480487210154973,1.0000345018995327e+18,34724386728789.508,0.8565680196627277,0.08881752187803686,0.9453855415407645
0.5366666666666666,-0.6632394688977481,2.536760531102252,-0.5580283441422957,2.1480397988692026,1.0000344889239086e+18,34712330771451.28,0.8555372683914084,0.08984827314935619,0.9453855415407647
0.5372222222222223,-0.6632394692946383,2.536760530705362,-0.5580283442015896,2.14803077062327,1.0000344757836214e+18,34700135708051.203,0.8545065160408744,0.0908790254998902,0.9453855415407645
0.5377777777777778,-0.6632394696957051,2.536760530304295,-0.558028344260812,2.1480216361664413,1.0000344624779782e+18,34687801537971.727,0.8534757625987451,0.09190977894201949,0.9453855415407645
0.5383333333333333,-0.6632394701009665,2.5367605298990337,-0.5580283443199628,2.1480123953869428,1.0000344490062865e+18,34675328261784.26,0.8524450080526395,0.09294053348812527,0.9453855415407647
0.5388888888888889,-0.6632394705104414,2.536760529489559,-0.5580283443790421,2.1480030481706467,1.0000344353678121e+18,34662715878773.348,0.8514142523901761,0.09397128915058854,0.9453855415407647
0.5394444444444444,-0.6632394709241487,2.5367605290758517,-0.55802834443805,2.1479935944025796,1.0000344215618167e+18,34649964388980.965,0.8503834955989742,0.09500204594179036,0.9453855415407645
0.54,-0.6632394713421081,2.536760528657892,-0.5580283444969866,2.1479840339664533,1.0000344075875375e+18,34637073792576.688,0.8493527376666528,0.09603280387411196,0.9453855415407647
0.5405555555555556,-0.6632394717643397,2.5367605282356607,-0.5580283445558514,2.147974366743877,1.0000343934441837e+18,34624044088801.598,0.8483219785808306,0.09706356295993399,0.9453855415407645
0.5411111111111111,-0.6632394721908643,2.536760527809136,-0.5580283446146449,2.147964592616004,1.0000343791309531e+18,34610875278199.754,0.8472912183291269,0.09809432321163772,0.9453855415407647
0.5416666666666666,-0.6632394726217032,2.5367605273782967,-0.5580283446733669,2.147954711461738,1.000034364647016e+18,34597567360204.38,0.8462604568991605,0.0991250846416042,0.9453855415407647
0.5422222222222223,-0.6632394730568785,2.5367605269431217,-0.5580283447320175,2.1479447231588433,1.000034349991516e+18,34584120334638.297,0.8452296942785498,0.10015584726221478,0.9453855415407645
0.5427777777777778,-0.6632394734964121,2.536760526503588,-0.5580283447905964,2.147934627584047,1.0000343351635857e+18,34570534201862.105,0.8441989304549145,0.10118661108585011,0.9453855415407645
0.5433333333333333,-0.6632394739403277,2.5367605260596724,-0.5580283448491039,2.1479244246117384,1.0000343201623155e+18,34556808961029.656,0.843168165415873,0.10221737612489154,0.9453855415407645
0.5438888888888889,-0.6632394743886488,2.5367605256113515,-0.5580283449075399,2.1479141141158284,1.0000343049867886e+18,34542944612596.156,0.8421373991490444,0.10324814239172023,0.9453855415407647
0.5444444444444443,-0.6632394748413999,2.5367605251586003,-0.5580283449659045,2.1479036959681594,1.0000342896360512e+18,34528941156187.703,0.8411066316420474,0.10427890989871728,0.9453855415407647
0.5449999999999999,-0.6632394752986062,2.536760524701394,-0.5580283450241976,2.1478931700391017,1.0000342741091238e+18,34514798591409.69,0.8400758628825005,0.10530967865826409,0.9453855415407645
0.5455555555555555,-0.6632394757602931,2.536760524239707,-0.5580283450824193,2.147882536198233,1.000034258405012e+18,34500516918767.46,0.8390450928580231,0.10634044868274137,0.9453855415407645
0.546111111111111,-0.6632394762264874,2.5367605237735127,-0.5580283451405693,2.1478717943126395,1.0000342425226744e+18,34486096137391.61,0.838014321556234,0.10737121998453059,0.9453855415407645
0.5466666666666666,-0.6632394766972162,2.536760523302784,-0.558028345198648,2.1478609442488157,1.0000342264610601e+18,34471536247597.81,0.8369835489647517,0.1084019925760129,0.9453855415407647
0.5472222222222223,-0.6632394771725074,2.5367605228274925,-0.5580283452566551,2.1478499858714253,1.0000342102190793e+18,34456837249228.746,0.8359527750711949,0.10943276646956972,0.9453855415407647
0.5477777777777778,-0.66323947765239,2.53676052234761,-0.5580283453145908,2.1478389190433225,1.0000341937956083e+18,34441999141693.875,0.8349219998631827,0.11046354167758192,0.9453855415407647
0.5483333333333333,-0.6632394781368932,2.536760521863107,-0.558028345372455,2.1478277436267477,1.0000341771895095e+18,34427021925578.23,0.8338912233283337,0.1114943182124309,0.9453855415407645
0.5488888888888889,-0.6632394786260474,2.536760521373953,-0.5580283454302477,2.1478164594813967,1.0000341603995909e+18,34411905600062.035,0.8328604454542667,0.11252509608649794,0.9453855415407647
0.5494444444444444,-0.6632394791198839,2.536760520880116,-0.5580283454879689,2.1478050664661734,1.0000341434246444e+18,34396650165281.227,0.8318296662286002,0.11355587531216431,0.9453855415407645
0.55,-0.6632394796184345,2.5367605203815655,-0.5580283455456188,2.147793564438422,1.0000341262634275e+18,34381255621299.152,0.8307988856389532,0.11458665590181147,0.9453855415407647
0.5505555555555556,-0.6632394801217325,2.5367605198782677,-0.5580283456031971,2.1477819532533595,1.0000341089146522e+18,34365721967365.35,0.8297681036729442,0.11561743786782037,0.9453855415407645
0.5511111111111111,-0.6632394806298111,2.536760519370189,-0.5580283456607038,2.1477702327656893,1.0000340913770121e+18,34350049204074.84,0.8287373203181921,0.1166482212225725,0.9453855415407647
0.5516666666666666,-0.6632394811427054,2.536760518857295,-0.5580283457181391,2.1477584028276167,1.0000340736491483e+18,34334237330725.617,0.8277065355623154,0.11767900597844919,0.9453855415407647
0.5522222222222222,-0.6632394816604512,2.536760518339549,-0.5580283457755031,2.147746463290284,1.0000340557296742e+18,34318286347247.91,0.826675749392933,0.11870979214783173,0.9453855415407647
0.5527777777777778,-0.6632394821830846,2.5367605178169157,-0.5580283458327954,2.1477344140035495,1.0000340376171703e+18,34302196253911.598,0.8256449617976628,0.11974057974310182,0.9453855415407647
0.5533333333333333,-0.6632394827106438,2.5367605172893564,-0.5580283458900163,2.147722254814872,1.0000340193101564e+18,34285967049851.176,0.8246141727641243,0.12077136877664033,0.9453855415407647
0.5538888888888888,-0.6632394832431672,2.536760516756833,-0.5580283459471657,2.147709985571213,1.0000340008071434e+18,34269598735611.418,0.8235833822799359,0.12180215926082882,0.9453855415407647
0.5544444444444443,-0.6632394837806945,2.5367605162193057,-0.5580283460042434,2.1476976061171653,1.0000339821065747e+18,34253091310658.02,0.822552590332716,0.12283295120804878,0.9453855415407648
0.5549999999999999,-0.663239484323267,2.5367605156767334,-0.55802834606125,2.1476851162959423,1.0000339632068584e+18,34236444774707.586,0.8215217969100828,0.1238637446306818,0.9453855415407645
0.5555555555555555,-0.6632394848709259,2.536760515129074,-0.5580283461181849,2.1476725159497287,1.0000339441063752e+18,34219659128205.29,0.8204910019996557,0.12489453954110888,0.9453855415407645
0.5561111111111111,-0.6632394854237149,2.5367605145762853,-0.5580283461750483,2.147659804918098,1.0000339248034307e+18,34202734370223.27,0.8194602055890527,0.12592533595171168,0.9453855415407645
0.5566666666666666,-0.6632394859816781,2.5367605140183223,-0.5580283462318404,2.1476469830400657,1.0000339052963132e+18,34185670501205.855,0.8184294076658928,0.12695613387487176,0.9453855415407645
0.5572222222222222,-0.6632394865448609,2.5367605134551394,-0.5580283462885608,2.1476340501524667,1.0000338855832513e+18,34168467520818.484,0.8173986082177942,0.12798693332297043,0.9453855415407647
0.5577777777777778,-0.6632394871133102,2.53676051288669,-0.5580283463452098,2.1476210060904166,1.0000338656624143e+18,34151125428572.91,0.8163678072323751,0.1290177343083895,0.9453855415407647
0.5583333333333333,-0.6632394876870736,2.5367605123129264,-0.5580283464017873,2.1476078506882215,1.0000338455319539e+18,34133644225043.06,0.8153370046972546,0.13004853684350998,0.9453855415407645
0.5588888888888889,-0.6632394882662012,2.536760511733799,-0.5580283464582935,2.1475945837774377,1.0000338251899301e+18,34116023909298.44,0.8143062006000509,0.13107934094071377,0.9453855415407647
0.5594444444444444,-0.6632394888507428,2.5367605111492573,-0.558028346514728,2.147581205188924,1.0000338046343846e+18,34098264481642.062,0.8132753949283822,0.13211014661238224,0.9453855415407645
0.56,-0.6632394894407508,2.5367605105592492,-0.558028346571091,2.1475677147515904,1.0000337838632892e+18,34080365941954.445,0.8122445876698675,0.13314095387089725,0.9453855415407648
0.5605555555555556,-0.663239490036279,2.536760509963721,-0.5580283466273825,2.1475541122922914,1.0000337628745489e+18,34062328289566.63,0.8112137788121248,0.1341717627286399,0.9453855415407645
0.5611111111111111,-0.663239490637382,2.536760509362618,-0.5580283466836028,2.147540397637224,1.0000337416660463e+18,34044151525121.977,0.8101829683427726,0.13520257319799198,0.9453855415407645
0.5616666666666666,-0.6632394912441163,2.5367605087558838,-0.5580283467397514,2.1475265706097892,1.0000337202355685e+18,34025835647751.863,0.8091521562494295,0.1362333852913351,0.9453855415407645
0.5622222222222222,-0.6632394918565399,2.5367605081434603,-0.5580283467958285,2.147512631032478,1.0000336985808622e+18,34007380657586.336,0.8081213425197136,0.13726419902105094,0.9453855415407645
0.5627777777777778,-0.6632394924747123,2.5367605075252877,-0.5580283468518342,2.1474985787260845,1.000033676699618e+18,33988786554721.418,0.8070905271412435,0.13829501439952124,0.9453855415407648
0.5633333333333334,-0.6632394930986949,2.536760506901305,-0.5580283469077684,2.1474844135090336,1.0000336545894349e+18,33970053338340.746,0.8060597101016376,0.1393258314391272,0.9453855415407647
0.5638888888888888,-0.6632394937285502,2.5367605062714498,-0.558028346963631,2.1474701351991747,1.0000336322478884e+18,33951181009099.1,0.8050288913885139,0.14035665015225082,0.9453855415407647
0.5644444444444443,-0.6632394943643433,2.536760505635657,-0.5580283470194223,2.1474557436115997,1.0000336096724477e+18,33932169566246.19,0.8039980709894909,0.1413874705512737,0.9453855415407645
0.5649999999999998,-0.6632394950061402,2.53676050499386,-0.558028347075142,2.1474412385602153,1.0000335868605326e+18,33913019009719.9,0.802967248892187,0.14241829264857753,0.9453855415407645
0.5655555555555555,-0.6632394956540091,2.536760504345991,-0.5580283471307904,2.1474266198574887,1.0000335638095037e+18,33893729339818.645,0.8019364250842204,0.14344911645654423,0.9453855415407645
0.5661111111111111,-0.6632394963080201,2.53676050369198,-0.5580283471863671,2.1474118873132415,1.000033540516611e+18,33874300555617.777,0.8009055995532096,0.14447994198755512,0.9453855415407647
0.5666666666666667,-0.6632394969682451,2.536760503031755,-0.5580283472418724,2.147397040736731,1.0000335169790794e+18,33854732657734.637,0.7998747722867725,0.14551076925399214,0.9453855415407647
0.5672222222222222,-0.663239497634758,2.536760502365242,-0.5580283472973061,2.147382079934562,1.0000334931940173e+18,33835025645578.285,0.7988439432725276,0.14654159826823698,0.9453855415407647
0.5677777777777778,-0.663239498307635,2.536760501692365,-0.5580283473526685,2.147367004711842,1.0000334691584652e+18,33815179518889.39,0.797813112498093,0.1475724290426717,0.9453855415407645
0.5683333333333334,-0.6632394989869533,2.5367605010130467,-0.5580283474079593,2.147351814872481,1.0000334448694108e+18,33795194278143.668,0.7967822799510871,0.1486032615896776,0.9453855415407647
0.5688888888888889,-0.6632394996727942,2.536760500327206,-0.5580283474631786,2.14733651021751,1.0000334203237051e+18,33775069922352.25,0.795751445619128,0.14963409592163673,0.9453855415407647
0.5694444444444444,-0.6632395003652389,2.5367604996347612,-0.5580283475183265,2.1473210905473485,1.0000333955181678e+18,33754806452054.48,0.7947206094898338,0.15066493205093084,0.9453855415407645
0.57,-0.6632395010643725,2.5367604989356276,-0.5580283475734028,2.1473055556599134,1.0000333704494995e+18,33734403866846.27,0.7936897715508229,0.15169576998994178,0.9453855415407647
0.5705555555555556,-0.6632395017702821,2.536760498229718,-0.5580283476284077,2.147289905351294,1.0000333451143064e+18,33713862166278.12,0.792658931789713,0.15272660975105162,0.9453855415407647
0.5711111111111111,-0.6632395024830562,2.536760497516944,-0.5580283476833411,2.147274139416591,1.0000333195091451e+18,33693181350968.145,0.7916280901941228,0.1537574513466418,0.9453855415407647
0.5716666666666667,-0.6632395032027874,2.536760496797213,-0.558028347738203,2.147258257647854,1.0000332936304109e+18,33672361419910.92,0.7905972467516702,0.1547882947890943,0.9453855415407645
0.5722222222222222,-0.6632395039295693,2.536760496070431,-0.5580283477929936,2.147242259836407,1.0000332674744649e+18,33651402373535.26,0.7895664014499735,0.15581914009079118,0.9453855415407647
0.5727777777777778,-0.6632395046634985,2.5367604953365017,-0.5580283478477124,2.1472261457712585,1.0000332410375351e+18,33630304211639.18,0.7885355542766503,0.15684998726411434,0.9453855415407647
0.5733333333333334,-0.6632395054046751,2.536760494595325,-0.5580283479023599,2.147209915239256,1.0000332143157347e+18,33609066933600.79,0.7875047052193193,0.1578808363214454,0.9453855415407647
0.5738888888888888,-0.6632395061532003,2.5367604938468,-0.5580283479569359,2.147193568026421,1.0000331873051244e+18,33587690540137.508,0.7864738542655981,0.15891168727516644,0.9453855415407645
0.5744444444444443,-0.6632395069091798,2.5367604930908203,-0.5580283480114403,2.1471771039156184,1.0000331600015873e+18,33566175030277.707,0.7854430014031052,0.15994254013765946,0.9453855415407647
0.5749999999999998,-0.6632395076727209,2.5367604923272795,-0.5580283480658732,2.1471605226888113,1.0000331324009448e+18,33544520404314.598,0.7844121466194584,0.16097339492130633,0.9453855415407647
0.5755555555555555,-0.6632395084439343,2.5367604915560658,-0.5580283481202348,2.14714382412586,1.0000331044988966e+18,33522726662252.742,0.7833812899022753,0.16200425163848925,0.9453855415407645
0.5761111111111111,-0.6632395092229344,2.536760490777066,-0.558028348174525,2.1471270080041385,1.000033076290987e+18,33500793803323.34,0.7823504312391749,0.1630351103015898,0.9453855415407647
0.5766666666666667,-0.6632395100098367,2.5367604899901632,-0.5580283482287434,2.1471100741003006,1.0000330477727099e+18,33478721828297.95,0.7813195706177745,0.16406597092299016,0.9453855415407647
0.5772222222222222,-0.6632395108047625,2.5367604891952378,-0.5580283482828905,2.1470930221878115,1.0000330189393587e+18,33456510736286.52,0.7802887080256924,0.16509683351507232,0.9453855415407647
0.5777777777777777,-0.6632395116078345,2.536760488392166,-0.558028348336966,2.147075852039001,1.0000329897861463e+18,33434160527429.758,0.7792578434505464,0.16612769809021835,0.9453855415407647
0.5783333333333334,-0.6632395124191791,2.536760487580821,-0.5580283483909702,2.147058563424318,1.0000329603081605e+18,33411671201934.33,0.7782269768799542,0.16715856466081042,0.9453855415407647
0.5788888888888889,-0.6632395132389275,2.5367604867610725,-0.5580283484449028,2.1470411561114204,1.0000329305002961e+18,33389042758913.344,0.7771961083015345,0.1681894332392302,0.9453855415407647
0.5794444444444444,-0.6632395140672117,2.5367604859327884,-0.5580283484987638,2.147023629867302,1.0000329003574007e+18,33366275199154.277,0.7761652377029048,0.1692203038378599,0.9453855415407647
0.58,-0.6632395149041704,2.53676048509583,-0.5580283485525535,2.1470059844557836,1.0000328698740919e+18,33343368521885.914,0.775134365071683,0.17025117646908167,0.9453855415407647
0.5805555555555556,-0.6632395157499444,2.5367604842500557,-0.5580283486062717,2.1469882196392867,1.0000328390448856e+18,33320322727089.223,0.7741034903954869,0.1712820511452777,0.9453855415407647
0.5811111111111111,-0.6632395166046776,2.5367604833953226,-0.5580283486599181,2.1469703351785645,1.0000328078641696e+18,33297137815161.414,0.7730726136619349,0.17231292787882974,0.9453855415407647
0.5816666666666667,-0.6632395174685206,2.53676048253148,-0.5580283487134934,2.146952330831305,1.0000327763261011e+18,33273813785128.465,0.7720417348586446,0.17334380668212007,0.9453855415407647
0.5822222222222222,-0.6632395183416248,2.5367604816583755,-0.5580283487669971,2.146934206354535,1.0000327444247782e+18,33250350637762.93,0.771010853973234,0.17437468756753077,0.9453855415407647
0.5827777777777777,-0.6632395192241478,2.536760480775852,-0.5580283488204292,2.1469159615021702,1.0000327121540544e+18,33226748372439.58,0.7699799709933206,0.175405570547444,0.9453855415407645
0.5833333333333334,-0.6632395201162516,2.5367604798837484,-0.5580283488737899,2.1468975960264367,1.0000326795076444e+18,33203006988980.938,0.7689490859065224,0.1764364556342421,0.9453855415407645
0.5838888888888888,-0.6632395210181007,2.5367604789818996,-0.5580283489270792,2.146879109678088,1.0000326464791369e+18,33179126487957.816,0.7679181987004579,0.17746734284030674,0.9453855415407645
0.5844444444444443,-0.663239521929867,2.536760478070133,-0.558028348980297,2.146860502204575,1.0000326130618408e+18,33155106868341.047,0.7668873093627442,0.17849823217802036,0.9453855415407645
0.5849999999999999,-0.6632395228517238,2.5367604771482766,-0.558028349033443,2.1468417733526413,1.0000325792490011e+18,33130948130864.656,0.7658564178809996,0.17952912365976512,0.9453855415407647
0.5855555555555555,-0.663239523783852,2.5367604762161484,-0.5580283490865179,2.146822922866013,1.000032545033597e+18,33106650275067.527,0.7648255242428414,0.18056001729792331,0.9453855415407647
0.5861111111111111,-0.6632395247264362,2.5367604752735637,-0.558028349139521,2.146803950486422,1.0000325104084232e+18,33082213300622.316,0.763794628435888,0.1815909131048768,0.9453855415407648
0.5866666666666667,-0.663239525679665,2.536760474320335,-0.5580283491924528,2.146784855954303,1.0000324753661555e+18,33057637208252.74,0.7627637304477568,0.18262181109300787,0.9453855415407647
0.5872222222222222,-0.663239526643735,2.5367604733562654,-0.5580283492453132,2.1467656390065812,1.0000324398991368e+18,33032921996906.71,0.7617328302660659,0.18365271127469882,0.9453855415407647
0.5877777777777777,-0.6632395276188447,2.5367604723811557,-0.558028349298102,2.1467462993793927,1.0000324039996306e+18,33008067667262.418,0.7607019278784327,0.1846836136623318,0.9453855415407645
0.5883333333333334,-0.6632395286052004,2.5367604713947998,-0.5580283493508192,2.146726836805967,1.0000323676596196e+18,32983074219033.875,0.7596710232724753,0.18571451826828927,0.9453855415407645
0.5888888888888889,-0.6632395296030142,2.536760470396986,-0.5580283494034651,2.1467072510172307,1.0000323308708443e+18,32957941651757.87,0.7586401164358116,0.186745425104953,0.9453855415407645
0.5894444444444444,-0.6632395306125011,2.536760469387499,-0.5580283494560394,2.14668754174296,1.0000322936249348e+18,32932669966288.61,0.7576092073560592,0.18777633418470546,0.9453855415407647
0.59,-0.6632395316338862,2.536760468366114,-0.5580283495085422,2.146667708709253,1.0000322559131292e+18,32907259161582.305,0.7565782960208358,0.18880724551992886,0.9453855415407647
0.5905555555555555,-0.663239532667397,2.536760467332603,-0.5580283495609735,2.1466477516412965,1.0000322177265714e+18,32881709238250.348,0.7555473824177592,0.18983815912300545,0.9453855415407647
0.5911111111111111,-0.6632395337132693,2.536760466286731,-0.5580283496133335,2.1466276702614966,1.000032179056095e+18,32856020196186.652,0.7545164665344469,0.1908690750063176,0.9453855415407645
0.5916666666666667,-0.6632395347717455,2.5367604652282547,-0.5580283496656218,2.146607464289649,1.0000321398922477e+18,32830192034810.418,0.7534855483585174,0.1918999931822473,0.9453855415407647
0.5922222222222222,-0.6632395358430718,2.536760464156928,-0.5580283497178387,2.1465871334445126,1.0000321002254538e+18,32804224755083.86,0.7524546278775878,0.19293091366317686,0.9453855415407647
0.5927777777777777,-0.6632395369275057,2.5367604630724943,-0.5580283497699841,2.1465666774410375,1.0000320600456938e+18,32778118356000.92,0.751423705079276,0.19396183646148862,0.9453855415407645
0.5933333333333334,-0.663239538025308,2.5367604619746924,-0.5580283498220581,2.146546095993109,1.000032019342823e+18,32751872838100.61,0.7503927799511996,0.19499276158956505,0.9453855415407645
0.5938888888888888,-0.6632395391367472,2.536760460863253,-0.5580283498740604,2.146525388811954,1.0000319781063717e+18,32725488201457.24,0.7493618524809768,0.19602368905978793,0.9453855415407647
0.5944444444444443,-0.6632395402621019,2.5367604597378985,-0.5580283499259913,2.146504555605901,1.0000319363255109e+18,32698964445393.08,0.7483309226562248,0.1970546188845398,0.9453855415407647
0.5949999999999999,-0.6632395414016532,2.536760458598347,-0.5580283499778506,2.146483596082315,1.0000318939892893e+18,32672301570958.387,0.7472999904645617,0.19808555107620288,0.9453855415407647
0.5955555555555555,-0.6632395425556958,2.5367604574443043,-0.5580283500296387,2.1464625099446533,1.0000318510862513e+18,32645499577210.47,0.7462690558936051,0.19911648564715947,0.9453855415407647
0.5961111111111111,-0.663239543724528,2.536760456275472,-0.5580283500813551,2.1464412968951314,1.0000318076047748e+18,32618558464616.12,0.7452381189309725,0.20014742260979204,0.9453855415407645
0.5966666666666667,-0.663239544908457,2.5367604550915432,-0.558028350133,2.1464199566334266,1.0000317635328997e+18,32591478233427.188,0.7442071795642822,0.20117836197648242,0.9453855415407647
0.5972222222222222,-0.6632395461078017,2.5367604538921986,-0.5580283501845735,2.146398488856036,1.0000317188582254e+18,32564258882890.34,0.7431762377811515,0.20220930375961316,0.9453855415407647
0.5977777777777777,-0.6632395473228837,2.5367604526771164,-0.5580283502360754,2.146376893258542,1.0000316735682235e+18,32536900414129.51,0.7421452935691983,0.2032402479715664,0.9453855415407647
0.5983333333333334,-0.6632395485540397,2.5367604514459607,-0.5580283502875059,2.1463551695325416,1.000031627649796e+18,32509402826285.133,0.74111434691604,0.2042711946247247,0.9453855415407647
0.5988888888888889,-0.6632395498016115,2.536760450198389,-0.5580283503388649,2.1463333173681933,1.0000315810896342e+18,32481766119757.51,0.7400833978092948,0.20530214373146985,0.9453855415407645
0.5994444444444444,-0.6632395510659503,2.53676044893405,-0.5580283503901523,2.146311336453231,1.0000315338740652e+18,32453990294971.19,0.7390524462365803,0.20633309530418437,0.9453855415407647
0.6,-0.6632395523474212,2.536760447652579,-0.5580283504413684,2.1462892264719393,1.0000314859888977e+18,32426075351118.33,0.738021492185514,0.2073640493552505,0.9453855415407645
0.6005555555555555,-0.663239553646392,2.5367604463536084,-0.558028350492513,2.1462669871077114,1.0000314374197939e+18,32398021289388.543,0.7369905356437141,0.20839500589705043,0.9453855415407645
0.6011111111111112,-0.6632395549632475,2.5367604450367525,-0.5580283505435859,2.1462446180398866,1.0000313881517806e+18,32369828109018.984,0.7359595765987981,0.20942596494196666,0.9453855415407647
0.6016666666666667,-0.6632395562983795,2.5367604437016205,-0.5580283505945873,2.146222118946169,1.000031338169614e+18,32341495810354.5,0.7349286150383836,0.21045692650238096,0.9453855415407645
0.6022222222222222,-0.6632395576521894,2.536760442347811,-0.5580283506455175,2.146199489501928,1.000031287457671e+18,32313024393986.5,0.7338976509500887,0.2114878905906758,0.9453855415407645
0.6027777777777777,-0.6632395590250946,2.5367604409749056,-0.558028350696376,2.146176729378834,1.0000312359997015e+18,32284413859073.246,0.7328666843215312,0.21251885721923341,0.9453855415407645
0.6033333333333333,-0.6632395604175164,2.536760439582484,-0.5580283507471631,2.146153838247664,1.0000311837793046e+18,32255664206867.664,0.7318357151403283,0.21354982640043615,0.9453855415407645
0.6038888888888888,-0.6632395618298949,2.536760438170105,-0.5580283507978786,2.1461308157750807,1.0000311307793578e+18,32226775436712.51,0.7308047433940986,0.2145807981466658,0.9453855415407645
0.6044444444444443,-0.6632395632626784,2.536760436737322,-0.5580283508485228,2.146107661625912,1.000031076982408e+18,32197747548912.637,0.7297737690704598,0.21561177247030483,0.9453855415407647
0.6049999999999999,-0.6632395647163257,2.5367604352836746,-0.5580283508990953,2.1460843754627192,1.000031022370594e+18,32168580544220.297,0.7287427921570291,0.21664274938373537,0.9453855415407645
0.6055555555555555,-0.6632395661913147,2.5367604338086855,-0.5580283509495964,2.146060956944134,1.0000309669253175e+18,32139274421779.74,0.727711812641425,0.2176737288993395,0.9453855415407645
0.6061111111111112,-0.6632395676881278,2.5367604323118726,-0.5580283510000259,2.1460374057278724,1.0000309106278113e+18,32109829182910.13,0.726680830511265,0.21870471102949965,0.9453855415407647
0.6066666666666667,-0.6632395692072676,2.5367604307927327,-0.558028351050384,2.1460137214674724,1.0000308534584969e+18,32080244827064.906,0.7256498457541671,0.21973569578659752,0.9453855415407645
0.6072222222222222,-0.6632395707492477,2.5367604292507524,-0.5580283511006706,2.1459899038144408,1.0000307953973952e+18,32050521354528.17,0.7246188583577493,0.22076668318301534,0.9453855415407647
0.6077777777777778,-0.6632395723145927,2.536760427685407,-0.5580283511508857,2.1459659524180705,1.0000307364240795e+18,32020658766207.64,0.7235878683096292,0.2217976732311353,0.9453855415407645
0.6083333333333333,-0.6632395739038495,2.5367604260961505,-0.5580283512010293,2.1459418669234975,1.0000306765172709e+18,31990657061252.555,0.7225568755974251,0.22282866594333947,0.9453855415407645
0.6088888888888889,-0.6632395755175697,2.5367604244824307,-0.5580283512511014,2.1459176469749135,1.0000306156554924e+18,31960516241056.47,0.7215258802087545,0.22385966133201007,0.9453855415407645
0.6094444444444445,-0.6632395771563286,2.5367604228436713,-0.558028351301102,2.1458932922122544,1.0000305538163556e+18,31930236305185.277,0.7204948821312359,0.22489065940952863,0.9453855415407645
0.61,-0.6632395788207138,2.5367604211792862,-0.5580283513510311,2.145868802273244,1.0000304909769893e+18,31899817253925.2,0.7194638813524871,0.2259216601882775,0.9453855415407645
0.6105555555555555,-0.6632395805113254,2.536760419488675,-0.5580283514008886,2.1458441767934127,1.000030427114037e+18,31869259088335.066,0.7184328778601259,0.22695266368063854,0.9453855415407645
0.6111111111111112,-0.663239582228789,2.536760417771211,-0.5580283514506748,2.145819415403922,1.0000303622031485e+18,31838561807587.31,0.7174018716417706,0.22798366989899402,0.9453855415407645
0.6116666666666667,-0.663239583973736,2.5367604160262642,-0.5580283515003894,2.1457945177349504,1.0000302962197475e+18,31807725413162.82,0.7163708626850392,0.22901467885572538,0.9453855415407647
0.6122222222222222,-0.6632395857468242,2.536760414253176,-0.5580283515500326,2.1457694834123298,1.0000302291382308e+18,31776749904739.336,0.7153398509775499,0.23004569056321472,0.9453855415407647
0.6127777777777776,-0.663239587548726,2.536760412451274,-0.5580283515996043,2.145744312059508,1.0000301609324211e+18,31745635282631.39,0.7143088365069207,0.2310767050338439,0.9453855415407645
0.6133333333333332,-0.663239589380128,2.5367604106198725,-0.5580283516491044,2.145719003297737,1.0000300915756054e+18,31714381548045.816,0.7132778192607699,0.2321077222799947,0.9453855415407647
0.6138888888888888,-0.6632395912417458,2.5367604087582545,-0.558028351698533,2.145693556743698,1.0000300210399223e+18,31682988700196.14,0.7122467992267153,0.23313874231404932,0.9453855415407647
0.6144444444444443,-0.663239593134302,2.536760406865698,-0.5580283517478903,2.1456679720130407,1.0000299492972499e+18,31651456740667.98,0.7112157763923757,0.2341697651483889,0.9453855415407645
0.6149999999999999,-0.6632395950585488,2.536760404941451,-0.5580283517971758,2.145642248716958,1.0000298763183064e+18,31619785669248.44,0.7101847507453691,0.2352007907953954,0.9453855415407645
0.6155555555555555,-0.663239597015256,2.5367604029847444,-0.55802835184639,2.1456163864641087,1.0000298020731336e+18,31587975486310.0,0.7091537222733141,0.23623181926745054,0.9453855415407647
0.6161111111111112,-0.6632395990052087,2.5367604009947913,-0.5580283518955327,2.1455903848609172,1.0000297265311756e+18,31556026193205.695,0.7081226909638284,0.23726285057693616,0.9453855415407645
0.6166666666666667,-0.6632396010292256,2.5367603989707748,-0.5580283519446039,2.1455642435090496,1.0000296496605562e+18,31523937789208.14,0.7070916568045311,0.23829388473623347,0.9453855415407647
0.6172222222222222,-0.6632396030881338,2.536760396911866,-0.5580283519936036,2.1455379620090866,1.0000295714290993e+18,31491710276029.234,0.7060606197830402,0.23932492175772424,0.9453855415407645
0.6177777777777778,-0.6632396051827935,2.5367603948172066,-0.5580283520425318,2.145511539957016,1.0000294918033084e+18,31459343653561.703,0.7050295798869748,0.24035596165378995,0.9453855415407647
0.6183333333333333,-0.6632396073140854,2.536760392685915,-0.5580283520913883,2.1454849769461615,1.0000294107489056e+18,31426837922269.35,0.7039985371039525,0.2413870044368121,0.9453855415407647
0.6188888888888889,-0.6632396094829078,2.5367603905170926,-0.5580283521401735,2.145458272567548,1.0000293282309347e+18,31394193083650.438,0.7029674914215924,0.2424180501191721,0.9453855415407645
0.6194444444444445,-0.6632396116901976,2.5367603883098027,-0.5580283521888872,2.145431426407253,1.0000292442129279e+18,31361409137055.78,0.7019364428275134,0.2434490987132512,0.9453855415407647
0.62,-0.6632396139369006,2.5367603860631,-0.5580283522375294,2.1454044380502255,1.0000291586580698e+18,31328486084348.895,0.7009053913093337,0.24448015023143072,0.9453855415407645
0.6205555555555555,-0.6632396162240013,2.5367603837759987,-0.5580283522861001,2.1453773070766426,1.0000290715280401e+18,31295423925523.523,0.6998743368546727,0.24551120468609197,0.9453855415407647
0.6211111111111111,-0.6632396185525071,2.5367603814474933,-0.5580283523345994,2.1453500330639264,1.0000289827836264e+18,31262222661172.38,0.6988432794511485,0.2465422620896161,0.9453855415407647
0.6216666666666667,-0.6632396209234459,2.5367603790765543,-0.5580283523830271,2.1453226155870873,1.0000288923848284e+18,31228882292938.316,0.6978122190863802,0.24757332245438443,0.9453855415407647
0.6222222222222222,-0.6632396233378893,2.536760376662111,-0.5580283524313833,2.145295054216019,1.0000288002899313e+18,31195402820271.8,0.6967811557479872,0.24860438579277755,0.9453855415407647
0.6227777777777777,-0.6632396257969194,2.5367603742030806,-0.5580283524796679,2.1452673485194347,1.0000287064568145e+18,31161784245216.324,0.6957500894235878,0.2496354521171768,0.9453855415407647
0.6233333333333332,-0.6632396283016628,2.536760371698337,-0.5580283525278811,2.1452394980610703,1.0000286108416328e+18,31128026567861.973,0.6947190201008018,0.250666521439963,0.9453855415407647
0.6238888888888888,-0.663239630853272,2.5367603691467284,-0.5580283525760229,2.1452115024018386,1.0000285133995318e+18,31094129788972.566,0.6936879477672474,0.2516975937735172,0.9453855415407645
0.6244444444444444,-0.6632396334529227,2.5367603665470773,-0.558028352624093,2.145183361100094,1.0000284140847401e+18,31060093910334.727,0.6926568724105449,0.25272866913021985,0.9453855415407647
0.625,-0.6632396361018412,2.536760363898159,-0.5580283526720918,2.1451550737089105,1.0000283128495351e+18,31025918931523.52,0.6916257940183128,0.25375974752245173,0.9453855415407645
0.6255555555555555,-0.6632396388012651,2.536760361198735,-0.5580283527200189,2.145126639780134,1.000028209645737e+18,30991604854793.4,0.6905947125781711,0.2547908289625935,0.9453855415407645
0.6261111111111111,-0.663239641552484,2.5367603584475162,-0.5580283527678748,2.145098058860386,1.0000281044231662e+18,30957151680326.645,0.6895636280777387,0.25582191346302574,0.9453855415407645
0.6266666666666667,-0.6632396443568156,2.5367603556431844,-0.558028352815659,2.145069330493434,1.000027997130527e+18,30922559409105.73,0.6885325405046354,0.25685300103612907,0.9453855415407645
0.6272222222222222,-0.6632396472156057,2.5367603527843947,-0.5580283528633717,2.145040454220293,1.0000278877154339e+18,30887828043058.85,0.6875014498464812,0.2578840916942834,0.9453855415407645
0.6277777777777778,-0.6632396501302569,2.536760349869743,-0.5580283529110129,2.14501142957655,1.0000277761233012e+18,30852957581916.277,0.6864703560908955,0.25891518544986925,0.9453855415407647
0.6283333333333333,-0.663239653102185,2.536760346897815,-0.5580283529585827,2.1449822560965126,1.0000276622990115e+18,30817948028175.645,0.6854392592254979,0.2599462823152667,0.9453855415407645
0.6288888888888889,-0.6632396561328658,2.5367603438671344,-0.5580283530060808,2.1449529333089776,1.000027546185135e+18,30782799382108.992,0.6844081592379087,0.26097738230285594,0.9453855415407645
0.6294444444444445,-0.6632396592238061,2.536760340776194,-0.5580283530535074,2.1449234607398986,1.0000274277230176e+18,30747511644970.727,0.6833770561157478,0.26200848542501687,0.9453855415407647
0.63,-0.6632396623765466,2.5367603376234538,-0.5580283531008626,2.1448938379122207,1.0000273068526966e+18,30712084818826.605,0.6823459498466354,0.2630395916941292,0.9453855415407647
0.6305555555555555,-0.6632396655926915,2.5367603344073086,-0.5580283531481465,2.1448640643433454,1.0000271835117338e+18,30676518903599.95,0.6813148404181918,0.26407070112257286,0.9453855415407647
0.6311111111111111,-0.6632396688738604,2.53676033112614,-0.5580283531953587,2.1448341395493293,1.0000270576370867e+18,30640813902063.84,0.6802837278180371,0.2651018137227275,0.9453855415407647
0.6316666666666667,-0.6632396722217422,2.536760327778258,-0.5580283532424993,2.144804063040392,1.0000269291630158e+18,30604969814580.84,0.6792526120337921,0.26613292950697265,0.9453855415407647
0.6322222222222222,-0.6632396756380601,2.53676032436194,-0.5580283532895687,2.1447738343239697,1.0000267980224628e+18,30568986642736.68,0.6782214930530772,0.2671640484876875,0.9453855415407647
0.6327777777777777,-0.6632396791245774,2.536760320875423,-0.5580283533365663,2.1447434529041622,1.0000266641467771e+18,30532864388727.86,0.6771903708635133,0.2681951706772514,0.9453855415407647
0.6333333333333332,-0.6632396826831289,2.536760317316871,-0.5580283533834925,2.14471291827945,1.000026527464558e+18,30496603052718.33,0.6761592454527212,0.2692262960880435,0.9453855415407647
0.6338888888888887,-0.6632396863155676,2.5367603136844323,-0.5580283534303473,2.1446822299468784,1.0000263879036856e+18,30460202637786.81,0.6751281168083219,0.27025742473244285,0.9453855415407647
0.6344444444444444,-0.6632396900238267,2.5367603099761737,-0.5580283534771305,2.144651387397304,1.0000262453889082e+18,30423663144392.832,0.6740969849179361,0.2712885566228284,0.9453855415407645
0.635,-0.6632396938098756,2.5367603061901245,-0.5580283535238422,2.144620390118892,1.0000260998435708e+18,30386984574518.46,0.6730658497691859,0.27231969177157866,0.9453855415407645
0.6355555555555555,-0.663239697675734,2.536760302324266,-0.5580283535704824,2.1445892375960782,1.0000259511890655e+18,30350166930481.293,0.6720347113496923,0.2733508301910723,0.9453855415407647
0.6361111111111111,-0.6632397016234999,2.5367602983765005,-0.5580283536170512,2.144557929307649,1.000025799343741e+18,30313210212745.348,0.6710035696470769,0.27438197189368774,0.9453855415407645
0.6366666666666667,-0.6632397056552923,2.536760294344708,-0.5580283536635482,2.1445264647308284,1.0000256442251012e+18,30276114424720.55,0.6699724246489611,0.27541311689180353,0.9453855415407645
0.6372222222222222,-0.6632397097733254,2.536760290226675,-0.5580283537099741,2.1444948433362754,1.0000254857469946e+18,30238879566978.773,0.6689412763429674,0.2764442651977973,0.9453855415407647
0.6377777777777778,-0.6632397139798494,2.536760286020151,-0.5580283537563282,2.1444630645920983,1.0000253238218134e+18,30201505641968.18,0.6679101247167176,0.2774754168240471,0.9453855415407648
0.6383333333333333,-0.6632397182771779,2.536760281722822,-0.5580283538026111,2.14443112796219,1.0000251583595232e+18,30163992652115.215,0.6668789697578339,0.27850657178293076,0.9453855415407647
0.6388888888888888,-0.6632397226677087,2.5367602773322915,-0.5580283538488221,2.1443990329048344,1.0000249892667803e+18,30126340598257.95,0.6658478114539388,0.2795377300868259,0.9453855415407647
0.6394444444444445,-0.6632397271538673,2.536760272846133,-0.558028353894962,2.144366778876566,1.000024816449202e+18,30088549484154.402,0.6648166497926545,0.28056889174811017,0.9453855415407647
0.64,-0.6632397317381873,2.536760268261813,-0.5580283539410302,2.144334365326975,1.0000246398081563e+18,30050619310518.09,0.6637854847616044,0.2816000567791603,0.9453855415407647
0.6405555555555555,-0.663239736423241,2.536760263576759,-0.5580283539870268,2.1443017917032714,1.0000244592435292e+18,30012550080335.812,0.6627543163484112,0.28263122519235356,0.9453855415407647
0.6411111111111111,-0.6632397412116784,2.5367602587883216,-0.558028354032952,2.1442690574478753,1.000024274652186e+18,29974341796129.277,0.6617231445406979,0.2836623970000668,0.9453855415407647
0.6416666666666667,-0.6632397461062404,2.53676025389376,-0.5580283540788057,2.1442361619977186,1.000024085927435e+18,29935994459201.332,0.660691969326088,0.2846935722146767,0.9453855415407647
0.6422222222222222,-0.6632397511097023,2.536760248890298,-0.558028354124588,2.144203104787714,1.000023892961263e+18,29897508073661.496,0.6596607906922053,0.2857247508485593,0.9453855415407645
0.6427777777777777,-0.6632397562249646,2.536760243775036,-0.5580283541702986,2.1441698852454723,1.0000236956407777e+18,29858882640415.31,0.6586296086266734,0.2867559329140911,0.9453855415407645
0.6433333333333332,-0.6632397614549665,2.5367602385450336,-0.5580283542159379,2.144136502796407,1.0000234938515741e+18,29820118163059.023,0.6575984231171166,0.2877871184236481,0.9453855415407647
0.6438888888888887,-0.6632397668027443,2.536760233197256,-0.5580283542615057,2.1441029568604817,1.000023287475483e+18,29781214644198.168,0.6565672341511587,0.2888183073896058,0.9453855415407645
0.6444444444444444,-0.66323977227143,2.5367602277285703,-0.5580283543070017,2.1440692468523865,1.000023076390591e+18,29742172085709.566,0.6555360417164245,0.28984949982434005,0.9453855415407645
0.645,-0.6632397778642005,2.5367602221357997,-0.5580283543524265,2.1440353721844003,1.0000228604732594e+18,29702990492038.17,0.6545048458005389,0.29088069574022557,0.9453855415407645
0.6455555555555555,-0.663239783584375,2.536760216415625,-0.5580283543977795,2.1440013322612126,1.0000226395942858e+18,29663669864361.72,0.6534736463911268,0.2919118951496377,0.9453855415407645
0.6461111111111111,-0.6632397894353125,2.5367602105646876,-0.5580283544430613,2.14396712648548,1.0000224136229454e+18,29624210206949.57,0.6524424434758134,0.29294309806495106,0.9453855415407645
0.6466666666666666,-0.663239795420492,2.536760204579508,-0.5580283544882714,2.1439327542536626,1.0000221824238145e+18,29584611522486.52,0.6514112370422244,0.29397430449854023,0.9453855415407645
0.6472222222222223,-0.6632398015434922,2.5367601984565082,-0.5580283545334102,2.1438982149572765,1.0000219458576285e+18,29544873813549.09,0.6503800270779851,0.29500551446277934,0.9453855415407645
0.6477777777777778,-0.6632398078079501,2.53676019219205,-0.5580283545784773,2.1438635079848756,1.0000217037828077e+18,29504997084884.258,0.6493488135707224,0.29603672797004216,0.9453855415407645
0.6483333333333333,-0.6632398142176639,2.5367601857823363,-0.558028354623473,2.1438286327172507,1.0000214560515302e+18,29464981338054.176,0.6483175965080623,0.29706794503270234,0.9453855415407647
0.6488888888888888,-0.6632398207764718,2.5367601792235286,-0.5580283546683972,2.1437935885332635,1.0000212025144037e+18,29424826578052.105,0.6472863758776313,0.2980991656631332,0.9453855415407645
0.6494444444444445,-0.6632398274883615,2.536760172511639,-0.5580283547132499,2.1437583748047735,1.0000209430162227e+18,29384532807652.633,0.6462551516670565,0.299130389873708,0.9453855415407645
0.65,-0.6632398343574193,2.5367601656425807,-0.558028354758031,2.143722990899134,1.0000206773979473e+18,29344100030269.25,0.6452239238639657,0.3001616176767989,0.9453855415407645
0.6505555555555556,-0.6632398413878124,2.5367601586121875,-0.5580283548027407,2.1436874361800036,1.0000204054973741e+18,29303528250905.82,0.644192692455986,0.30119284908477856,0.9453855415407645
0.6511111111111111,-0.6632398485838842,2.536760151416116,-0.5580283548473788,2.143651710003259,1.000020127145459e+18,29262817471653.758,0.6431614574307457,0.30222408411001894,0.9453855415407647
0.6516666666666666,-0.6632398559500223,2.536760144049978,-0.5580283548919456,2.1436158117228388,1.0000198421714322e+18,29221967698260.566,0.6421302187758731,0.3032553227648917,0.9453855415407647
0.6522222222222221,-0.6632398634907968,2.536760136509203,-0.5580283549364407,2.1435797406848596,1.0000195503974156e+18,29180978933628.254,0.6410989764789963,0.30428656506176843,0.9453855415407647
0.6527777777777777,-0.6632398712108729,2.536760128789127,-0.5580283549808642,2.1435434962314575,1.0000192516418348e+18,29139851182148.36,0.640067730527745,0.30531781101301947,0.9453855415407645
0.6533333333333332,-0.6632398791150274,2.536760120884973,-0.5580283550252163,2.1435070777001415,1.0000189457187734e+18,29098584449031.47,0.6390364809097487,0.30634906063101586,0.9453855415407647
0.6538888888888887,-0.6632398872082246,2.5367601127917756,-0.558028355069497,2.1434704844208197,1.0000186324350132e+18,29057178737077.7,0.6380052276126372,0.3073803139281274,0.9453855415407647
0.6544444444444444,-0.6632398954954821,2.536760104504518,-0.5580283551137063,2.1434337157212795,1.0000183115952695e+18,29015634052787.453,0.63697397062404,0.30841157091672455,0.9453855415407645
0.655,-0.6632399039820362,2.536760096017964,-0.5580283551578438,2.1433967709207105,1.000017982995723e+18,28973950399271.734,0.6359427099315887,0.30944283160917585,0.9453855415407645
0.6555555555555556,-0.6632399126732131,2.536760087326787,-0.55802835520191,2.143359649334893,1.0000176464290918e+18,28932127782033.426,0.634911445522914,0.31047409601785075,0.9453855415407647
0.6561111111111111,-0.66323992157449,2.53676007842551,-0.5580283552459048,2.1433223502738614,1.0000173016822019e+18,28890166206444.703,0.633880177385647,0.3115053641551176,0.9453855415407645
0.6566666666666666,-0.6632399306915375,2.5367600693084627,-0.5580283552898279,2.1432848730404546,1.0000169485343194e+18,28848065676229.746,0.6328489055074201,0.3125366360333445,0.9453855415407645
0.6572222222222223,-0.6632399400300973,2.536760059969903,-0.5580283553336794,2.1432472169349523,1.0000165867619964e+18,28805826198593.6,0.6318176298758653,0.31356791166489917,0.9453855415407645
0.6577777777777778,-0.6632399495961674,2.536760050403833,-0.5580283553774598,2.143209381248413,1.000016216131787e+18,28763447777005.19,0.6307863504786162,0.31459919106214856,0.9453855415407647
0.6583333333333333,-0.6632399593958274,2.5367600406041726,-0.5580283554211682,2.1431713652690227,1.0000158364070513e+18,28720930418186.348,0.6297550673033052,0.3156304742374595,0.9453855415407647
0.6588888888888889,-0.6632399694353597,2.5367600305646407,-0.5580283554648053,2.143133168277943,1.0000154473432873e+18,28678274127647.13,0.6287237803375666,0.316661761203198,0.9453855415407645
0.6594444444444444,-0.6632399797212394,2.536760020278761,-0.558028355508371,2.1430947895497905,1.0000150486884778e+18,28635478910284.383,0.6276924895690348,0.3176930519717298,0.9453855415407645
0.66,-0.663239990260041,2.536760009739959,-0.5580283555518653,2.143056228355836,1.0000146401867419e+18,28592544773898.14,0.6266611949853443,0.31872434655542037,0.9453855415407647
0.6605555555555556,-0.6632400010586293,2.536759998941371,-0.5580283555952877,2.143017483957806,1.0000142215708847e+18,28549471722557.78,0.6256298965741308,0.31975564496663367,0.9453855415407645
0.6611111111111111,-0.6632400121239478,2.5367599878760525,-0.5580283556386388,2.142978555614912,1.0000137925706794e+18,28506259764262.367,0.6245985943230303,0.32078694721773415,0.9453855415407645
0.6616666666666665,-0.6632400234632025,2.5367599765367976,-0.5580283556819184,2.142939442577993,1.0000133529056534e+18,28462908904681.33,0.6235672882196794,0.32181825332108527,0.9453855415407647
0.6622222222222222,-0.6632400350837825,2.5367599649162176,-0.5580283557251267,2.142900144092217,1.0000129022882335e+18,28419419150142.246,0.6225359782517146,0.32284956328904996,0.9453855415407645
0.6627777777777777,-0.6632400469932234,2.5367599530067766,-0.5580283557682634,2.1428606593982162,1.0000124404251228e+18,28375790508903.93,0.6215046644067744,0.32388087713399033,0.9453855415407647
0.6633333333333332,-0.6632400591993752,2.536759940800625,-0.5580283558113284,2.142820987727158,1.0000119670107834e+18,28332022985953.613,0.6204733466724965,0.324912194868268,0.9453855415407645
0.6638888888888888,-0.6632400717101721,2.536759928289828,-0.5580283558543221,2.1427811283077496,1.0000114817364492e+18,28288116590561.984,0.6194420250365201,0.32594351650424436,0.9453855415407645
0.6644444444444444,-0.6632400845338782,2.536759915466122,-0.5580283558972442,2.1427410803590283,1.0000109842804497e+18,28244071328657.516,0.6184106994864849,0.3269748420542796,0.9453855415407645
0.665,-0.6632400976789226,2.5367599023210774,-0.5580283559400948,2.1427008430953647,1.0000104743147396e+18,28199887208233.85,0.6173793700100307,0.3280061715307338,0.9453855415407645
0.6655555555555556,-0.6632401111539497,2.5367598888460505,-0.5580283559828739,2.142660415725034,1.0000099515028778e+18,28155564237888.754,0.616348036594799,0.3290375049459656,0.9453855415407645
0.6661111111111111,-0.6632401249679278,2.5367598750320726,-0.5580283560255815,2.1426197974473706,1.0000094154958144e+18,28111102423898.367,0.6153166992284312,0.33006884231233335,0.9453855415407645
0.6666666666666666,-0.66324013912993,2.5367598608700703,-0.5580283560682177,2.142578987458857,1.0000088659404348e+18,28066501776713.883,0.6142853578985695,0.33110018364219507,0.9453855415407645
0.6672222222222223,-0.6632401536494297,2.5367598463505705,-0.5580283561107823,2.142537984945258,1.0000083024680284e+18,28021762302745.523,0.6132540125928572,0.3321315289479075,0.9453855415407647
0.6677777777777778,-0.6632401685360421,2.536759831463958,-0.5580283561532754,2.1424967890886424,1.0000077247043817e+18,27976884011828.566,0.6122226632989382,0.33316287824182667,0.9453855415407648
0.6683333333333333,-0.6632401837996885,2.5367598162003118,-0.558028356195697,2.142455399063135,1.0000071322633558e+18,27931866912831.72,0.6111913100044567,0.3341942315363079,0.9453855415407645
0.6688888888888889,-0.6632401994506048,2.5367598005493956,-0.5580283562380471,2.1424138140349083,1.0000065247465857e+18,27886711013736.156,0.6101599526970587,0.3352255888437059,0.9453855415407647
0.6694444444444444,-0.6632402154991804,2.53675978450082,-0.5580283562803259,2.142372033166263,1.0000059017497111e+18,27841416325965.53,0.6091285913643899,0.3362569501763746,0.9453855415407645
0.67,-0.6632402319562626,2.5367597680437375,-0.558028356322533,2.1423300556082823,1.0000052628505734e+18,27795982856812.91,0.6080972259940979,0.3372883155466668,0.9453855415407647
0.6705555555555556,-0.6632402488328247,2.5367597511671756,-0.5580283563646686,2.1422878805090044,1.0000046076220934e+18,27750410618021.113,0.6070658565738303,0.3383196849669343,0.9453855415407647
0.6711111111111111,-0.6632402661402554,2.5367597338597445,-0.5580283564067327,2.1422455070065856,1.0000039356210314e+18,27704699618763.094,0.6060344830912361,0.3393510584495285,0.9453855415407645
0.6716666666666665,-0.6632402838902278,2.5367597161097724,-0.5580283564487254,2.1422029342325897,1.0000032463931003e+18,27658849869137.633,0.6050031055339652,0.3403824360067995,0.9453855415407647
0.6722222222222222,-0.6632403020946559,2.536759697905344,-0.5580283564906465,2.142160161312995,1.000002539474599e+18,27612861381278.863,0.6039717238896676,0.34141381765109713,0.9453855415407647
0.6727777777777777,-0.6632403207659413,2.5367596792340588,-0.5580283565324962,2.1421171873628166,1.0000018143828799e+18,27566734163910.73,0.6029403381459957,0.34244520339476886,0.9453855415407645
0.6733333333333332,-0.6632403399166203,2.53675966008338,-0.5580283565742743,2.142074011494069,1.0000010706300489e+18,27520468230608.242,0.6019089482906019,0.3434765932501628,0.9453855415407647
0.6738888888888888,-0.6632403595597609,2.5367596404402395,-0.5580283566159809,2.14203063280715,1.0000003077075222e+18,27474063591049.125,0.6008775543111396,0.3445079872296249,0.9453855415407645
0.6744444444444444,-0.6632403797086694,2.5367596202913307,-0.5580283566576161,2.141987050397365,9.999995250974303e+17,27427520257779.19,0.5998461561952639,0.3455393853455007,0.9453855415407645
0.675,-0.6632404003770239,2.536759599622976,-0.5580283566991797,2.141943263352148,9.99998722267451e+17,27380838243451.56,0.5988147539306299,0.34657078761013477,0.9453855415407647
0.6755555555555556,-0.6632404215789821,2.536759578421018,-0.558028356740672,2.141899270749003,9.999978986665912e+17,27334017558833.02,0.597783347504895,0.34760219403586967,0.9453855415407647
0.6761111111111111,-0.6632404433288877,2.5367595566711127,-0.5580283567820925,2.1418550716616136,9.999970537366198e+17,27287058219085.676,0.5967519369057168,0.3486336046350479,0.9453855415407647
0.6766666666666666,-0.6632404656417183,2.536759534358282,-0.5580283568234419,2.14181066515094,9.999961868946418e+17,27239960234847.523,0.5957205221207545,0.3496650194200101,0.9453855415407647
0.6772222222222222,-0.6632404885326475,2.536759511467353,-0.5580283568647195,2.1417660502740867,9.999952975501294e+17,27192723621278.895,0.5946891031376683,0.3506964384030963,0.9453855415407647
0.6777777777777778,-0.6632405120173853,2.5367594879826147,-0.5580283569059257,2.1417212260777094,9.999943850916906e+17,27145348391510.203,0.5936576799441196,0.3517278615966451,0.9453855415407647
0.6783333333333333,-0.6632405361120739,2.5367594638879263,-0.5580283569470604,2.1416761916002427,9.999934488911068e+17,27097834558979.508,0.5926262525277713,0.35275928901299336,0.9453855415407647
0.6788888888888889,-0.6632405608331579,2.5367594391668424,-0.5580283569881236,2.1416309458744,9.999924883083978e+17,27050182140022.953,0.5915948208762871,0.3537907206644776,0.9453855415407647
0.6794444444444444,-0.6632405861977706,2.53675941380223,-0.5580283570291154,2.1415854879201843,9.999915026767834e+17,27002391146996.168,0.5905633849773326,0.354822156563432,0.9453855415407647
0.68,-0.6632406122232346,2.5367593877767654,-0.5580283570700356,2.1415398167541544,9.999904913221143e+17,26954461597599.793,0.5895319448185738,0.35585359672219086,0.9453855415407648
0.6805555555555556,-0.6632406389275882,2.536759361072412,-0.5580283571108843,2.1414939313800443,9.999894535423935e+17,26906393505650.04,0.5885005003876793,0.3568850411530852,0.9453855415407645
0.6811111111111111,-0.6632406663292241,2.5367593336707763,-0.5580283571516615,2.1414478307953884,9.999883886218458e+17,26858186887759.062,0.5874690516723182,0.35791648986844626,0.9453855415407645
0.6816666666666665,-0.6632406944470255,2.536759305552975,-0.5580283571923673,2.1414015139891824,9.999872958255886e+17,26809841761102.77,0.5864375986601614,0.3589479428806031,0.9453855415407645
0.6822222222222221,-0.6632407233005526,2.5367592766994473,-0.5580283572330016,2.141354979938926,9.99986174392411e+17,26761358140628.82,0.5854061413388814,0.3599794002018833,0.9453855415407647
0.6827777777777777,-0.6632407529096193,2.536759247090381,-0.5580283572735644,2.141308227617848,9.999850235512314e+17,26712736046239.797,0.584374679696151,0.36101086184461345,0.9453855415407645
0.6833333333333332,-0.6632407832949099,2.5367592167050903,-0.5580283573140558,2.1412612559848196,9.999838424970957e+17,26663975493027.31,0.583343213719647,0.36204232782111767,0.9453855415407647
0.6838888888888888,-0.6632408144773864,2.5367591855226137,-0.5580283573544755,2.1412140639942265,9.999826304142405e+17,26615076501019.297,0.5823117433970453,0.3630737981437192,0.9453855415407645
0.6844444444444444,-0.6632408464787487,2.5367591535212517,-0.5580283573948239,2.141166650588646,9.999813864582008e+17,26566039088144.344,0.5812802687160251,0.36410527282473953,0.9453855415407647
0.685,-0.6632408793212895,2.5367591206787106,-0.5580283574351007,2.1411190147013786,9.999801097614437e+17,26516863272814.062,0.5802487896642662,0.3651367518764985,0.9453855415407647
0.6855555555555556,-0.6632409130277304,2.53675908697227,-0.558028357475306,2.1410711552590596,9.999787994397454e+17,26467549076542.66,0.5792173062294507,0.366168235311314,0.9453855415407647
0.6861111111111111,-0.6632409476217316,2.536759052378269,-0.55802835751544,2.1410230711740708,9.999774545723693e+17,26418096516745.09,0.5781858183992628,0.367199723141502,0.9453855415407647
0.6866666666666666,-0.6632409831272197,2.5367590168727805,-0.5580283575555024,2.1409747613548022,9.999760742282076e+17,26368505616721.383,0.577154326161387,0.3682312153793776,0.9453855415407645
0.6872222222222222,-0.6632410195691194,2.5367589804308808,-0.5580283575954933,2.1409262246949243,9.999746574373146e+17,26318776395466.43,0.5761228295035118,0.3692627120372528,0.9453855415407645
0.6877777777777778,-0.6632410569728184,2.5367589430271815,-0.5580283576354126,2.1408774600814313,9.999732032117412e+17,26268908875498.61,0.5750913284133258,0.3702942131274389,0.9453855415407647
0.6883333333333334,-0.6632410953644234,2.536758904635577,-0.5580283576752607,2.140828466391024,9.999717105355703e+17,26218903079501.254,0.5740598228785204,0.3713257186622442,0.9453855415407647
0.6888888888888889,-0.6632411347709299,2.5367588652290705,-0.5580283577150371,2.1407792424879517,9.999701783582816e+17,26168759028411.613,0.5730283128867893,0.37235722865397536,0.9453855415407647
0.6894444444444444,-0.6632411752197194,2.536758824780281,-0.5580283577547422,2.1407297872311113,9.99968605614367e+17,26118476748249.06,0.571996798425827,0.3733887431149377,0.9453855415407645
0.69,-0.663241216739365,2.5367587832606353,-0.5580283577943758,2.140680099463193,9.999669911919232e+17,26068056259985.605,0.5709652794833313,0.3744202620574332,0.9453855415407645
0.6905555555555556,-0.663241259358798,2.5367587406412024,-0.5580283578339379,2.1406301780221133,9.999653339651475e+17,26017497590443.984,0.5699337560470015,0.375451785493763,0.9453855415407645
0.6911111111111111,-0.6632413031080315,2.536758696891969,-0.5580283578734284,2.1405800217314965,9.999636327661161e+17,25966800763465.29,0.5689022281045397,0.37648331343622476,0.9453855415407645
0.6916666666666665,-0.6632413480178099,2.5367586519821903,-0.5580283579128476,2.140529629405531,9.999618863984977e+17,25915965804602.516,0.5678706956436498,0.3775148458971148,0.9453855415407647
0.6922222222222221,-0.6632413941195642,2.536758605880436,-0.5580283579521953,2.1404789998495914,9.999600936392177e+17,25864992741798.824,0.5668391586520376,0.37854638288872694,0.9453855415407645
0.6927777777777777,-0.6632414414459469,2.5367585585540535,-0.5580283579914714,2.1404281318537315,9.999582532176812e+17,25813881599488.723,0.5658076171174125,0.37957792442335225,0.9453855415407647
0.6933333333333332,-0.6632414900300023,2.5367585099699976,-0.5580283580306762,2.1403770242031452,9.999563638480673e+17,25762632408408.63,0.5647760710274847,0.3806094705132799,0.9453855415407647
0.6938888888888889,-0.6632415399061966,2.536758460093804,-0.5580283580698094,2.140325675665701,9.999544241892352e+17,25711245194211.355,0.5637445203699688,0.3816410211707958,0.9453855415407645
0.6944444444444444,-0.6632415911095297,2.5367584088904707,-0.5580283581088712,2.140274085002891,9.9995243287928e+17,25659719987692.492,0.5627129651325802,0.38267257640818436,0.9453855415407645
0.695,-0.6632416436761459,2.5367583563238543,-0.5580283581478616,2.1402222509626654,9.999503885117887e+17,25608056818328.316,0.5616814053030379,0.3837041362377267,0.9453855415407645
0.6955555555555556,-0.6632416976432529,2.5367583023567475,-0.5580283581867803,2.1401701722806514,9.999482896389619e+17,25556255715547.25,0.5606498408690633,0.38473570067170126,0.9453855415407645
0.6961111111111111,-0.6632417530487282,2.5367582469512717,-0.5580283582256278,2.140117847684773,9.999461347869733e+17,25504316713058.793,0.5596182718183805,0.385767269722384,0.9453855415407645
0.6966666666666667,-0.6632418099320267,2.5367581900679737,-0.5580283582644038,2.14006527588521,9.999439224206182e+17,25452239839883.164,0.5585866981387172,0.3867988434020474,0.9453855415407645
0.6972222222222222,-0.6632418683330621,2.536758131666938,-0.5580283583031083,2.140012455587042,9.999416509868502e+17,25400025131935.14,0.5575551198178023,0.38783042172296234,0.9453855415407645
0.6977777777777778,-0.6632419282933875,2.536758071706613,-0.5580283583417414,2.1399593854774253,9.99939318868858e+17,25347672620591.812,0.5565235368433692,0.3888620046973955,0.9453855415407647
0.6983333333333334,-0.6632419898553422,2.536758010144658,-0.5580283583803028,2.1399060642350882,9.999369244192389e+17,25295182341388.66,0.5554919492031537,0.389893592337611,0.9453855415407647
0.6988888888888889,-0.663242053062474,2.5367579469375263,-0.558028358418793,2.139852490525925,9.999344659436105e+17,25242554330192.355,0.5544603568848947,0.39092518465587,0.9453855415407647
0.6994444444444444,-0.6632421179597809,2.5367578820402192,-0.5580283584572115,2.139798663000735,9.99931941691153e+17,25189788621361.676,0.5534287598763347,0.39195678166442993,0.9453855415407645
0.7,-0.6632421845929468,2.5367578154070536,-0.5580283584955588,2.139744580303241,9.999293498844019e+17,25136885254996.383,0.5523971581652185,0.3929883833755462,0.9453855415407647
0.7005555555555556,-0.6632422530096129,2.5367577469903875,-0.5580283585338346,2.139690241057375,9.999266886697334e+17,25083844265848.145,0.5513655517392955,0.3940199898014692,0.9453855415407647
0.701111111111111,-0.6632423232580071,2.536757676741993,-0.5580283585720391,2.139635643881237,9.999239561707412e+17,25030665695782.574,0.5503339405863176,0.3950516009544472,0.9453855415407647
0.7016666666666665,-0.6632423953882279,2.5367576046117724,-0.5580283586101719,2.139580787374535,9.99921150438223e+17,24977349582885.26,0.5493023246940407,0.396083216846724,0.9453855415407648
0.7022222222222221,-0.6632424694514734,2.5367575305485266,-0.5580283586482334,2.1395256701263947,9.999182694802586e+17,24923895968480.95,0.5482707040502239,0.39711483749054055,0.9453855415407645
0.7027777777777776,-0.6632425455002423,2.536757454499758,-0.5580283586862234,2.1394702907135104,9.999153112543123e+17,24870304895646.008,0.5472390786426304,0.39814646289813427,0.9453855415407647
0.7033333333333333,-0.6632426235889182,2.536757376411082,-0.5580283587241419,2.139414647694946,9.999122736445656e+17,24816576404887.33,0.5462074484590269,0.3991780930817378,0.9453855415407647
0.7038888888888889,-0.663242703772752,2.536757296227248,-0.5580283587619891,2.1393587396217715,9.999091545014742e+17,24762710542624.77,0.5451758134871839,0.4002097280535808,0.9453855415407647
0.7044444444444444,-0.6632427861089207,2.5367572138910797,-0.5580283587997649,2.139302565027446,9.999059516005741e+17,24708707353051.62,0.5441441737148761,0.4012413678258885,0.9453855415407645
0.705,-0.6632428706560519,2.536757129343948,-0.5580283588374692,2.139246122432472,9.99902662661011e+17,24654566882326.87,0.5431125291298822,0.4022730124108825,0.9453855415407645
0.7055555555555556,-0.663242957474371,2.536757042525629,-0.5580283588751019,2.139189410343247,9.998992853397885e+17,24600289177747.1,0.5420808797199845,0.4033046618207801,0.9453855415407647
0.7061111111111111,-0.663243046625745,2.536756953374255,-0.5580283589126633,2.1391324272518872,9.998958172300868e+17,24545874287770.918,0.5410492254729709,0.40433631606779363,0.9453855415407645
0.7066666666666667,-0.6632431381737267,2.5367568618262735,-0.5580283589501533,2.139075171636059,9.99892255859521e+17,24491322262048.09,0.5400175663766326,0.40536797516413214,0.9453855415407647
0.7072222222222222,-0.6632432321836016,2.5367567678163985,-0.558028358987572,2.1390176419588025,9.998885986883615e+17,24436633151445.023,0.5389859024187651,0.40639963912199956,0.9453855415407645
0.7077777777777777,-0.6632433287224362,2.5367566712775638,-0.5580283590249192,2.1389598366683353,9.998848431076027e+17,24381807008056.7,0.5379542335871691,0.4074313079535955,0.9453855415407645
0.7083333333333334,-0.6632434278591324,2.5367565721408676,-0.558028359062195,2.138901754197834,9.998809864368909e+17,24326843885204.9,0.5369225598696497,0.408462981671115,0.9453855415407645
0.7088888888888889,-0.6632435296644715,2.5367564703355288,-0.5580283590993993,2.1388433929652977,9.99877025922807e+17,24271743837506.2,0.5358908812540168,0.4094946602867478,0.9453855415407647
0.7094444444444444,-0.6632436342111641,2.536756365788836,-0.5580283591365323,2.1387847513733735,9.998729587369276e+17,24216506920911.48,0.5348591977280857,0.4105263438126789,0.9453855415407645
0.71,-0.6632437415739023,2.536756258426098,-0.5580283591735937,2.138725827809168,9.998687819737708e+17,24161133192734.57,0.5338275092796759,0.41155803226108867,0.9453855415407645
0.7105555555555556,-0.6632438518294147,2.5367561481705856,-0.558028359210584,2.138666620644055,9.998644926487246e+17,24105622711685.875,0.5327958158966124,0.41258972564415225,0.9453855415407645
0.711111111111111,-0.6632439650565205,2.5367560349434797,-0.5580283592475028,2.1386071282334833,9.99860087695875e+17,24049975537902.445,0.5317641175667259,0.4136214239740387,0.9453855415407647
0.7116666666666666,-0.6632440813361906,2.5367559186638093,-0.5580283592843501,2.138547348916754,9.998555639656764e+17,23994191732962.016,0.5307324142778519,0.4146531272629127,0.9453855415407645
0.7122222222222221,-0.6632442007516106,2.5367557992483896,-0.558028359321126,2.1384872810167908,9.998509182224987e+17,23938271359891.477,0.5297007060178319,0.4156848355229328,0.9453855415407647
0.7127777777777776,-0.6632443233882348,2.536755676611765,-0.5580283593578306,2.138426922839979,9.998461471425242e+17,23882214483238.566,0.5286689927745126,0.41671654876625197,0.9453855415407645
0.7133333333333333,-0.6632444493338466,2.5367555506661534,-0.5580283593944638,2.1383662726759756,9.998412473114043e+17,23826021169114.676,0.5276372745357472,0.41774826700501766,0.9453855415407648
0.7138888888888889,-0.6632445786786227,2.536755421321377,-0.5580283594310256,2.138305328797489,9.998362152217759e+17,23769691485228.32,0.5266055512893939,0.4187799902513708,0.9453855415407647
0.7144444444444444,-0.6632447115151974,2.5367552884848026,-0.5580283594675162,2.1382440894600787,9.998310472707616e+17,23713225500924.176,0.5255738230233178,0.4198117185174467,0.9453855415407645
0.715,-0.6632448479387296,2.5367551520612706,-0.5580283595039351,2.1381825529019296,9.998257397573487e+17,23656623287218.105,0.5245420897253903,0.42084345181537425,0.9453855415407645
0.7155555555555555,-0.6632449880469753,2.5367550119530247,-0.5580283595402828,2.1381207173436185,9.998202888796224e+17,23599884916822.04,0.5235103513834886,0.42187519015727604,0.9453855415407645
0.7161111111111111,-0.6632451319403634,2.536754868059637,-0.5580283595765592,2.1380585809878534,9.998146907317805e+17,23543010464152.195,0.5224786079854963,0.42290693355526826,0.9453855415407645
0.7166666666666667,-0.6632452797220624,2.536754720277938,-0.5580283596127642,2.137996142019291,9.998089413015681e+17,23486000005404.633,0.5214468595193049,0.4239386820214599,0.9453855415407648
0.7172222222222222,-0.6632454314980528,2.5367545685019475,-0.5580283596488979,2.137933398604318,9.998030364674559e+17,23428853618605.902,0.5204151059728114,0.42497043556795333,0.9453855415407647
0.7177777777777777,-0.6632455873772046,2.5367544126227957,-0.5580283596849601,2.13787034889082,9.997969719956538e+17,23371571383652.332,0.5193833473339204,0.42600219420684404,0.9453855415407645
0.7183333333333334,-0.663245747471355,2.5367542525286453,-0.558028359720951,2.1378069910079445,9.997907435370821e+17,23314153382355.08,0.5183515835905441,0.4270339579502206,0.9453855415407647
0.7188888888888889,-0.6632459118953896,2.5367540881046104,-0.5580283597568707,2.1377433230658593,9.997843466242159e+17,23256599698481.055,0.5173198147306012,0.4280657268101633,0.9453855415407645
0.7194444444444444,-0.6632460807673266,2.5367539192326736,-0.5580283597927188,2.1376793431555035,9.997777766678348e+17,23198910417793.426,0.516288040742019,0.4290975007987458,0.9453855415407648
0.72,-0.6632462542084105,2.5367537457915894,-0.5580283598284957,2.137615049348288,9.997710289533898e+17,23141085628060.32,0.5152562616127311,0.4301292799280336,0.9453855415407647
0.7205555555555554,-0.6632464323431951,2.536753567656805,-0.5580283598642014,2.137550439695878,9.99764098637775e+17,23083125419123.504,0.5142244773306802,0.4311610642100844,0.9453855415407645
0.721111111111111,-0.6632466152996292,2.536753384700371,-0.5580283598998357,2.137485512229956,9.997569807460018e+17,23025029882965.31,0.5131926878838169,0.43219285365694793,0.9453855415407648
0.7216666666666666,-0.6632468032091501,2.5367531967908503,-0.5580283599353987,2.1374202649619667,9.997496701675969e+17,22966799113754.582,0.5121608932600994,0.4332246482806652,0.9453855415407645
0.7222222222222221,-0.6632469962067772,2.536753003793223,-0.5580283599708904,2.137354695882851,9.997421616529435e+17,22908433207898.754,0.5111290934474954,0.43425644809326924,0.9453855415407645
0.7227777777777776,-0.6632471944312108,2.5367528055687893,-0.5580283600063107,2.137288802962777,9.997344498094788e+17,22849932264091.293,0.5100972884339803,0.4352882531067843,0.9453855415407645
0.7233333333333333,-0.6632473980249316,2.536752601975069,-0.5580283600416597,2.1372225841508707,9.997265290978327e+17,22791296383365.133,0.5090654782075388,0.43632006333322587,0.9453855415407647
0.7238888888888889,-0.6632476071343096,2.5367523928656905,-0.5580283600769373,2.137156037374905,9.997183938275949e+17,22732525669122.336,0.508033662756165,0.43735187878459963,0.9453855415407645
0.7244444444444444,-0.6632478219097145,2.5367521780902855,-0.5580283601121439,2.1370891605410005,9.997100381530625e+17,22673620227172.867,0.5070018420678619,0.4383836994729027,0.9453855415407645
0.725,-0.6632480425056153,2.536751957494385,-0.5580283601472791,2.1370219515333857,9.997014560693454e+17,22614580165823.37,0.505970016130642,0.4394155254101225,0.9453855415407645
0.7255555555555555,-0.6632482690806926,2.5367517309193075,-0.558028360182343,2.136954408214106,9.996926414080499e+17,22555405595934.37,0.5049381849325278,0.44044735660823664,0.9453855415407645
0.7261111111111112,-0.6632485017979519,2.5367514982020483,-0.5580283602173357,2.1368865284227363,9.996835878328788e+17,22496096630980.203,0.5039063484615518,0.4414791930792129,0.9453855415407647
0.7266666666666667,-0.6632487408248424,2.5367512591751575,-0.5580283602522571,2.136818309976074,9.99674288835029e+17,22436653387104.04,0.5028745067057564,0.4425110348350083,0.9453855415407647
0.7272222222222222,-0.6632489863333773,2.536751013666623,-0.5580283602871071,2.1367497506678426,9.996647377285453e+17,22377075983180.23,0.5018426596531945,0.44354288188757013,0.9453855415407647
0.7277777777777777,-0.6632492385002592,2.536750761499741,-0.5580283603218861,2.136680848268371,9.996549276454615e+17,22317364540871.02,0.5008108072919301,0.44457473424883454,0.9453855415407645
0.7283333333333334,-0.6632494975070157,2.5367505024929846,-0.5580283603565938,2.1366116005242457,9.996448515305322e+17,22257519184661.316,0.49977894961003744,0.44560659193072716,0.9453855415407645
0.7288888888888889,-0.6632497635401307,2.5367502364598695,-0.5580283603912302,2.136542005157992,9.99634502136186e+17,22197540041926.406,0.49874708659560313,0.4466384549451615,0.9453855415407647
0.7294444444444445,-0.6632500367911718,2.5367499632088286,-0.5580283604257954,2.1364720598677858,9.996238720175635e+17,22137427243019.98,0.4977152182367239,0.4476703233040407,0.9453855415407645
0.73,-0.6632503174569284,2.5367496825430718,-0.5580283604602894,2.1364017623271248,9.996129535272091e+17,22077180921343.312,0.4966833445215091,0.4487021970192555,0.9453855415407645
0.7305555555555554,-0.6632506057395543,2.536749394260446,-0.558028360494712,2.136331110184493,9.996017388095237e+17,22016801213409.33,0.4956514654380798,0.4497340761026848,0.9453855415407645
0.731111111111111,-0.6632509018467133,2.5367490981532868,-0.5580283605290637,2.1362601010630202,9.99590219795165e+17,21956288258914.55,0.49461958097456915,0.45076596056619556,0.9453855415407647
0.7316666666666666,-0.6632512059917295,2.536748794008271,-0.5580283605633442,2.1361887325601354,9.995783881952044e+17,21895642200806.043,0.4935876911191233,0.4517978504216413,0.9453855415407645
0.7322222222222221,-0.6632515183937415,2.5367484816062587,-0.5580283605975533,2.136117002247211,9.99566235495183e+17,21834863185353.71,0.4925557958599011,0.4528297456808635,0.9453855415407645
0.7327777777777776,-0.663251839277871,2.536748160722129,-0.5580283606316914,2.1360449076691674,9.995537529486049e+17,21773951362195.965,0.49152389518507456,0.45386164635569004,0.9453855415407645
0.7333333333333333,-0.6632521688753843,2.536747831124616,-0.5580283606657581,2.13597244634411,9.99540931570667e+17,21712906884417.312,0.49049198908282887,0.4548935524579356,0.9453855415407645
0.7338888888888889,-0.663252507423852,2.536747492576148,-0.5580283606997539,2.135899615762995,9.995277621321334e+17,21651729908649.227,0.48946007754136345,0.45592546399940115,0.9453855415407645
0.7344444444444445,-0.66325285516732,2.53674714483268,-0.5580283607336786,2.135826413389257,9.995142351526723e+17,21590420595146.094,0.48842816054889165,0.45695738099187305,0.9453855415407647
0.735,-0.6632532123564858,2.5367467876435144,-0.5580283607675318,2.135752836658424,9.995003408940961e+17,21528979107867.25,0.4873962380936411,0.4579893034471235,0.9453855415407645
0.7355555555555555,-0.663253579248881,2.5367464207511192,-0.5580283608013142,2.135678882977727,9.994860693533183e+17,21467405614554.22,0.4863643101638543,0.45902123137691025,0.9453855415407645
0.7361111111111112,-0.6632539561090544,2.536746043890946,-0.5580283608350254,2.135604549725711,9.994714102552225e+17,21405700286816.19,0.4853323767477888,0.4600531647929758,0.9453855415407645
0.7366666666666667,-0.6632543432087664,2.5367456567912336,-0.5580283608686655,2.135529834251825,9.994563530452454e+17,21343863300211.082,0.4843004378337179,0.4610851037070467,0.9453855415407645
0.7372222222222222,-0.6632547408271894,2.536745259172811,-0.5580283609022345,2.1354547338759953,9.9944088688158e+17,21281894834318.31,0.4832684934099302,0.46211704813083426,0.9453855415407645
0.7377777777777778,-0.6632551492511175,2.5367448507488826,-0.5580283609357325,2.1353792458881795,9.994250006271158e+17,21219795072809.438,0.482236543464731,0.4631489980760336,0.9453855415407645
0.7383333333333333,-0.6632555687751632,2.536744431224837,-0.5580283609691593,2.135303367547988,9.994086828418339e+17,21157564203563.438,0.48120458798644156,0.4641809535543232,0.9453855415407648
0.7388888888888889,-0.6632559997019682,2.536744000298032,-0.5580283610025152,2.1352270960842623,9.993919217747057e+17,21095202418763.63,0.4801726269634,0.4652129145773648,0.9453855415407648
0.7394444444444445,-0.663256442342423,2.5367435576575774,-0.5580283610357999,2.1351504286946335,9.993747053552058e+17,21032709914987.176,0.47914066038396264,0.466244881156802,0.9453855415407647
0.74,-0.66325689701589,2.53674310298411,-0.5580283610690137,2.1350733625450817,9.993570211847301e+17,20970086893302.97,0.47810868823650265,0.46727685330426194,0.9453855415407645
0.7405555555555554,-0.6632573640504357,2.5367426359495644,-0.5580283611021564,2.134995894769482,9.993388565276389e+17,20907333559364.203,0.47707671050941186,0.46830883103135273,0.9453855415407645
0.741111111111111,-0.6632578437830661,2.536742156216934,-0.5580283611352279,2.1349180224691464,9.993201983021992e+17,20844450123509.777,0.4760447271910996,0.46934081434966507,0.9453855415407647
0.7416666666666666,-0.6632583365599721,2.536741663440028,-0.5580283611682287,2.1348397427123516,9.993010330711402e+17,20781436800860.754,0.47501273826999546,0.47037280327076914,0.9453855415407645
0.7422222222222221,-0.6632588427367891,2.536741157263211,-0.5580283612011585,2.1347610525338285,9.9928134703164e+17,20718293811402.805,0.4739807437345476,0.47140479780621697,0.9453855415407645
0.7427777777777776,-0.6632593626788539,2.536740637321146,-0.5580283612340172,2.1346819489342805,9.992611260054566e+17,20655021380091.75,0.47294874357322414,0.47243679796754046,0.9453855415407645
0.7433333333333333,-0.66325989676146,2.5367401032385404,-0.5580283612668051,2.1346024288799237,9.99240355429098e+17,20591619736978.207,0.4719167377745134,0.4734688037662512,0.9453855415407645
0.7438888888888889,-0.663260445370127,2.5367395546298734,-0.5580283612995218,2.1345224893019883,9.992190203434757e+17,20528089117319.06,0.47088472632692413,0.47450081521384047,0.9453855415407645
0.7444444444444445,-0.6632610089008804,2.53673899109912,-0.5580283613321679,2.1344421270962086,9.991971053831448e+17,20464429761684.047,0.46985270921898714,0.47553283232177757,0.9453855415407647
0.745,-0.6632615877605355,2.5367384122394645,-0.558028361364743,2.1343613391223086,9.991745947653793e+17,20400641916071.855,0.46882068643925406,0.47656485510151053,0.9453855415407645
0.7455555555555555,-0.6632621823669935,2.5367378176330067,-0.5580283613972471,2.134280122203468,9.991514722788184e+17,20336725832020.324,0.46778865797629876,0.47759688356446584,0.9453855415407645
0.7461111111111111,-0.663262793149541,2.536737206850459,-0.5580283614296804,2.1341984731257932,9.991277212719675e+17,20272681766726.668,0.466756623818718,0.4786289177220466,0.9453855415407645
0.7466666666666667,-0.6632634205491612,2.5367365794508387,-0.5580283614620429,2.1341163886377648,9.991033246412186e+17,20208509983162.81,0.4657245839551316,0.479660957585633,0.9453855415407645
0.7472222222222222,-0.6632640650188617,2.5367359349811385,-0.5580283614943345,2.134033865449658,9.990782648183085e+17,20144210750182.594,0.46469253837418306,0.4806930031665816,0.9453855415407647
0.7477777777777778,-0.6632647270240044,2.5367352729759958,-0.5580283615265553,2.1339509002329637,9.990525237576259e+17,20079784342639.44,0.4636604870645399,0.48172505447622466,0.9453855415407645
0.7483333333333333,-0.6632654070426316,2.5367345929573686,-0.5580283615587053,2.1338674896198513,9.990260829237463e+17,20015231041530.88,0.46262843001489456,0.4827571115258701,0.9453855415407647
0.7488888888888889,-0.6632661055658085,2.5367338944341915,-0.5580283615907846,2.133783630202589,9.989989232782963e+17,19950551134130.355,0.4615963672139645,0.4837891743268002,0.9453855415407647
0.7494444444444445,-0.6632668230979784,2.536733176902022,-0.5580283616227929,2.133699318532945,9.989710252663034e+17,19885744914113.934,0.4605642986504937,0.484821242890271,0.9453855415407647
0.75,-0.6632675601573264,2.536732439842674,-0.5580283616547308,2.1336145511215845,9.989423688023571e+17,19820812681696.902,0.4595322243132518,0.4858533172275128,0.9453855415407645
0.7505555555555554,-0.6632683172761535,2.536731682723847,-0.5580283616865978,2.13352932443745,9.989129332561951e+17,19755754743764.46,0.45850014419103574,0.48688539734972885,0.9453855415407645
0.751111111111111,-0.6632690950012596,2.5367309049987403,-0.5580283617183941,2.13344363490714,9.98882697438126e+17,19690571414013.305,0.45746805827267023,0.48791748326809437,0.9453855415407645
0.7516666666666666,-0.663269893894339,2.536730106105661,-0.5580283617501196,2.1333574789142644,9.988516395838437e+17,19625263013088.016,0.4564359665470077,0.488949574993757,0.9453855415407647
0.7522222222222221,-0.6632707145323862,2.5367292854676142,-0.5580283617817745,2.1332708527987956,9.988197373389659e+17,19559829868724.09,0.4554038690029302,0.4899816725378344,0.9453855415407645
0.7527777777777777,-0.6632715575081256,2.5367284424918743,-0.5580283618133589,2.1331837528563646,9.98786967742575e+17,19494272315874.13,0.4543717656293486,0.4910137759114159,0.9453855415407645
0.7533333333333333,-0.6632724234304339,2.5367275765695663,-0.5580283618448726,2.133096175337612,9.98753307211111e+17,19428590696864.19,0.4533396564152043,0.49204588512556036,0.9453855415407647
0.7538888888888889,-0.6632733129247697,2.5367266870752303,-0.5580283618763158,2.1330081164475203,9.987187315219816e+17,19362785361557.242,0.45230754134946893,0.49307800019129566,0.9453855415407645
0.7544444444444445,-0.6632742266336262,2.536725773366374,-0.5580283619076882,2.1329195723447176,9.986832157962712e+17,19296856667503.29,0.45127542042114677,0.49411012111961794,0.9453855415407647
0.755,-0.6632751652169921,2.536724834783008,-0.5580283619389902,2.132830539140772,9.986467344812141e+17,19230804980098.918,0.45024329361927296,0.49514224792149164,0.9453855415407645
0.7555555555555555,-0.66327612935283,2.53672387064717,-0.5580283619702215,2.13274101289946,9.98609261331935e+17,19164630672741.234,0.44921116093291635,0.49617438060784824,0.9453855415407645
0.7561111111111111,-0.6632771197375613,2.536722880262439,-0.5580283620013826,2.1326509896360424,9.985707693929912e+17,19098334126993.645,0.44817902235117907,0.49720651918958564,0.9453855415407647
0.7566666666666667,-0.6632781370865716,2.5367218629134287,-0.5580283620324732,2.132560465316504,9.985312309791437e+17,19031915732745.332,0.4471468778631972,0.4982386636775674,0.9453855415407645
0.7572222222222222,-0.6632791821347228,2.5367208178652776,-0.5580283620634934,2.132469435856801,9.984906176558802e+17,18965375888381.973,0.44611472745814285,0.4992708140826217,0.9453855415407645
0.7577777777777778,-0.6632802556368849,2.5367197443631153,-0.558028362094443,2.1323778971220753,9.984489002192024e+17,18898715000952.133,0.4450825711252232,0.5003029704155414,0.9453855415407645
0.7583333333333333,-0.6632813583684884,2.536718641631512,-0.5580283621253223,2.132285844925847,9.984060486746408e+17,18831933486331.344,0.4440504088536823,0.5013351326870825,0.9453855415407648
0.7588888888888888,-0.6632824911260875,2.5367175088739127,-0.5580283621561313,2.132193275029196,9.98362032215887e+17,18765031769393.145,0.44301824063280143,0.5023673009079632,0.9453855415407647
0.7594444444444445,-0.6632836547279213,2.5367163452720787,-0.5580283621868697,2.1321001831399733,9.983168192034687e+17,18698010284200.625,0.44198606645190025,0.5033994750888644,0.9453855415407645
0.7599999999999999,-0.663284850014501,2.536715149985499,-0.5580283622175382,2.1320065649119733,9.982703771425683e+17,18630869474191.715,0.44095388630033766,0.5044316552404269,0.9453855415407645
0.7605555555555554,-0.6632860778492167,2.5367139221507835,-0.5580283622481361,2.1319124159440777,9.982226726599729e+17,18563609792359.97,0.4399217001675123,0.5054638413732524,0.9453855415407647
0.761111111111111,-0.6632873391189555,2.5367126608810446,-0.558028362278664,2.131817731779398,9.981736714807325e+17,18496231701446.434,0.43888950804286325,0.5064960334979014,0.9453855415407645
0.7616666666666666,-0.6632886347347435,2.5367113652652566,-0.5580283623091216,2.131722507904386,9.981233384038459e+17,18428735674125.45,0.43785730991587146,0.507528231624893,0.9453855415407645
0.7622222222222221,-0.6632899656323966,2.5367100343676037,-0.558028362339509,2.131626739747946,9.980716372777005e+17,18361122193203.215,0.43682510577606076,0.5085604357647038,0.9453855415407645
0.7627777777777778,-0.663291332773198,2.536708667226802,-0.5580283623698263,2.1315304226805103,9.980185309744614e+17,18293391751809.945,0.43579289561299783,0.5095926459277669,0.9453855415407647
0.7633333333333333,-0.6632927371445853,2.536707262855415,-0.5580283624000736,2.131433552013119,9.979639813641857e+17,18225544853603.94,0.4347606794162937,0.5106248621244708,0.9453855415407645
0.7638888888888888,-0.6632941797608631,2.536705820239137,-0.5580283624302508,2.1313361229964634,9.979079492879252e+17,18157582012971.617,0.43372845717560515,0.5116570843651593,0.9453855415407645
0.7644444444444445,-0.6632956616639372,2.536704338336063,-0.5580283624603579,2.1312381308199133,9.978503945301226e+17,18089503755231.098,0.43269622888063475,0.51268931266013,0.9453855415407647
0.765,-0.6632971839240728,2.5367028160759273,-0.5580283624903951,2.1311395706105087,9.977912757900201e+17,18021310616833.082,0.431663994521133,0.5137215470196315,0.9453855415407645
0.7655555555555555,-0.6632987476406528,2.5367012523593475,-0.5580283625203625,2.131040437431987,9.977305506532068e+17,17953003145584.387,0.4306317540868979,0.5147537874538666,0.9453855415407645
0.7661111111111111,-0.6633003539429614,2.5366996460570386,-0.5580283625502597,2.130940726283771,9.97668175562186e+17,17884581900868.92,0.4295995075677771,0.5157860339729875,0.9453855415407645
0.7666666666666667,-0.6633020039909996,2.536697996009001,-0.5580283625800871,2.130840432099927,9.976041057857907e+17,17816047453863.92,0.42856725495366826,0.5168182865870963,0.9453855415407645
0.7672222222222222,-0.6633036989763125,2.536696301023688,-0.5580283626098449,2.130739549748108,9.975382953881874e+17,17747400387766.996,0.4275349962345212,0.5178505453062435,0.9453855415407647
0.7677777777777778,-0.66330544012285,2.53669455987715,-0.5580283626395329,2.1306380740284725,9.974706971966195e+17,17678641298017.562,0.4265027314003372,0.5188828101404275,0.9453855415407647
0.7683333333333333,-0.6633072286878389,2.536692771312161,-0.5580283626691509,2.1305359996725923,9.974012627688324e+17,17609770792531.523,0.42547046044117154,0.5199150810995932,0.9453855415407647
0.7688888888888888,-0.6633090659626919,2.536690934037308,-0.5580283626986995,2.1304333213423226,9.973299423591242e+17,17540789491929.246,0.42443818334713423,0.5209473581936304,0.9453855415407645
0.7694444444444445,-0.6633109532739261,2.536689046726074,-0.5580283627281781,2.1303300336286743,9.972566848840385e+17,17471698029776.754,0.42340590010839074,0.521979641432374,0.9453855415407647
0.7699999999999999,-0.663312891984121,2.536687108015879,-0.5580283627575874,2.1302261310506383,9.971814378867095e+17,17402497052821.352,0.4223736107151642,0.5230119308256006,0.9453855415407648
0.7705555555555554,-0.6633148834928895,2.536685116507111,-0.5580283627869271,2.1301216080540164,9.971041475006884e+17,17333187221238.322,0.4213413151577351,0.5240442263830294,0.9453855415407645
0.771111111111111,-0.6633169292378853,2.536683070762115,-0.5580283628161974,2.1300164590101995,9.970247584124938e+17,17263769208874.703,0.42030901342644383,0.5250765281143208,0.9453855415407647
0.7716666666666665,-0.6633190306958439,2.5366809693041565,-0.5580283628453981,2.1299106782149257,9.969432138229658e+17,17194243703493.598,0.4192767055116911,0.5261088360290735,0.9453855415407647
0.7722222222222221,-0.6633211893836349,2.5366788106163654,-0.5580283628745294,2.129804259887033,9.968594554082309e+17,17124611407030.87,0.41824439140393926,0.5271411501368253,0.9453855415407645
0.7727777777777778,-0.6633234068593429,2.5366765931406574,-0.5580283629035914,2.1296971981671953,9.967734232797222e+17,17054873035856.598,0.4172120710937146,0.52817347044705,0.9453855415407645
0.7733333333333333,-0.6633256847233765,2.5366743152766236,-0.558028362932584,2.129589487116634,9.966850559431382e+17,16985029321038.477,0.4161797445716072,0.5292057969691574,0.9453855415407645
0.7738888888888888,-0.6633280246196209,2.5366719753803793,-0.5580283629615077,2.129481120715778,9.965942902559308e+17,16915081008602.475,0.4151474118282728,0.5302381297124918,0.9453855415407647
0.7744444444444445,-0.6633304282366042,2.536669571763396,-0.558028362990362,2.1293720928629303,9.96501061384259e+17,16845028859804.707,0.41411507285443416,0.5312704686863305,0.9453855415407647
0.775,-0.6633328973087145,2.5366671026912857,-0.5580283630191472,2.129262397372875,9.964053027582189e+17,16774873651397.951,0.41308272764088316,0.5323028138998814,0.9453855415407645
0.7755555555555556,-0.6633354336174289,2.536664566382571,-0.5580283630478632,2.129152027975492,9.963069460266671e+17,16704616175911.174,0.4120503761784809,0.5333351653622838,0.9453855415407645
0.7761111111111111,-0.6633380389925967,2.5366619610074035,-0.5580283630765105,2.129040978314312,9.96205921010136e+17,16634257241922.75,0.41101801845815966,0.5343675230826049,0.9453855415407645
0.7766666666666666,-0.6633407153137352,2.536659284686265,-0.5580283631050887,2.128929241945074,9.96102155653351e+17,16563797674346.91,0.40998565447092494,0.5353998870698397,0.9453855415407645
0.7772222222222223,-0.6633434645113812,2.536656535488619,-0.558028363133598,2.1288168123342293,9.959955759758129e+17,16493238314714.283,0.40895328420785554,0.536432257332909,0.9453855415407645
0.7777777777777778,-0.6633462885684598,2.5366537114315406,-0.5580283631620386,2.1287036828574393,9.958861060218348e+17,16422580021464.59,0.407920907660107,0.5374646338806575,0.9453855415407645
0.7783333333333333,-0.6633491895217056,2.5366508104782945,-0.5580283631904105,2.128589846798023,9.957736678087412e+17,16351823670235.145,0.40688852481891136,0.5384970167218532,0.9453855415407645
0.7788888888888889,-0.6633521694631093,2.536647830536891,-0.5580283632187137,2.1284752973453953,9.956581812742625e+17,16280970154158.896,0.4058561356755792,0.5395294058651855,0.9453855415407647
0.7794444444444445,-0.6633552305414178,2.5366447694585825,-0.5580283632469484,2.1283600275934464,9.955395642220403e+17,16210020384159.232,0.4048237402215017,0.540561801319263,0.9453855415407647
0.7799999999999999,-0.6633583749636693,2.5366416250363306,-0.5580283632751145,2.1282440305389048,9.954177322660093e+17,16138975289250.637,0.40379133844815207,0.5415942030926126,0.9453855415407647
0.7805555555555554,-0.6633616049967523,2.536638395003248,-0.5580283633032121,2.1281272990796922,9.952925987740571e+17,16067835816849.547,0.40275893034708676,0.5426266111936778,0.9453855415407645
0.781111111111111,-0.6633649229690219,2.5366350770309785,-0.5580283633312416,2.128009826013221,9.95164074809706e+17,15996602933082.178,0.40172651590994757,0.5436590256308171,0.9453855415407647
0.7816666666666665,-0.6633683312719475,2.536631668728053,-0.5580283633592025,2.1278916040346765,9.950320690727564e+17,15925277623099.365,0.4006940951284629,0.5446914464123018,0.9453855415407647
0.7822222222222222,-0.6633718323618236,2.5366281676381766,-0.5580283633870954,2.1277726257352394,9.948964878378723e+17,15853860891388.557,0.39966166799444947,0.5457238735463152,0.9453855415407647
0.7827777777777778,-0.6633754287615021,2.536624571238498,-0.55802836341492,2.127652883600308,9.947572348924608e+17,15782353762096.465,0.39862923449981513,0.5467563070409496,0.9453855415407647
0.7833333333333333,-0.6633791230621973,2.536620876937803,-0.5580283634426768,2.1275323700076414,9.946142114721298e+17,15710757279346.326,0.3975967946365591,0.5477887469042055,0.9453855415407645
0.7838888888888889,-0.6633829179253099,2.5366170820746903,-0.5580283634703656,2.127411077225518,9.944673161956205e+17,15639072507567.693,0.39656434839677446,0.5488211931439901,0.9453855415407647
0.7844444444444444,-0.6633868160843298,2.5366131839156703,-0.5580283634979863,2.127288997410807,9.943164449970899e+17,15567300531819.408,0.3955318957726502,0.5498536457681146,0.9453855415407648
0.785,-0.6633908203467587,2.5366091796532415,-0.5580283635255395,2.1271661226070484,9.941614910579103e+17,15495442458125.447,0.3944994367564722,0.5508861047842925,0.9453855415407647
0.7855555555555556,-0.6633949335961129,2.5366050664038875,-0.5580283635530249,2.1270424447424543,9.940023447356932e+17,15423499413804.217,0.3934669713406268,0.5519185702001378,0.9453855415407645
0.7861111111111111,-0.6633991587939513,2.536600841206049,-0.5580283635804427,2.1269179556279094,9.93838893492787e+17,15351472547809.686,0.3924344995176009,0.5529510420231639,0.9453855415407648
0.7866666666666666,-0.6634034989819834,2.5365965010180167,-0.5580283636077931,2.126792646954897,9.936710218219866e+17,15279363031066.883,0.3914020212799846,0.55398352026078,0.9453855415407645
0.7872222222222223,-0.6634079572842076,2.5365920427157924,-0.558028363635076,2.126666510293416,9.934986111715251e+17,15207172056817.95,0.3903695366204732,0.5550160049202914,0.9453855415407645
0.7877777777777778,-0.6634125369091297,2.5365874630908705,-0.5580283636622917,2.1265395370898306,9.933215398673993e+17,15134900840963.896,0.38933704553186976,0.5560484960088948,0.9453855415407645
0.7883333333333333,-0.6634172411520187,2.5365827588479815,-0.5580283636894403,2.126411718664699,9.931396830346857e+17,15062550622414.652,0.388304548007086,0.5570809935336785,0.9453855415407645
0.7888888888888889,-0.6634220733972387,2.5365779266027615,-0.5580283637165218,2.1262830462105424,9.929529125164068e+17,14990122663437.252,0.3872720440391454,0.5581134975016193,0.9453855415407647
0.7894444444444443,-0.6634270371206361,2.5365729628793643,-0.5580283637435363,2.126153510789578,9.92761096790779e+17,14917618250008.207,0.3862395336211842,0.5591460079195805,0.9453855415407647
0.7899999999999999,-0.6634321358919903,2.53656786410801,-0.558028363770484,2.1260231033314025,9.925641008865167e+17,14845038692167.455,0.3852070167464545,0.5601785247943101,0.9453855415407645
0.7905555555555555,-0.6634373733775234,2.5365626266224766,-0.558028363797365,2.1258918146306414,9.923617862964431e+17,14772385324376.357,0.3841744934083267,0.5612110481324379,0.9453855415407647
0.791111111111111,-0.6634427533424715,2.536557246657529,-0.5580283638241792,2.1257596353445574,9.921540108892877e+17,14699659505877.834,0.3831419636002902,0.5622435779404744,0.9453855415407645
0.7916666666666665,-0.6634482796537411,2.5365517203462593,-0.5580283638509269,2.1256265559905834,9.919406288188604e+17,14626862621055.227,0.38210942731595676,0.5632761142248078,0.9453855415407647
0.7922222222222222,-0.6634539562826116,2.5365460437173883,-0.5580283638776086,2.1254925669438443,9.917214904320639e+17,14553996079797.21,0.3810768845490624,0.5643086569917022,0.9453855415407647
0.7927777777777778,-0.6634597873075361,2.536540212692464,-0.5580283639042236,2.12535765843459,9.914964421738093e+17,14481061317859.078,0.38004433529347037,0.5653412062472942,0.9453855415407645
0.7933333333333333,-0.663465776916984,2.536534223083016,-0.5580283639307728,2.1252218205456157,9.912653264911e+17,14408059797231.59,0.37901177954317217,0.5663737619975925,0.9453855415407647
0.7938888888888889,-0.6634719294123927,2.5365280705876074,-0.558028363957256,2.125085043209594,9.910279817336056e+17,14334993006504.518,0.3779792172922909,0.5674063242484737,0.9453855415407645
0.7944444444444444,-0.6634782492111564,2.536521750788844,-0.5580283639836733,2.124947316206397,9.907842420536518e+17,14261862461238.566,0.3769466485350832,0.5684388930056813,0.9453855415407645
0.795,-0.6634847408497362,2.536515259150264,-0.5580283640100248,2.124808629160315,9.905339373023816e+17,14188669704330.793,0.37591407326594184,0.5694714682748228,0.9453855415407645
0.7955555555555556,-0.6634914089868047,2.5365085910131953,-0.5580283640363108,2.124668971537278,9.902768929255087e+17,14115416306388.715,0.3748814914793986,0.5705040500613661,0.9453855415407645
0.7961111111111111,-0.6634982584065199,2.5365017415934803,-0.5580283640625316,2.124528332641962,9.900129298549874e+17,14042103866097.166,0.37384890317012565,0.5715366383706388,0.9453855415407645
0.7966666666666666,-0.6635052940218333,2.536494705978167,-0.558028364088687,2.1243867016148985,9.897418644003752e+17,13968734010593.553,0.3728163083329391,0.5725692332078254,0.9453855415407645
0.7972222222222223,-0.6635125208779372,2.536487479122063,-0.5580283641147773,2.1242440674294665,9.894635081359544e+17,13895308395835.713,0.37178370696280094,0.5736018345779638,0.9453855415407647
0.7977777777777778,-0.6635199441557449,2.5364800558442555,-0.5580283641408026,2.124100418888888,9.891776677875735e+17,13821828706977.426,0.3707510990548221,0.5746344424859424,0.9453855415407645
0.7983333333333333,-0.663527569175516,2.5364724308244844,-0.5580283641667632,2.1239557446230997,9.888841451151589e+17,13748296658736.479,0.36971848460426476,0.5756670569364999,0.9453855415407647
0.7988888888888889,-0.6635354014005215,2.536464598599479,-0.5580283641926592,2.123810033085629,9.885827367949098e+17,13674713995769.41,0.36868586360654476,0.5766996779342197,0.9453855415407645
0.7994444444444443,-0.6635434464408537,2.5364565535591463,-0.5580283642184907,2.123663272550342,9.882732342971583e+17,13601082493039.19,0.36765323605723477,0.5777323054835298,0.9453855415407645
0.7999999999999999,-0.6635517100572849,2.536448289942715,-0.5580283642442578,2.123515451108193,9.879554237637951e+17,13527403956188.107,0.3666206019520668,0.5787649395886978,0.9453855415407645
0.8005555555555555,-0.6635601981652719,2.536439801834728,-0.5580283642699609,2.1233665566638473,9.8762908588146e+17,13453680221904.178,0.36558796128693527,0.5797975802538293,0.9453855415407645
0.801111111111111,-0.6635689168390171,2.5364310831609833,-0.5580283642956002,2.1232165769322973,9.872939957540984e+17,13379913158291.19,0.3645553140578989,0.5808302274828656,0.9453855415407645
0.8016666666666665,-0.6635778723156761,2.536422127684324,-0.5580283643211756,2.123065499435355,9.869499227714486e+17,13306104665232.67,0.3635226602611845,0.58186288127958,0.9453855415407645
0.8022222222222222,-0.663587070999632,2.536412929000368,-0.5580283643466877,2.1229133114981296,9.865966304766764e+17,13232256674758.154,0.3624899998931892,0.5828955416475754,0.9453855415407645
0.8027777777777778,-0.6635965194669151,2.5364034805330853,-0.5580283643721362,2.1227600002453895,9.862338764301494e+17,13158371151403.664,0.3614573329504834,0.5839282085902812,0.9453855415407645
0.8033333333333333,-0.6636062244697012,2.536393775530299,-0.5580283643975218,2.1226055525978875,9.858614120720791e+17,13084450092572.992,0.36042465942981444,0.5849608821109501,0.9453855415407645
0.8038888888888889,-0.6636161929409519,2.5363838070590483,-0.5580283644228443,2.1224499552685914,9.854789825816209e+17,13010495528893.44,0.3593919793281083,0.5859935622126564,0.9453855415407647
0.8044444444444444,-0.6636264319991485,2.536373568000852,-0.5580283644481041,2.1222931947588566,9.850863267344952e+17,12936509524570.875,0.35835929264247335,0.5870262488982912,0.9453855415407645
0.805,-0.6636369489531633,2.5363630510468367,-0.5580283644733012,2.1221352573545085,9.846831767574444e+17,12862494177739.602,0.3573265993702032,0.5880589421705614,0.9453855415407647
0.8055555555555556,-0.6636477513072395,2.5363522486927605,-0.5580283644984363,2.1219761291218675,9.842692581808355e+17,12788451620809.895,0.35629389950878004,0.5890916420319847,0.9453855415407648
0.8061111111111111,-0.663658846766104,2.536341153233896,-0.5580283645235091,2.1218157959036756,9.838442896885252e+17,12714384020810.42,0.355261193055877,0.5901243484848877,0.9453855415407648
0.8066666666666666,-0.6636702432402051,2.536329756759795,-0.5580283645485203,2.12165424331496,9.834079829654993e+17,12640293579726.973,0.3542284800093617,0.5911570615314029,0.9453855415407645
0.8072222222222222,-0.6636819488510761,2.536318051148924,-0.5580283645734698,2.12149145673881,9.829600425432977e+17,12566182534836.062,0.3531957603672994,0.5921897811734653,0.9453855415407647
0.8077777777777778,-0.6636939719368424,2.5363060280631577,-0.5580283645983578,2.12132742132207,9.825001656427685e+17,12492053159033.41,0.3521630341279559,0.5932225074128086,0.9453855415407645
0.8083333333333333,-0.66370632105785,2.53629367894215,-0.5580283646231851,2.121162121970956,9.820280420150871e+17,12417907761157.07,0.3511303012898016,0.594255240250963,0.9453855415407645
0.8088888888888888,-0.6637190050024513,2.536280994997549,-0.5580283646479511,2.120995543346575,9.81543353779787e+17,12343748686304.043,0.35009756185151314,0.5952879796892514,0.9453855415407645
0.8094444444444443,-0.6637320327929117,2.5362679672070882,-0.5580283646726568,2.120827669860378,9.810457752615346e+17,12269578316141.209,0.34906481581197796,0.5963207257287866,0.9453855415407645
0.8099999999999999,-0.6637454136914871,2.5362545863085133,-0.5580283646973019,2.120658485669498,9.805349728236566e+17,12195399069208.725,0.3480320631702968,0.5973534783704678,0.9453855415407645
0.8105555555555555,-0.6637591572066184,2.536240842793382,-0.5580283647218872,2.1204879746720273,9.800106047008582e+17,12121213401216.83,0.3469993039257878,0.5983862376149768,0.9453855415407645
0.811111111111111,-0.6637732730993129,2.5362267269006873,-0.5580283647464126,2.120316120502176,9.794723208284934e+17,12047023805334.303,0.34596653807798916,0.5994190034627755,0.9453855415407647
0.8116666666666665,-0.6637877713896414,2.536212228610359,-0.5580283647708787,2.1201429065253734,9.789197626714824e+17,11972832812469.209,0.3449337656266625,0.6004517759141021,0.9453855415407647
0.8122222222222222,-0.663802662363435,2.5361973376365654,-0.5580283647952854,2.1199683158332263,9.783525630496481e+17,11898642991540.725,0.34390098657179646,0.6014845549689681,0.9453855415407645
0.8127777777777778,-0.6638179565790976,2.5361820434209026,-0.5580283648196334,2.1197923312384415,9.777703459631313e+17,11824456949741.906,0.3428682009136098,0.6025173406271548,0.9453855415407645
0.8133333333333334,-0.6638336648746308,2.5361663351253694,-0.5580283648439225,2.1196149352695905,9.771727264141902e+17,11750277332792.783,0.3418354086525559,0.6035501328882088,0.9453855415407647
0.8138888888888889,-0.6638497983747753,2.536150201625225,-0.5580283648681537,2.1194361101658328,9.765593102295009e+17,11676106825183.19,0.34080260978932453,0.6045829317514402,0.9453855415407647
0.8144444444444444,-0.6638663684983768,2.5361336315016234,-0.5580283648923267,2.1192558378714854,9.759296938788589e+17,11601948150405.062,0.3397698043248464,0.6056157372159182,0.9453855415407645
0.815,-0.6638833869658698,2.5361166130341304,-0.5580283649164421,2.119074100030545,9.752834642948367e+17,11527804071173.252,0.33873699226029624,0.6066485492804684,0.9453855415407647
0.8155555555555556,-0.663900865806998,2.536099134193002,-0.5580283649405005,2.1188908779810505,9.746201986889528e+17,11453677389634.9,0.3377041735970965,0.6076813679436681,0.9453855415407647
0.8161111111111111,-0.663918817368654,2.5360811826313463,-0.5580283649645016,2.1187061527493993,9.739394643692106e+17,11379570947565.902,0.3366713483369212,0.6087141932038433,0.9453855415407645
0.8166666666666667,-0.6639372543229669,2.5360627456770333,-0.5580283649884463,2.118519905044499,9.73240818554385e+17,11305487626555.191,0.3356385164816986,0.6097470250590661,0.9453855415407647
0.8172222222222222,-0.6639561896755132,2.536043810324487,-0.5580283650123349,2.118332115251869,9.725238081900954e+17,11231430348174.504,0.3346056780336154,0.6107798635071494,0.9453855415407648
0.8177777777777778,-0.6639756367737839,2.5360243632262165,-0.5580283650361677,2.1181427634275773,9.717879697619439e+17,11157402074135.201,0.3335728329951197,0.6118127085456451,0.9453855415407647
0.8183333333333334,-0.663995609315781,2.5360043906842193,-0.5580283650599447,2.117951829292121,9.710328291108847e+17,11083405806429.086,0.33253998136892593,0.6128455601718387,0.9453855415407645
0.8188888888888888,-0.6640161213588782,2.535983878641122,-0.5580283650836669,2.1177592922241386,9.702579012460951e+17,11009444587455.15,0.3315071231580168,0.6138784183827478,0.9453855415407645
0.8194444444444443,-0.664037187328817,2.5359628126711833,-0.5580283651073346,2.1175651312540693,9.69462690160475e+17,10935521500128.88,0.3304742583656478,0.614911283175117,0.9453855415407648
0.8199999999999998,-0.6640588220289722,2.535941177971028,-0.5580283651309478,2.117369325057634,9.686466886442798e+17,10861639667976.586,0.3294413869953506,0.615944154545414,0.9453855415407645
0.8205555555555555,-0.6640810406497653,2.535918959350235,-0.5580283651545073,2.1171718519492617,9.678093781017379e+17,10787802255210.564,0.32840850905093666,0.616977032489828,0.9453855415407647
0.821111111111111,-0.6641038587783468,2.535896141221653,-0.5580283651780134,2.11697268987534,9.669502283665923e+17,10714012466788.326,0.32737562453650126,0.6180099170042634,0.9453855415407647
0.8216666666666665,-0.6641272924084405,2.53587270759156,-0.5580283652014665,2.1167718164073994,9.660686975209668e+17,10640273548450.965,0.3263427334564263,0.6190428080843383,0.9453855415407647
0.8222222222222222,-0.6641513579504552,2.5358486420495447,-0.5580283652248671,2.11656920873513,9.651642317141317e+17,10566588786744.447,0.32530983581538464,0.62007570572538,0.9453855415407645
0.8227777777777778,-0.6641760722417767,2.5358239277582237,-0.5580283652482158,2.116364843659318,9.642362649848919e+17,10492961509018.732,0.32427693161834314,0.6211086099224216,0.9453855415407647
0.8233333333333334,-0.6642014525573182,2.535798547442682,-0.5580283652715128,2.1161586975846216,9.632842190850986e+17,10419395083408.09,0.3232440208705673,0.6221415206701973,0.9453855415407647
0.8238888888888889,-0.6642275166202765,2.5357724833797235,-0.5580283652947587,2.115950746512255,9.623075033069495e+17,10345892918788.242,0.32221110357762384,0.6231744379631409,0.9453855415407647
0.8244444444444444,-0.6642542826131348,2.5357457173868654,-0.5580283653179541,2.115740966032523,9.613055143128961e+17,10272458464712.787,0.3211781797453845,0.6242073617953801,0.9453855415407645
0.825,-0.6642817691888978,2.5357182308111024,-0.5580283653410996,2.1155293313172363,9.602776359694502e+17,10199095211325.883,0.32014524938003025,0.6252402921607343,0.9453855415407645
0.8255555555555556,-0.6643099954825514,2.535690004517449,-0.5580283653641953,2.1153158171120117,9.592232391855899e+17,10125806689251.291,0.319112312488054,0.6262732290527107,0.9453855415407645
0.8261111111111111,-0.664338981122792,2.5356610188772084,-0.5580283653872422,2.1151003977284177,9.58141681754893e+17,10052596469457.795,0.3180793690762656,0.627306172464499,0.9453855415407647
0.8266666666666667,-0.6643687462439571,2.5356312537560433,-0.5580283654102405,2.114883047036027,9.570323082043973e+17,9979468163097.89,0.3170464191517937,0.6283391223889707,0.9453855415407645
0.8272222222222222,-0.6643993114982619,2.5356006885017384,-0.5580283654331911,2.1146637384542895,9.558944496471456e+17,9906425421323.018,0.31601346272209063,0.6293720788186741,0.9453855415407647
0.8277777777777777,-0.6644306980682098,2.5355693019317904,-0.5580283654560942,2.114442444944338,9.547274236438342e+17,9833471935068.873,0.31498049979493514,0.6304050417458295,0.9453855415407647
0.8283333333333334,-0.6644629276793477,2.5355370723206523,-0.5580283654789508,2.1142191390005847,9.535305340681184e+17,9760611434817.512,0.31394753037843637,0.6314380111623283,0.9453855415407647
0.8288888888888888,-0.6644960226131666,2.5355039773868335,-0.5580283655017612,2.113993792642276,9.523030709835808e+17,9687847690326.035,0.3129145544810376,0.632470987059727,0.9453855415407647
0.8294444444444443,-0.6645300057203866,2.5354699942796137,-0.5580283655245262,2.1137663774048074,9.510443105244196e+17,9615184510332.664,0.311881572111519,0.6335039694292456,0.9453855415407645
0.8299999999999998,-0.6645649004343556,2.5354350995656447,-0.5580283655472462,2.113536864331031,9.497535147905096e+17,9542625742225.541,0.31084858327900167,0.6345369582617629,0.9453855415407645
0.8305555555555555,-0.6646007307848718,2.5353992692151284,-0.5580283655699221,2.1133052239622883,9.484299317464104e+17,9470175271689.885,0.30981558799295045,0.6355699535478141,0.9453855415407645
0.831111111111111,-0.6646375214120912,2.535362478587909,-0.5580283655925543,2.1130714263294648,9.470727951375524e+17,9397837022313.824,0.30878258626317856,0.636602955277586,0.9453855415407647
0.8316666666666666,-0.6646752975808927,2.5353247024191075,-0.558028365615144,2.112835440943741,9.456813244108287e+17,9325614955173.463,0.3077495780998494,0.6376359634409152,0.9453855415407645
0.8322222222222222,-0.6647140851953015,2.5352859148046987,-0.5580283656376914,2.1125972367873946,9.442547246551772e+17,9253513068372.709,0.3067165635134809,0.6386689780272837,0.9453855415407647
0.8327777777777777,-0.6647539108134007,2.5352460891865993,-0.5580283656601974,2.112356782304276,9.42792186547399e+17,9181535396563.219,0.30568354251494845,0.6397019990258163,0.9453855415407647
0.8333333333333334,-0.6647948016622801,2.53520519833772,-0.5580283656826627,2.1121140453903493,9.412928863206958e+17,9109686010415.3,0.3046505151154878,0.6407350264252767,0.9453855415407645
0.8338888888888889,-0.6648367856534916,2.5351632143465084,-0.5580283657050881,2.1118689933839025,9.397559857397093e+17,9037969016069.46,0.3036174813266995,0.641768060214065,0.9453855415407645
0.8344444444444444,-0.6648798913985311,2.535120108601469,-0.5580283657274744,2.1116215930558266,9.381806321008448e+17,8966388554535.816,0.3025844411605504,0.6428011003802141,0.9453855415407645
0.835,-0.6649241482248344,2.535075851775166,-0.5580283657498224,2.111371810599565,9.36565958240974e+17,8894948801073.738,0.30155139462937763,0.6438341469113869,0.9453855415407645
0.8355555555555556,-0.6649695861917986,2.535030413808202,-0.5580283657721328,2.111119611621132,9.34911082573631e+17,8823653964517.479,0.3005183417458912,0.6448671997948733,0.9453855415407645
0.8361111111111111,-0.6650162361073093,2.534983763892691,-0.5580283657944065,2.1108649611288137,9.33215109136245e+17,8752508286580.525,0.2994852825231781,0.6459002590175864,0.9453855415407645
0.8366666666666667,-0.6650641295443096,2.5349358704556906,-0.5580283658166444,2.1106078235229235,9.314771276665791e+17,8681516041105.183,0.2984522169747035,0.6469333245660612,0.9453855415407647
0.8372222222222222,-0.6651132988578417,2.5348867011421587,-0.5580283658388473,2.1103481625852663,9.296962136938314e+17,8610681533288.053,0.29741914511431433,0.6479663964264504,0.9453855415407647
0.8377777777777777,-0.665163777202171,2.5348362227978294,-0.5580283658610163,2.110085941468632,9.278714286599642e+17,8540009098852.031,0.2963860669562425,0.6489994745845221,0.9453855415407645
0.8383333333333334,-0.6652155985483221,2.5347844014516783,-0.5580283658831522,2.1098211226860464,9.260018200604699e+17,8469503103189.055,0.29535298251510694,0.6500325590256578,0.9453855415407647
0.8388888888888888,-0.6652687977017783,2.534731202298222,-0.5580283659052557,2.1095536680999842,9.240864216149911e+17,8399167940454.113,0.2943198918059168,0.6510656497348477,0.9453855415407645
0.8394444444444443,-0.6653234103205596,2.5346765896794405,-0.5580283659273282,2.1092835389113715,9.221242534613139e+17,8329008032627.318,0.293286794844073,0.6520987466966915,0.9453855415407645
0.8399999999999999,-0.6653794729334379,2.5346205270665623,-0.5580283659493703,2.1090106956485744,9.201143223828963e+17,8259027828524.913,0.29225369164537185,0.6531318498953927,0.9453855415407645
0.8405555555555554,-0.6654370229583553,2.534562977041645,-0.5580283659713836,2.108735098156308,9.180556220688453e+17,8189231802763.933,0.2912205822260064,0.6541649593147582,0.9453855415407645
0.841111111111111,-0.6654960987212281,2.534503901278772,-0.5580283659933686,2.1084567055843397,9.15947133401266e+17,8119624454693.862,0.2901874666025691,0.6551980749381955,0.9453855415407645
0.8416666666666667,-0.6655567394748179,2.5344432605251823,-0.5580283660153265,2.1081754763762226,9.137878247829161e+17,8050210307271.994,0.2891543447920545,0.65623119674871,0.9453855415407645
0.8422222222222222,-0.6656189854180556,2.5343810145819443,-0.5580283660372585,2.1078913682577665,9.11576652492747e+17,7980993905910.865,0.2881212168118602,0.6572643247289044,0.9453855415407645
0.8427777777777777,-0.6656828777153256,2.5343171222846745,-0.5580283660591658,2.107604338225627,9.093125610884753e+17,7911979817261.12,0.28708808267978936,0.6582974588609752,0.9453855415407645
0.8433333333333334,-0.6657484585162669,2.534251541483733,-0.5580283660810493,2.107314342535579,9.069944838378418e+17,7843172627972.092,0.28605494241405255,0.6593305991267121,0.9453855415407647
0.8438888888888889,-0.6658157709754604,2.5341842290245395,-0.5580283661029104,2.1070213366909663,9.046213432025316e+17,7774576943382.116,0.2850217960332699,0.6603637455074949,0.9453855415407647
0.8444444444444444,-0.6658848592726534,2.534115140727347,-0.5580283661247505,2.1067252754308194,9.021920513531834e+17,7706197386189.172,0.2839886435564715,0.661396897984293,0.9453855415407645
0.845,-0.6659557686328363,2.534044231367164,-0.5580283661465705,2.1064261127181694,8.997055107412123e+17,7638038595049.384,0.2829554850031002,0.6624300565376645,0.9453855415407647
0.8455555555555555,-0.6660285453468251,2.533971454653175,-0.5580283661683717,2.106123801728063,8.971606147060486e+17,7570105223154.766,0.28192232039301207,0.6634632211477527,0.9453855415407648
0.8461111111111111,-0.6661032367917168,2.5338967632082836,-0.5580283661901557,2.1058182948357462,8.945562481414712e+17,7502401936741.41,0.2808891497464777,0.6644963917942868,0.9453855415407645
0.8466666666666667,-0.6661798914517485,2.5338201085482517,-0.5580283662119239,2.1055095436046294,8.918912882040147e+17,7434933413571.168,0.2798559730841844,0.6655295684565802,0.9453855415407647
0.8472222222222222,-0.6662585589391918,2.5337414410608083,-0.5580283662336774,2.1051974987742974,8.891646050778574e+17,7367704341357.404,0.2788227904272356,0.6665627511135291,0.9453855415407647
0.8477777777777777,-0.666339290015639,2.5336607099843613,-0.5580283662554177,2.1048821102483144,8.863750627853875e+17,7300719416166.685,0.27778960179715256,0.6675959397436121,0.9453855415407647
0.8483333333333333,-0.6664221366129915,2.5335778633870087,-0.5580283662771464,2.104563327082313,8.835215200686945e+17,7233983340741.011,0.2767564072158747,0.6686291343248898,0.9453855415407645
0.8488888888888888,-0.6665071518545542,2.533492848145446,-0.5580283662988651,2.1042410974720753,8.806028313294952e+17,7167500822774.298,0.27572320670576095,0.6696623348350036,0.9453855415407645
0.8494444444444443,-0.6665943900764751,2.533405609923525,-0.558028366320575,2.103915368741433,8.776178476204483e+17,7101276573163.9,0.2746900002895889,0.6706955412511758,0.9453855415407647
0.8499999999999999,-0.6666839068489636,2.5333160931510363,-0.558028366342278,2.103586087330391,8.745654177090013e+17,7035315304194.266,0.2736567879905554,0.6717287535502093,0.9453855415407647
0.8505555555555554,-0.6667757589978955,2.5332242410021046,-0.5580283663639757,2.10325319878304,8.714443891939496e+17,6969621727702.619,0.2726235698322768,0.6727619717084876,0.9453855415407645
0.851111111111111,-0.666870004626051,2.5331299953739492,-0.5580283663856697,2.1029166477357917,8.682536097018534e+17,6904200553168.928,0.27159034583878894,0.6737951957019757,0.9453855415407645
0.8516666666666667,-0.6669667031347547,2.5330332968652454,-0.5580283664073618,2.1025763779053923,8.649919281381718e+17,6839056485793.651,0.27055711603454674,0.6748284255062178,0.9453855415407645
0.8522222222222222,-0.6670659152450973,2.5329340847549027,-0.5580283664290537,2.102232332077286,8.616581960220589e+17,6774194224500.104,0.2695238804444235,0.6758616610963413,0.9453855415407647
0.8527777777777777,-0.6671677030194589,2.5328322969805415,-0.5580283664507474,2.1018844520938256,8.582512688813221e+17,6709618459921.966,0.2684906390937102,0.6768949024470545,0.9453855415407647
0.8533333333333333,-0.6672721298827182,2.5327278701172817,-0.5580283664724445,2.1015326788427506,8.547700077292652e+17,6645333872328.796,0.2674573920081149,0.6779281495326497,0.9453855415407645
0.8538888888888889,-0.6673792606439908,2.5326207393560094,-0.5580283664941472,2.101176952245362,8.512132805959233e+17,6581345129559.781,0.2664241392137622,0.6789614023270025,0.9453855415407647
0.8544444444444445,-0.6674891615175972,2.532510838482403,-0.5580283665158574,2.1008172112452743,8.475799641577204e+17,6517656884867.423,0.26539088073719136,0.6799946608035734,0.9453855415407648
0.855,-0.667601900143555,2.532398099856445,-0.5580283665375773,2.100453393797552,8.438689454557693e+17,6454273774695.343,0.2643576166053552,0.6810279249354094,0.9453855415407645
0.8555555555555555,-0.6677175456084159,2.5322824543915843,-0.5580283665593085,2.1000854368576376,8.400791236758002e+17,6391200416460.228,0.2633243468456182,0.6820611946951465,0.9453855415407647
0.8561111111111112,-0.6678361684655422,2.532163831534458,-0.5580283665810538,2.0997132763707156,8.3620941201986e+17,6328441406270.36,0.26229107148575476,0.6830944700550099,0.9453855415407647
0.8566666666666667,-0.667957840755531,2.5320421592444693,-0.558028366602815,2.0993368472610108,8.322587396462532e+17,6266001316639.991,0.2612577905539481,0.6841277509868167,0.9453855415407647
0.8572222222222222,-0.6680826360258958,2.531917363974104,-0.5580283666245947,2.0989560834216263,8.282260537066262e+17,6203884694133.79,0.2602245040787863,0.6851610374619783,0.9453855415407645
0.8577777777777776,-0.6682106293508454,2.5317893706491548,-0.5580283666463947,2.0985709177043557,8.241103214519867e+17,6142096057012.177,0.2591912120892614,0.6861943294515033,0.9453855415407647
0.8583333333333332,-0.6683418973503091,2.531658102649691,-0.558028366668218,2.098181281910029,8.199105324346015e+17,6080639892814.688,0.25815791461476595,0.6872276269259988,0.9453855415407647
0.8588888888888888,-0.668476518209274,2.5315234817907264,-0.558028366690067,2.0977871067786773,8.156257007702083e+17,6019520655969.021,0.2571246116850906,0.688260929855674,0.9453855415407645
0.8594444444444443,-0.6686145716966927,2.5313854283033077,-0.5580283667119438,2.097388321980024,8.112548674834636e+17,5958742765374.059,0.2560913033304216,0.6892942382103431,0.9453855415407648
0.8599999999999999,-0.6687561391824619,2.531243860817538,-0.5580283667338517,2.0969848561052866,8.067971029820259e+17,5898310601845.885,0.25505798958133624,0.6903275519594284,0.9453855415407647
0.8605555555555554,-0.6689013036547111,2.531098696345289,-0.558028366755793,2.096576636658788,8.02251509585411e+17,5838228505605.189,0.2540246704688,0.6913608710719645,0.9453855415407645
0.861111111111111,-0.6690501497362717,2.5309498502637284,-0.5580283667777706,2.0961635900501188,7.976172241423981e+17,5778500773725.512,0.2529913460241629,0.6923941955166016,0.9453855415407645
0.8616666666666667,-0.6692027637009388,2.5307972362990614,-0.5580283667997875,2.0957456415864577,7.928934207148412e+17,5719131657594.038,0.25195801627915554,0.693427525261609,0.9453855415407645
0.8622222222222222,-0.6693592334885674,2.530640766511433,-0.5580283668218464,2.0953227154656666,7.880793133545823e+17,5660125360318.569,0.2509246812658844,0.6944608602748801,0.9453855415407645
0.8627777777777778,-0.6695196487198648,2.5304803512801355,-0.5580283668439506,2.094894734769592,7.831741589430011e+17,5601486034151.891,0.2498913410168281,0.6954942005239366,0.9453855415407647
0.8633333333333333,-0.6696841007104346,2.5303158992895654,-0.5580283668661032,2.094461621457858,7.78177260102939e+17,5543217777905.337,0.24885799556483215,0.6965275459759324,0.9453855415407645
0.8638888888888889,-0.6698526824849922,2.530147317515008,-0.5580283668883076,2.0940232963615557,7.730879681509746e+17,5485324634427.105,0.2478246449431047,0.6975608965976599,0.9453855415407645
0.8644444444444445,-0.6700254887883851,2.529974511211615,-0.5580283669105668,2.0935796791790224,7.679056861869076e+17,5427810587902.293,0.2467912891852119,0.6985942523555526,0.9453855415407645
0.865,-0.6702026160961423,2.529797383903858,-0.5580283669328845,2.0931306884719145,7.626298722308893e+17,5370679561184.803,0.24575792832507104,0.6996276132156937,0.9453855415407647
0.8655555555555555,-0.6703841626247208,2.5296158373752795,-0.5580283669552643,2.0926762416614526,7.572600423976462e+17,5313935413180.437,0.2447245623969458,0.7006609791438188,0.9453855415407645
0.8661111111111112,-0.67057022834022,2.52942977165978,-0.5580283669777095,2.092216255025649,7.517957741382049e+17,5257581936197.556,0.2436911914354402,0.7016943501053243,0.9453855415407645
0.8666666666666667,-0.6707609149664223,2.529239085033578,-0.5580283670002245,2.0917506436969546,7.462367095162081e+17,5201622853335.276,0.2426578154754934,0.7027277260652711,0.9453855415407645
0.8672222222222222,-0.670956325991404,2.529043674008596,-0.5580283670228129,2.0912793216607914,7.405825585334653e+17,5146061815861.144,0.241624434552372,0.7037611069883927,0.9453855415407647
0.8677777777777776,-0.6711565666746777,2.5288434333253225,-0.5580283670454785,2.090802201753728,7.348331024398904e+17,5090902400725.023,0.24059104870166476,0.7047944928390999,0.9453855415407647
0.8683333333333332,-0.6713617440506022,2.528638255949398,-0.558028367068226,2.0903191956640366,7.2898819714262e+17,5036148107914.03,0.2395576579592756,0.705827883581489,0.9453855415407645
0.8688888888888888,-0.6715719669298323,2.528428033070168,-0.5580283670910592,2.08983021393346,7.230477766509344e+17,4981802357784.786,0.2385242623614161,0.7068612791793486,0.9453855415407647
0.8694444444444444,-0.6717873459006742,2.5282126540993257,-0.558028367113983,2.0893351659589925,7.170118564937555e+17,4927868488512.769,0.23749086194459937,0.7078946795961653,0.9453855415407645
0.8699999999999999,-0.6720079933285028,2.5279920066714974,-0.5580283671370015,2.088833959995855,7.108805371518111e+17,4874349753535.966,0.23645745674563093,0.7089280847951337,0.9453855415407647
0.8705555555555554,-0.6722340233540524,2.5277659766459477,-0.5580283671601198,2.088326503161136,7.046540074700915e+17,4821249319057.109,0.23542404680160223,0.7099614947391623,0.9453855415407645
0.8711111111111111,-0.6724655518874265,2.527534448112574,-0.5580283671833428,2.0878127014401042,6.983325481247617e+17,4768570261396.6045,0.23439063214988237,0.7109949093908823,0.9453855415407647
0.8716666666666667,-0.6727026965903482,2.527297303409652,-0.5580283672066754,2.087292459699832,6.919165353285647e+17,4716315563700.043,0.2333572128281071,0.7120283287126575,0.9453855415407647
0.8722222222222222,-0.6729455769660166,2.5270544230339835,-0.558028367230123,2.086765681634825,6.854064415588833e+17,4664488120058.449,0.23232378887418728,0.7130617526665772,0.9453855415407645
0.8727777777777778,-0.6731943141682747,2.5268056858317256,-0.5580283672536908,2.086232269890311,6.788028437490551e+17,4613090720876.384,0.23129036032627023,0.7140951812144943,0.9453855415407645
0.8733333333333333,-0.6734490310982572,2.526550968901743,-0.5580283672773844,2.085692126003027,6.721064235638446e+17,4562126057860.411,0.23025692722274993,0.7151286143180147,0.9453855415407645
0.8738888888888889,-0.6737098525091241,2.526290147490876,-0.55802836730121,2.0851451503373477,6.653179675003163e+17,4511596729329.358,0.2292234896022713,0.7161620519384934,0.9453855415407647
0.8744444444444445,-0.6739769046447722,2.526023095355228,-0.5580283673251731,2.0845912423157036,6.584383789754817e+17,4461505215391.016,0.22819004750367733,0.7171954940370873,0.9453855415407647
0.875,-0.6742503157048381,2.525749684295162,-0.5580283673492803,2.084030300127099,6.51468668743791e+17,4411853907083.959,0.22715660096606033,0.7182289405747042,0.9453855415407645
0.8755555555555555,-0.6745302153485877,2.5254697846514125,-0.5580283673735379,2.083462221041973,6.44409970026243e+17,4362645073422.844,0.22612315002869252,0.7192623915120722,0.9453855415407647
0.8761111111111111,-0.6748167350092267,2.5251832649907735,-0.5580283673979524,2.0828869012159097,6.372635325616616e+17,4313880880941.43,0.22508969473105886,0.7202958468097058,0.9453855415407647
0.8766666666666667,-0.6751100077628132,2.524889992237187,-0.5580283674225309,2.082304235774438,6.300307279248876e+17,4265563384759.0127,0.22405623511283154,0.7213293064279331,0.9453855415407647
0.8772222222222222,-0.6754101681611153,2.5245898318388846,-0.5580283674472806,2.081714118918924,6.22713055312842e+17,4217694517870.367,0.22302277121384767,0.7223627703269168,0.9453855415407645
0.8777777777777777,-0.6757173525443545,2.524282647455646,-0.5580283674722085,2.081116443732997,6.153121353486383e+17,4170276110546.5254,0.2219893030741328,0.7233962384666318,0.9453855415407647
0.8783333333333332,-0.6760316985887602,2.52396830141124,-0.5580283674973225,2.0805111024668212,6.078297223146982e+17,4123309862444.0786,0.2209558307338478,0.7244297108069168,0.9453855415407645
0.8788888888888888,-0.6763533456400435,2.5236466543599567,-0.5580283675226309,2.0798979863301827,6.002676970082973e+17,4076797363466.027,0.21992235423331552,0.7254631873074492,0.9453855415407647
0.8794444444444444,-0.6766824344792204,2.52331756552078,-0.5580283675481414,2.0792769856406528,5.926280730363085e+17,4030740080023.3354,0.21888887361298964,0.7264966679277748,0.9453855415407645
0.8799999999999999,-0.6770191072606175,2.5229808927393824,-0.5580283675738631,2.0786479898625347,5.849129985232438e+17,3985139352120.6436,0.21785538891344364,0.7275301526273209,0.9453855415407645
0.8805555555555554,-0.6773635076985465,2.5226364923014537,-0.5580283675998046,2.0780108874930985,5.771247518546898e+17,3939996405515.1167,0.2168219001753769,0.7285636413653878,0.9453855415407647
0.8811111111111111,-0.677715780690922,2.5222842193090784,-0.558028367625975,2.0773655662969124,5.692657499602441e+17,3895312330631.718,0.2157884074395786,0.729597134101186,0.9453855415407647
0.8816666666666667,-0.6780760725915401,2.52192392740846,-0.5580283676523842,2.0767119131380096,5.6133854144703725e+17,3851088100015.1274,0.21475491074694006,0.7306306307938246,0.9453855415407647
0.8822222222222222,-0.6784445309714036,2.5215554690285966,-0.558028367679042,2.076049814129601,5.5334581094146675e+17,3807324556135.2173,0.21372141013842919,0.7316641314023355,0.9453855415407647
0.8827777777777778,-0.6788213045727325,2.5211786954272677,-0.5580283677059585,2.0753791546622,5.45290378590414e+17,3764022410615.4985,0.21268790565508106,0.7326976358856835,0.9453855415407645
0.8833333333333333,-0.6792065434246002,2.5207934565754,-0.5580283677331448,2.074699819334346,5.371751957778546e+17,3721182253020.5825,0.2116543973379942,0.7337311442027703,0.9453855415407645
0.8838888888888888,-0.6796003985320633,2.520399601467937,-0.5580283677606122,2.074011692144593,5.290033495177429e+17,3678804535596.2554,0.2106208852283075,0.7347646563124572,0.9453855415407647
0.8844444444444445,-0.6800030220545674,2.519996977945433,-0.5580283677883718,2.073314656381988,5.207780560047965e+17,3636889585833.2417,0.20958736936719874,0.7357981721735659,0.9453855415407647
0.885,-0.6804145671179076,2.5195854328820926,-0.558028367816436,2.0726085947436914,5.1250266147831866e+17,3595437598913.6816,0.2085538497958675,0.7368316917448972,0.9453855415407647
0.8855555555555555,-0.6808351877328331,2.5191648122671673,-0.5580283678448177,2.0718933893840648,5.04180640288845e+17,3554448636166.2744,0.20752032655552463,0.7378652149852398,0.9453855415407645
0.8861111111111111,-0.6812650388706896,2.5187349611293106,-0.5580283678735294,2.0711689218700347,4.958155894294208e+17,3513922632523.585,0.20648679968738085,0.7388987418533837,0.9453855415407645
0.8866666666666667,-0.6817042762137827,2.5182957237862174,-0.5580283679025853,2.070435073334386,4.874112290383762e+17,3473859386497.126,0.20545326923263527,0.7399322723081294,0.9453855415407647
0.8872222222222222,-0.6821530562265441,2.5178469437734563,-0.5580283679319991,2.0696917244317117,4.789713960847364e+17,3434258567577.303,0.20441973523246398,0.7409658063083007,0.9453855415407647
0.8877777777777777,-0.6826115360351279,2.5173884639648723,-0.5580283679617861,2.0689387554141416,4.7050004135560954e+17,3395119713902.1416,0.20338619772800506,0.7419993438127596,0.9453855415407645
0.8883333333333332,-0.6830798733090995,2.5169201266909007,-0.5580283679919613,2.0681760462024132,4.620012258261029e+17,3356442229999.788,0.20235265676035472,0.74303288478041,0.9453855415407647
0.8888888888888887,-0.6835582262861664,2.516441773713834,-0.558028368022541,2.0674034763717737,4.5347911393263616e+17,3318225392421.037,0.20131911237054406,0.7440664291702205,0.9453855415407645
0.8894444444444444,-0.6840467535967567,2.5159532464032432,-0.558028368053542,2.0666209252597834,4.449379700320338e+17,3280468345262.086,0.20028556459953806,0.7450999769412265,0.9453855415407647
0.8899999999999999,-0.6845456142368838,2.5154543857631166,-0.5580283680849818,2.0658282719814394,4.363821516722912e+17,3243170103273.5835,0.19925201348822114,0.7461335280525435,0.9453855415407647
0.8905555555555554,-0.6850549674863473,2.514945032513653,-0.5580283681168788,2.0650253954810736,4.2781610341050886e+17,3206329552796.6313,0.19821845907737692,0.7471670824633877,0.9453855415407647
0.8911111111111111,-0.6855749727979867,2.514425027202013,-0.5580283681492517,2.064212174598776,4.1924435064474797e+17,3169945451124.9287,0.1971849014076948,0.7482006401330699,0.9453855415407647
0.8916666666666667,-0.6861057897439264,2.5138942102560735,-0.558028368182121,2.063388488102796,4.106714920341781e+17,3134016428981.5967,0.1961513405197387,0.7492342010210259,0.9453855415407647
0.8922222222222222,-0.6866475779078046,2.5133524220921957,-0.558028368215507,2.062554214756764,4.0210219239600006e+17,3098540990786.0967,0.19511777645394718,0.7502677650868175,0.9453855415407647
0.8927777777777778,-0.6872004968181111,2.5127995031818893,-0.5580283682494318,2.0617092333582336,3.9354117451640314e+17,3063517516655.441,0.19408420925062805,0.7513013322901365,0.9453855415407645
0.8933333333333333,-0.6877647058329868,2.5122352941670134,-0.5580283682839181,2.060853422809948,3.849932113374516e+17,3028944262675.939,0.19305063894992505,0.7523349025908396,0.9453855415407647
0.8938888888888888,-0.6883403640805463,2.511659635919454,-0.5580283683189896,2.0599866621562186,3.7646311690705114e+17,2994819363830.6978,0.1920170655918328,0.7533684759489319,0.9453855415407647
0.8944444444444445,-0.6889276303604823,2.5110723696395176,-0.5580283683546714,2.0591088306409944,3.67955737598086e+17,2961140835036.134,0.19098348921617345,0.7544020523245912,0.9453855415407647
0.895,-0.6895266630200573,2.510473336979943,-0.5580283683909895,2.058219807785187,3.5947594335269306e+17,2927906571647.3604,0.18994990986257693,0.7554356316781877,0.9453855415407647
0.8955555555555555,-0.6901376199381637,2.5098623800618363,-0.558028368427971,2.0573194733951317,3.5102861709799846e+17,2895114354609.36,0.18891632757049648,0.7564692139702681,0.9453855415407647
0.8961111111111111,-0.6907606583560356,2.5092393416439647,-0.5580283684656447,2.0564077076646083,3.4261864610152864e+17,2862761848860.929,0.18788274237917094,0.7575027991615937,0.9453855415407645
0.8966666666666666,-0.6913959348106076,2.5086040651893926,-0.5580283685040407,2.0554843912171554,3.34250911619263e+17,2830846606828.398,0.18684915432762497,0.7585363872131395,0.9453855415407645
0.8972222222222221,-0.6920436051101975,2.5079563948898027,-0.55802836854319,2.0545494051189337,3.259302778741427e+17,2799366073339.8657,0.18581556345467565,0.759569978086089,0.9453855415407645
0.8977777777777777,-0.6927038241130626,2.5072961758869377,-0.558028368583126,2.053602631013569,3.176615834588416e+17,2768317582361.285,0.18478196979888867,0.760603571741876,0.9453855415407645
0.8983333333333332,-0.6933767457436455,2.506623254256355,-0.5580283686238829,2.0526439511134047,3.094496295217157e+17,2737698364211.2896,0.18374837339859648,0.7616371681421681,0.9453855415407645
0.8988888888888887,-0.6940625229107018,2.505937477089298,-0.5580283686654974,2.0516732482472144,3.012991692493316e+17,2707505548146.0117,0.18271477429188934,0.7626707672488753,0.9453855415407647
0.8994444444444444,-0.6947613072875255,2.505238692712475,-0.558028368708007,2.0506904059952173,2.932148989204454e+17,2677736159724.4346,0.18168117251657653,0.763704369024188,0.9453855415407647
0.8999999999999999,-0.6954732493883111,2.504526750611689,-0.5580283687514521,2.0496953086428404,2.8520144545467722e+17,2648387130407.5527,0.18064756811021565,0.764737973430549,0.9453855415407645
0.9005555555555554,-0.6961984984136753,2.5038015015863246,-0.5580283687958745,2.0486878412730682,2.7726335683454925e+17,2619455297339.4585,0.17961396111008637,0.7657715804306783,0.9453855415407647
0.9011111111111111,-0.6969372020777812,2.503062797922219,-0.5580283688413186,2.0476678898736678,2.6940509271268186e+17,2590937402989.9316,0.17858035155316615,0.7668051899875985,0.9453855415407645
0.9016666666666666,-0.6976895067083506,2.50231049329165,-0.5580283688878305,2.0466353412759988,2.616310122468756e+17,2562830105438.4688,0.17754673947615857,0.7678388020646061,0.9453855415407647
0.9022222222222223,-0.6984555570315648,2.5015444429684353,-0.5580283689354593,2.045590083284952,2.539453655960379e+17,2535129975951.6367,0.1765131249154584,0.7688724166253061,0.9453855415407645
0.9027777777777778,-0.699235496064499,2.500764503935501,-0.5580283689842562,2.044532004746889,2.4635228440188822e+17,2507833501337.8193,0.17547950790714056,0.7699060336336239,0.9453855415407645
0.9033333333333333,-0.7000294652135843,2.499970534786416,-0.5580283690342754,2.0434609954891427,2.3885577061226394e+17,2480937093817.8647,0.17444588848698403,0.7709396530537806,0.9453855415407647
0.9038888888888889,-0.7008376040210478,2.4991623959789524,-0.5580283690855741,2.042376946474247,2.314596891317456e+17,2454437087313.8706,0.17341226669043247,0.7719732748503321,0.9453855415407645
0.9044444444444445,-0.7016600501189325,2.4983399498810677,-0.5580283691382119,2.041279749830644,2.2416775874221494e+17,2428329742070.869,0.1723786425525931,0.7730068989881714,0.9453855415407645
0.905,-0.7024969393169205,2.49750306068308,-0.5580283691922522,2.0401692987986864,2.169835423753526e+17,2402611253725.4795,0.17134501610825786,0.7740405254325067,0.9453855415407645
0.9055555555555556,-0.7033484053324044,2.496651594667596,-0.5580283692477617,2.0390454878957955,2.0991044104421846e+17,2377277749117.0557,0.1703113873918611,0.7750741541489035,0.9453855415407645
0.9061111111111111,-0.7042145797893933,2.495785420210607,-0.558028369304811,2.0379082129200192,2.0295168582461584e+17,2352325292304.896,0.16927775643748605,0.7761077851032785,0.9453855415407645
0.9066666666666665,-0.7050955922998017,2.4949044077001985,-0.5580283693634742,2.0367573709002222,1.9611032985995606e+17,2327749892961.0483,0.1682441232788821,0.7771414182618825,0.9453855415407647
0.9072222222222222,-0.7059915701947936,2.4940084298052065,-0.5580283694238296,2.0355928602614592,1.8938924374918198e+17,2303547502269.0615,0.16721048794942459,0.7781750535913401,0.9453855415407647
0.9077777777777777,-0.7069026385464021,2.4930973614535983,-0.55802836948596,2.0344145808149015,1.827911091442233e+17,2279714019365.577,0.1661768504821239,0.7792086910586408,0.9453855415407647
0.9083333333333332,-0.7078289202537562,2.492171079746244,-0.558028369549953,2.0332224337053306,1.763184126601831e+17,2256245299428.401,0.16514321090964104,0.7802423306311236,0.9453855415407647
0.9088888888888887,-0.7087705357899402,2.49122946421006,-0.558028369615901,2.0320163215679914,1.6997344289291562e+17,2233137150053.614,0.1641095692642513,0.7812759722765132,0.9453855415407645
0.9094444444444443,-0.7097276032221613,2.490272396777839,-0.5580283696839017,2.0307961485197628,1.6375828606422944e+17,2210385337187.684,0.1630759255778507,0.7823096159629139,0.9453855415407647
0.9099999999999999,-0.7107002383159668,2.489299761684033,-0.5580283697540587,2.0295618200959806,1.576748219417977e+17,2187985593300.5525,0.16204227988197434,0.7833432616587903,0.9453855415407647
0.9105555555555556,-0.7116885543123244,2.4883114456876756,-0.5580283698264813,2.0283132433896838,1.5172472259850662e+17,2165933614611.5315,0.1610086322077649,0.7843769093329997,0.9453855415407647
0.9111111111111111,-0.7126926619212341,2.4873073380787663,-0.5580283699012856,2.027050327059587,1.459094503927168e+17,2144225065649.7979,0.1599749825859723,0.7854105589547924,0.9453855415407647
0.9116666666666666,-0.7137126694537069,2.4862873305462934,-0.5580283699785943,2.025772981250196,1.4023025595093448e+17,2122855587762.0928,0.15894133104697677,0.7864442104937879,0.9453855415407647
0.9122222222222223,-0.7147486826470917,2.4852513173529083,-0.5580283700585373,2.0244811177021673,1.346881786873203e+17,2101820797632.1106,0.1579076776207625,0.7874778639200022,0.9453855415407647
0.9127777777777778,-0.7158008046090218,2.4841991953909783,-0.5580283701412528,2.0231746497915952,1.292840472420989e+17,2081116289768.3804,0.15687402233691142,0.7885115192038533,0.9453855415407647
0.9133333333333333,-0.7168691359788542,2.4831308640211462,-0.5580283702268871,2.0218534924322613,1.2401847953638125e+17,2060737645325.3386,0.15584036522462696,0.7895451763161377,0.9453855415407647
0.9138888888888889,-0.7179537748205745,2.4820462251794257,-0.5580283703155954,2.020517562144872,1.1889188498435075e+17,2040680432363.8572,0.15480670631271928,0.7905788352280452,0.9453855415407645
0.9144444444444444,-0.7190548165060406,2.4809451834939598,-0.5580283704075425,2.0191667771347914,1.1390446731045315e+17,2020940206016.1272,0.15377304562958719,0.7916124959111774,0.9453855415407647
0.915,-0.7201723538929318,2.4798276461070685,-0.5580283705029033,2.017801057184409,1.0905622665456349e+17,2001512517166.497,0.15273938320324484,0.7926461583375198,0.9453855415407647
0.9155555555555556,-0.7213064772961155,2.4786935227038844,-0.5580283706018636,2.016420323674081,1.0434696336517822e+17,1982392914618.8464,0.15170571906131805,0.7936798224794465,0.9453855415407645
0.9161111111111111,-0.7224572743328249,2.4775427256671754,-0.5580283707046215,2.0150244996843876,9.977628286104285e+16,1963576943706.7734,0.15067205323101837,0.7947134883097463,0.9453855415407647
0.9166666666666665,-0.7236248300765635,2.4763751699234366,-0.558028370811387,2.013613509904088,9.53435997657981e+16,1945060153636.819,0.14963838573916644,0.7957471558015982,0.9453855415407647
0.9172222222222222,-0.7248092271038737,2.475190772896126,-0.5580283709223836,2.012187280604174,9.10481431335927e+16,1926838101329.766,0.14860471661219768,0.796780824928567,0.9453855415407647
0.9177777777777777,-0.726010545366649,2.473989454633351,-0.5580283710378491,2.010745739723674,8.688896281819184e+16,1908906350372.2869,0.14757104587614164,0.7978144956646229,0.9453855415407645
0.9183333333333332,-0.7272288622541723,2.472771137745828,-0.5580283711580372,2.0092888168362557,8.286493557648904e+16,1891260475197.0168,0.1465373735566286,0.798848167984136,0.9453855415407647
0.9188888888888888,-0.7284642527116013,2.471535747288399,-0.5580283712832179,2.0078164430792547,7.8974771491757e+16,1873896066386.056,0.1455036996789067,0.799881841861858,0.9453855415407647
0.9194444444444443,-0.7297167891912459,2.4702832108087542,-0.5580283714136784,2.0063285511897244,7.521702138169382e+16,1856808731308.4976,0.14447002426783156,0.8009155172729331,0.9453855415407647
0.9199999999999999,-0.7309865416024142,2.469013458397586,-0.558028371549726,2.004825075543244,7.159008450988959e+16,1839994094787.8464,0.14343634734785587,0.8019491941929088,0.9453855415407647
0.9205555555555556,-0.7322735774668037,2.4677264225331967,-0.5580283716916878,2.0033059520597236,6.8092216014029224e+16,1823447804850.4973,0.14240266894305142,0.8029828725977131,0.9453855415407645
0.9211111111111111,-0.7335779619481629,2.4664220380518374,-0.5580283718399129,2.0017711181894517,6.4721535036988376e+16,1807165534932.9058,0.14136898907710999,0.8040165524636546,0.9453855415407645
0.9216666666666666,-0.7348997577817313,2.465100242218269,-0.5580283719947741,2.00022051296548,6.1476033330149976e+16,1791142983572.6733,0.14033530777332917,0.8050502337674355,0.9453855415407645
0.9222222222222223,-0.7362390253606415,2.4637609746393587,-0.5580283721566699,1.9986540769545185,5.835358361463221e+16,1775375877911.648,0.1393016250546221,0.8060839164861425,0.9453855415407647
0.9227777777777778,-0.7375958228366031,2.462404177163397,-0.558028372326026,1.9970717521972068,5.535194810174667e+16,1759859977226.407,0.13826794094353126,0.8071176005972334,0.9453855415407645
0.9233333333333333,-0.7389702061206229,2.4610297938793773,-0.5580283725032967,1.9954734822140243,5.246878736791588e+16,1744591073904.5515,0.13723425546222334,0.8081512860785413,0.9453855415407647
0.9238888888888889,-0.7403622288568128,2.4596377711431874,-0.5580283726889694,1.9938592120304282,4.9701669318062104e+16,1729564993811.4028,0.13620056863248114,0.8091849729082835,0.9453855415407647
0.9244444444444444,-0.7417719425530405,2.4582280574469597,-0.5580283728835651,1.9922288880976926,4.7048077843146376e+16,1714777600103.065,0.13516688047572073,0.8102186610650438,0.9453855415407645
0.925,-0.743199396638667,2.456800603361333,-0.5580283730876412,1.9905824582612188,4.450542164392251e+16,1700224795119.1821,0.1341331910129969,0.8112523505277677,0.9453855415407645
0.9255555555555556,-0.7446446384616354,2.4553553615383645,-0.5580283733017943,1.9889198717701144,4.207104310533698e+16,1685902520865.5515,0.13309950026499848,0.812286041275766,0.9453855415407645
0.9261111111111111,-0.7461077133170178,2.4538922866829824,-0.5580283735266653,1.9872410792665476,3.974222700221962e+16,1671806760160.3152,0.13206580825204658,0.813319733288718,0.9453855415407645
0.9266666666666665,-0.7475886645621759,2.4524113354378243,-0.5580283737629403,1.98554603271574,3.7516208943643016e+16,1657933539438.8938,0.13103211499411088,0.8143534265466539,0.9453855415407647
0.9272222222222221,-0.7490875336639929,2.4509124663360073,-0.558028374011355,1.9838346853813953,3.5390183787206212e+16,1644278929937.803,0.1299984205108125,0.815387121029952,0.9453855415407645
0.9277777777777777,-0.7506043602064408,2.4493956397935595,-0.5580283742726988,1.9821069918291492,3.3361313912511096e+16,1630839048038.8835,0.1289647248214198,0.8164208167193449,0.9453855415407647
0.9283333333333332,-0.752139181942884,2.447860818057116,-0.5580283745478203,1.980362907899684,3.1426737201286804e+16,1617610056461.351,0.1279310279448525,0.8174545135959121,0.9453855415407647
0.9288888888888888,-0.7536920348931315,2.4463079651068687,-0.5580283748376302,1.97860239065001,2.9583574723651692e+16,1604588166161.1243,0.1268973298996931,0.8184882116410716,0.9453855415407647
0.9294444444444443,-0.7552629533913889,2.444737046608611,-0.5580283751431065,1.9768253983283632,2.782893822964431e+16,1591769637139.0813,0.1258636307041911,0.8195219108365736,0.9453855415407647
0.9299999999999999,-0.7568519701086851,2.443148029891315,-0.5580283754653012,1.9750318903678084,2.6159937375219404e+16,1579150778751.2505,0.12482993037626049,0.8205556111645042,0.9453855415407647
0.9305555555555556,-0.7584591161036447,2.4415408838963555,-0.5580283758053465,1.9732218273600772,2.457368660187161e+16,1566727950488.1616,0.12379622893348427,0.8215893126072803,0.9453855415407645
0.9311111111111111,-0.7600844209097133,2.439915579090287,-0.5580283761644601,1.9713951710026474,2.3067311660171452e+16,1554497563265.6929,0.12276252639312421,0.8226230151476404,0.9453855415407647
0.9316666666666666,-0.7617279125852234,2.4382720874147767,-0.5580283765439525,1.9695518840718838,2.1637955839916124e+16,1542456079951.9336,0.1217288227721258,0.8236567187686387,0.9453855415407645
0.9322222222222222,-0.7633896177504116,2.4366103822495884,-0.5580283769452351,1.967691930406071,2.0282785860920332e+16,1530600015644.9163,0.12069511808711908,0.8246904234536455,0.9453855415407645
0.9327777777777778,-0.7650695616254914,2.4349304383745087,-0.55802837736983,1.9658152748881157,1.8998997401054476e+16,1518925937944.9006,0.1196614123544194,0.8257241291863451,0.9453855415407645
0.9333333333333333,-0.7667677681101213,2.433232231889879,-0.5580283778193783,1.9639218833970158,1.778382022862894e+16,1507430467775.8713,0.11862770559003884,0.8267578359507258,0.9453855415407647
0.9338888888888889,-0.7684842598354723,2.431515740164528,-0.5580283782956486,1.9620117227790526,1.6634522993423658e+16,1496110279689.304,0.11759399780968968,0.827791543731075,0.9453855415407647
0.9344444444444444,-0.7702190582097838,2.4297809417902165,-0.5580283788005492,1.9600847608238177,1.5548417652357708e+16,1484962102024.8848,0.11656028902878908,0.8288252525119756,0.9453855415407647
0.935,-0.7719721834520389,2.4280278165479614,-0.5580283793361415,1.958140966249902,1.4522863531324784e+16,1473982716905.5664,0.11552657926245853,0.829858962278306,0.9453855415407645
0.9355555555555556,-0.7737436546515867,2.4262563453484134,-0.5580283799046526,1.9561803086701608,1.3555271002666214e+16,1463168960517.0168,0.11449286852553212,0.8308926730152324,0.9453855415407645
0.9361111111111111,-0.7755334898254649,2.4244665101745353,-0.5580283805084887,1.954202758558137,1.2643104803504032e+16,1452517723281.1282,0.11345915683256172,0.8319263847082029,0.9453855415407645
0.9366666666666665,-0.7773417059629902,2.42265829403701,-0.5580283811502498,1.9522082872240782,1.178388700451809e+16,1442025949817.8613,0.11242544419782216,0.8329600973429425,0.9453855415407647
0.9372222222222221,-0.7791683190676243,2.420831680932376,-0.558028381832748,1.9501968667932261,1.0975199629107934e+16,1431690638856.426,0.11139173063531424,0.8339938109054504,0.9453855415407647
0.9377777777777777,-0.7810133441931847,2.4189866558068154,-0.558028382559028,1.9481684701890492,1.0214686932499686e+16,1421508843085.229,0.11035801615876631,0.8350275253819982,0.9453855415407645
0.9383333333333332,-0.7828767954977605,2.4171232045022397,-0.5580283833323867,1.9461230711013044,9500057341357832.0,1411477669122.218,0.1093243007816421,0.8360612407591225,0.9453855415407645
0.9388888888888888,-0.7847586862888521,2.415241313711148,-0.5580283841563939,1.944060643960899,8829085077822516.0,1401594277355.2966,0.10829058451714471,0.8370949570236199,0.9453855415407647
0.9394444444444443,-0.7866590290632082,2.413340970936792,-0.5580283850349173,1.9419811639189497,8199611477268055.0,1391855881706.5415,0.10725686737822133,0.8381286741625434,0.9453855415407647
0.94,-0.7885778355452331,2.411422164454767,-0.5580283859721487,1.939884606827069,7609546010840969.0,1382259749373.6204,0.10622314937756656,0.8391623921631981,0.9453855415407647
0.9405555555555556,-0.7905151167208826,2.4094848832791174,-0.5580283869726376,1.9377709492219721,7056867027333976.0,1372803200550.989,0.10518943052762461,0.84019611101314,0.9453855415407645
0.9411111111111111,-0.792470882879485,2.4075291171205153,-0.5580283880413207,1.9356401683025015,6539622225100712.0,1363483608160.7664,0.10415571084059534,0.8412298307001691,0.9453855415407645
0.9416666666666667,-0.794445143652711,2.405554856347289,-0.5580283891835576,1.9334922419088894,6055928872654859.0,1354298397543.5151,0.10312199032843786,0.8422635512123268,0.9453855415407647
0.9422222222222222,-0.7964379080487303,2.4035620919512697,-0.5580283904051679,1.9313271485062753,5603973793165321.0,1345245046114.0845,0.10208826900287475,0.84329727253789,0.9453855415407647
0.9427777777777778,-0.7984491844853021,2.401550815514698,-0.5580283917124749,1.9291448671692275,5182013126952584.0,1336321083011.145,0.10105454687539536,0.8443309946653692,0.9453855415407645
0.9433333333333334,-0.8004789808211571,2.399521019178843,-0.5580283931123521,1.9269453775681438,4788371887608479.0,1327524088753.0344,0.10002082395725961,0.8453647175835052,0.9453855415407648
0.9438888888888889,-0.8025273043853964,2.3974726956146037,-0.5580283946122784,1.9247286599579576,4421443327232872.0,1318851694908.4934,0.0989871002594991,0.8463984412812655,0.9453855415407647
0.9444444444444444,-0.8045941620101766,2.3954058379898235,-0.5580283962203919,1.9224946951631559,4079688125300833.0,1310301583745.0327,0.09795337579292246,0.8474321657478422,0.9453855415407647
0.945,-0.8066795600597672,2.393320439940233,-0.5580283979455509,1.9202434645666615,3761633417828884.0,1301871487889.3035,0.09691965056811824,0.8484658909726465,0.9453855415407647
0.9455555555555556,-0.8087835044575745,2.3912164955424258,-0.5580283997974016,1.9179749501011298,3465871681358788.5,1293559190006.4944,0.09588592459545756,0.8494996169453068,0.9453855415407645
0.9461111111111111,-0.8109060007120745,2.3890939992879257,-0.5580284017864542,1.9156891342418416,3191059486235847.0,1285362522505.2407,0.09485219788509741,0.8505333436556672,0.9453855415407647
0.9466666666666665,-0.8130470539416423,2.386952946058358,-0.5580284039241643,1.9133860000013707,2935916133472383.5,1277279367275.1182,0.09381847044698181,0.8515670710937828,0.9453855415407645
0.9472222222222221,-0.81520666889784,2.38479333110216,-0.5580284062230254,1.9110655309269824,2699222189084639.0,1269307655482.2136,0.09278474229084445,0.85260079924992,0.9453855415407645
0.9477777777777777,-0.8173848499881065,2.382615150011894,-0.5580284086966711,1.9087277110994245,2479817929128303.0,1261445367400.9543,0.09175101342621002,0.8536345281145545,0.9453855415407645
0.9483333333333333,-0.8195816012982464,2.380418398701754,-0.5580284113599822,1.9063725251325896,2276601708234852.0,1253690532275.425,0.09071728386239752,0.8546682576783671,0.9453855415407645
0.9488888888888888,-0.8217969266128615,2.3782030733871387,-0.5580284142292062,1.9039999581770413,2088528264074952.5,1246041228264.3486,0.08968355360852001,0.8557019879322446,0.9453855415407647
0.9494444444444443,-0.8240308294346881,2.375969170565312,-0.558028417322093,1.9016099959264177,1914606969246814.5,1238495582465.8506,0.08864982267348656,0.856735718867278,0.9453855415407645
0.95,-0.8262833130029621,2.373716686997038,-0.5580284206580401,1.8992026246268847,1753900041584638.0,1231051771033.264,0.08761609106600263,0.857769450474762,0.9453855415407647
0.9505555555555556,-0.8285543803108332,2.371445619689167,-0.5580284242582562,1.896777831089981,1605520723253959.5,1223708019395.8154,0.08658235879457014,0.8588031827461945,0.9453855415407647
0.9511111111111111,-0.8308440341218488,2.3691559658781514,-0.5580284281459383,1.8943356027092302,1468631438349166.5,1216462602599.6345,0.08554862586748804,0.8598369156732766,0.9453855415407645
0.9516666666666667,-0.8331522769855239,2.366847723014476,-0.5580284323464708,1.891875927481068,1342441938052654.2,1209313845790.5974,0.08451489229285035,0.8608706492479141,0.9453855415407645
0.9522222222222222,-0.8354791112519596,2.3645208887480407,-0.5580284368876444,1.8893987940307964,1226207441761090.0,1202260124866.0725,0.08348115807854564,0.861904383462219,0.9453855415407647
0.9527777777777777,-0.837824539085875,2.3621754609141252,-0.5580284417998941,1.8869041916429197,1119226781912570.8,1195299867275.874,0.08244742323225523,0.8629381183085094,0.9453855415407647
0.9533333333333334,-0.8401885624797178,2.3598114375202823,-0.5580284471165643,1.8843921102976724,1020840559644492.1,1188431553035.3865,0.08141368776145061,0.863971853779314,0.9453855415407647
0.9538888888888889,-0.8425711832659117,2.3574288167340884,-0.5580284528742008,1.8818625407144043,930429317753320.5,1181653715976.4644,0.08037995167339107,0.8650055898673736,0.9453855415407647
0.9544444444444443,-0.8449724031283752,2.3550275968716248,-0.5580284591128735,1.8793154744024505,847411736810542.6,1174964945262.3071,0.0793462149751185,0.8660393265656461,0.9453855415407647
0.955,-0.8473922236133327,2.3526077763866677,-0.5580284658765333,1.876750903720474,771242859697516.5,1168363887202.3994,0.07831247767345348,0.8670730638673112,0.9453855415407647
0.9555555555555556,-0.849830646139459,2.350169353860541,-0.5580284732134073,1.8741688219453743,701412349243373.1,1161849247408.499,0.07727873977498897,0.8681068017657756,0.9453855415407645
0.956111111111111,-0.8522876720073761,2.347712327992624,-0.5580284811764322,1.8715692233520689,637442783095350.5,1155419793338.2874,0.07624500128608427,0.8691405402546805,0.9453855415407647
0.9566666666666667,-0.8547633024085467,2.3452366975914534,-0.5580284898237364,1.8689521033055714,578887989419471.9,1149074357279.7837,0.07521126221285585,0.8701742793279088,0.9453855415407647
0.9572222222222221,-0.8572575384335817,2.3427424615664183,-0.5580284992191722,1.8663174583670865,525331426524613.6,1142811839837.0986,0.07417752256116852,0.8712080189795961,0.9453855415407645
0.9577777777777777,-0.8597703810799978,2.3402296189200023,-0.5580285094329027,1.8636652864160186,476384609023809.25,1136631213986.616,0.07314378233662458,0.8722417592041399,0.9453855415407645
0.9583333333333334,-0.8623018312594541,2.337698168740546,-0.5580285205420522,1.8609955867901211,431685582695668.6,1130531529782.5874,0.07211004154455082,0.8732754999962138,0.9453855415407647
0.9588888888888888,-0.8648518898044913,2.335148110195509,-0.5580285326314243,1.8583083604463222,390897449785400.5,1124511919802.4373,0.07107630018998501,0.8743092413507796,0.9453855415407645
0.9594444444444444,-0.8674205574748092,2.332579442525191,-0.5580285457942955,1.8556036101451348,353706946089556.5,1118571605435.1199,0.07004255827765819,0.8753429832631063,0.9453855415407645
0.96,-0.8700078349630991,2.3299921650369013,-0.5580285601332937,1.8528813406620166,319823070801866.5,1112709904130.9236,0.06900881581197663,0.876376725728788,0.9453855415407645
0.9605555555555556,-0.8726137229004656,2.3273862770995346,-0.55802857576137,1.8501415590295132,288975769758080.1,1106926237748.445,0.06797507279699994,0.8774104687437647,0.9453855415407647
0.961111111111111,-0.8752382218614523,2.324761778138548,-0.5580285928028703,1.8473842748146312,260914672406371.12,1101220142154.416,0.06694132923641762,0.8784442123043469,0.9453855415407645
0.9616666666666667,-0.8778813323687087,2.3221186676312913,-0.5580286113947236,1.844609500436507,235407882545046.16,1095591278255.1008,0.0659075851335202,0.8794779564072444,0.9453855415407645
0.9622222222222221,-0.8805430548973067,2.3194569451026936,-0.5580286316877532,1.8418172515302502,212240822611167.34,1090039444664.6403,0.06487384049116893,0.8805117010495958,0.9453855415407647
0.9627777777777777,-0.8832233898787369,2.3167766101212632,-0.5580286538481274,1.8390075473636758,191215131070567.0,1084564592246.2524,0.06384009531176009,0.8815454462290045,0.9453855415407647
0.9633333333333334,-0.8859223377046045,2.3140776622953956,-0.5580286780589634,1.8361804113146905,172147612251444.97,1079166840797.7786,0.0628063495971852,0.8825791919435794,0.9453855415407645
0.9638888888888888,-0.8886398987300375,2.3113601012699627,-0.5580287045220975,1.8333358714182364,154869237778789.62,1073846498193.8234,0.06177260334878666,0.883612938191978,0.9453855415407645
0.9644444444444444,-0.8913760732768394,2.3086239267231607,-0.5580287334600438,1.830473960993043,139224198604247.48,1068604082343.9812,0.060738856567306,0.8846466849734587,0.9453855415407647
0.9649999999999999,-0.8941308616363883,2.3058691383636116,-0.5580287651181545,1.8275947193599988,125069006484898.69,1063440346381.1586,0.05970510925282767,0.885680432287937,0.9453855415407647
0.9655555555555555,-0.8969042640722706,2.3030957359277293,-0.558028799767063,1.8246981926819354,112271643643434.55,1058356308224.309,0.058671361404713254,0.8867141801360514,0.9453855415407647
0.9661111111111111,-0.8996962808229029,2.3003037191770974,-0.5580288377051057,1.8217844348476628,100710759236991.95,1053353281250.2202,0.05763761302153507,0.8877479285192296,0.9453855415407647
0.9666666666666666,-0.9025069121035465,2.297493087896454,-0.5580288792615242,1.8188535086368165,90274911185894.61,1048432915708.301,0.05660386410098789,0.8887816774397767,0.9453855415407645
0.9672222222222222,-0.9053361581085467,2.2946638418914533,-0.5580289247994845,1.8159054869127973,80861851830542.55,1043597240350.7861,0.05557011463980225,0.8898154269009624,0.9453855415407645
0.9677777777777776,-0.9081840190131947,2.2918159809868053,-0.5580289747196518,1.812940454060437,72377855846054.03,1038848713075.4733,0.05453636463364252,0.8908491769071223,0.9453855415407647
0.9683333333333333,-0.9110504949754763,2.288949505024524,-0.5580290294640746,1.8099585076209654,64737088796308.31,1034190278483.5709,0.05350261407699299,0.8918829274637716,0.9453855415407645
0.9688888888888889,-0.9139355861376696,2.2860644138623307,-0.5580290895204569,1.8069597601685663,57861014685565.36,1029625434021.5446,0.05246886296303198,0.8929166785777326,0.9453855415407647
0.9694444444444443,-0.9168392926278106,2.28316070737219,-0.5580291554268534,1.8039443414637923,51677840850553.914,1025158305994.5721,0.051435111283489335,0.8939504302572752,0.9453855415407645
0.9700000000000001,-0.9197616145610259,2.2802383854389743,-0.558029227776843,1.8009124009319588,46121998531773.42,1020793737249.8395,0.0504013590284894,0.8949841825122752,0.9453855415407645
0.9705555555555555,-0.9227025520407552,2.2772974479592447,-0.558029307225191,1.7978641105044717,41133657467795.57,1016537387924.0142,0.049367606186375965,0.8960179353543886,0.9453855415407645
0.9711111111111111,-0.9256621051598697,2.2743378948401305,-0.5580293944940236,1.7947996678694627,36658272870145.37,1012395851011.0096,0.048333852743518986,0.8970516887972456,0.9453855415407647
0.9716666666666666,-0.9286402740016855,2.2713597259983147,-0.5580294903796061,1.7917193002102574,32646163157572.777,1008376785809.0273,0.047300098684101476,0.8980854428566631,0.9453855415407647
0.9722222222222222,-0.9316370586408874,2.2683629413591127,-0.5580295957597854,1.788623268514424,29052116856095.855,1004489072503.197,0.046266343989881435,0.899119197550883,0.9453855415407645
0.9727777777777776,-0.9346524591443756,2.2653475408556245,-0.5580297116019972,1.785511872471529,25835027104422.91,1000742988692.2036,0.045232588639935976,0.9001529529008288,0.9453855415407647
0.9733333333333333,-0.9376864755720302,2.26231352442797,-0.5580298389720296,1.7823854561094392,22957552243022.633,997150413972.9833,0.04419883261037908,0.9011867089303855,0.9453855415407647
0.9738888888888889,-0.9407391079774025,2.259260892022598,-0.558029979043585,1.7792444142816113,20385801007190.383,993725067358.7076,0.043165075874054756,0.90222046566671,0.9453855415407647
0.9744444444444443,-0.9438103564083549,2.2561896435916453,-0.5580301331084438,1.7760892000035158,18089040890046.168,990482778143.896,0.04213131840020952,0.9032542231405551,0.9453855415407647
0.975,-0.9469002209076272,2.253099779092373,-0.5580303025875999,1.7729203329315215,16039428290481.135,987441802641.336,0.041097560154138624,0.904287981386626,0.9453855415407647
0.9755555555555554,-0.9500087015133583,2.249991298486642,-0.5580304890430852,1.7697384089757016,14211759111076.09,984623187970.5796,0.04006380109681459,0.9053217404439499,0.9453855415407645
0.976111111111111,-0.9531357982595563,2.246864201740444,-0.5580306941906299,1.766544111270916,12583238523722.172,982051193782.8114,0.03903004118449773,0.9063555003562668,0.9453855415407645
0.9766666666666667,-0.9562815111765212,2.243718488823479,-0.5580309199130971,1.7633382226442507,11133268673848.35,979753780352.8496,0.03799628036833695,0.9073892611724277,0.9453855415407647
0.9772222222222221,-0.959445840291233,2.240554159708767,-0.5580311682746419,1.7601216397482937,9843253148208.877,977763173902.4269,0.03696251859396536,0.9084230229467993,0.9453855415407647
0.9777777777777777,-0.9626287856276963,2.237371214372304,-0.5580314415355123,1.7568953890336734,8696417085457.439,976116521795.8982,0.035928755801106035,0.9094567857396587,0.9453855415407647
0.9783333333333332,-0.9658303472072536,2.2341696527927466,-0.5580317421673631,1.7536606447340737,7677641862874.156,974856652412.099,0.03489499192319905,0.9104905496175656,0.9453855415407647
0.9788888888888888,-0.9690505250488693,2.2309494749511307,-0.5580320728688885,1.7504187490216925,6773313346338.188,974032956784.8828,0.03386122688706968,0.9115243146536949,0.9453855415407647
0.9794444444444445,-0.9722893191693813,2.2277106808306186,-0.5580324365815161,1.7471712344731736,5971182743654.645,973702412198.0834,0.03282746061266209,0.9125580809281024,0.9453855415407645
0.98,-0.9755467295837337,2.2244532704162667,-0.5580328365048137,1.743919848953627,5260239153406.129,973930771619.3606,0.0317936930128634,0.9135918485279012,0.9453855415407645
0.9805555555555554,-0.9788227563051819,2.221177243694818,-0.5580332761111226,1.7406665829437877,4630592952405.946,974793946121.9418,0.03075992399345693,0.9146256175473075,0.9453855415407645
0.981111111111111,-0.9821173993454779,2.217882600654522,-0.5580337591588138,1.7374136992698055,4073369214406.4434,976379613194.991,0.029726153453239684,0.9156593880875249,0.9453855415407647
0.9816666666666667,-0.985430658715036,2.2145693412849643,-0.5580342897033496,1.734163765034075,3580610400808.742,978789088250.2642,0.02869238128435117,0.9166931602564136,0.9453855415407647
0.9822222222222221,-0.9887625344230865,2.2112374655769136,-0.5580348721051428,1.7309196854084319,3145187610623.855,982139504726.6287,0.0276586073728567,0.9177269341679078,0.9453855415407645
0.9827777777777778,-0.9921130264778073,2.207886973522193,-0.5580355110328817,1.7276847386767167,2760719721740.6514,986566354400.5018,0.02662483159963811,0.9187607099411265,0.9453855415407645
0.9833333333333332,-0.9954821348864481,2.204517865113552,-0.5580362114606707,1.7244626116382782,2421499798605.058,992226449540.9526,0.02559105384163445,0.9197944876991302,0.9453855415407647
0.9838888888888888,-0.9988698596554377,2.2011301403445627,-0.5580369786568862,1.7212574341098945,2122428182652.0417,999301379205.2949,0.024557273973472404,0.9208282675672923,0.9453855415407647
0.9844444444444445,-1.0022762007904815,2.197723799209519,-0.5580378181621279,1.7180738108138511,1858951721223.1897,1008001544490.2515,0.023523491869513365,0.9218620496712513,0.9453855415407647
0.9849999999999999,-1.0057011582966542,2.194298841703346,-0.5580387357529764,1.7149168484266584,1627008628234.738,1018570872489.3169,0.022489707406319455,0.9228958341344452,0.9453855415407647
0.9855555555555555,-1.0091447321784757,2.1908552678215245,-0.5580397373874686,1.7117921750308658,1422978505534.9287,1031292327491.3291,0.02145592046552106,0.9239296210752436,0.9453855415407647
0.9861111111111112,-1.0126069224399883,2.187393077560012,-0.558040829127205,1.7087059485944471,1243637087708.4844,1046494356974.0221,0.020422130937025322,0.9249634106037392,0.9453855415407645
0.9866666666666666,-1.0160877290848167,2.1839122709151835,-0.558042017029788,1.705664850586961,1086115305085.6001,1064558434657.9805,0.019388338722469076,0.9259972028182956,0.9453855415407647
0.9872222222222222,-1.0195871521162352,2.180412847883765,-0.5580433070038395,1.702676060579535,947862289911.8402,1085927896793.2672,0.018354543738773082,0.9270309978019915,0.9453855415407645
0.9877777777777776,-1.0231051915372198,2.17689480846278,-0.5580447046168509,1.6997472074577367,826611979078.7933,1111118298768.829,0.017320745921621514,0.9280647956191432,0.9453855415407647
0.9883333333333333,-1.0266418473505006,2.1733581526494996,-0.5580462148444989,1.6968862929742832,720352993574.8041,1140729552340.5208,0.016286945228633044,0.9290985963121315,0.9453855415407645
0.9888888888888889,-1.0301971195586117,2.1698028804413885,-0.5580478417450436,1.694101584842845,627301499830.6011,1175460180642.7002,0.015253141642035811,0.930132399898729,0.9453855415407647
0.9894444444444445,-1.0337710081639342,2.166228991836066,-0.5580495880452342,1.6914014768795804,545876781804.3811,1216124035134.871,0.014219335170521402,0.9311662063702432,0.9453855415407645
0.9900000000000001,-1.0373635131687453,2.162636486831255,-0.5580514546094557,1.6887943175112063,474679274293.5208,1263669957455.9243,0.013185525850213098,0.9322000156905513,0.9453855415407645
0.9905555555555555,-1.0409746345752589,2.1590253654247413,-0.5580534397702204,1.6862882091924263,412470828775.29584,1319204876859.8442,0.012151713744497946,0.9332338277962668,0.9453855415407647
0.9911111111111112,-1.044604372385672,2.155395627614328,-0.5580555384849085,1.6838907859572019,358157001931.31805,1384020988417.712,0.011117898942719343,0.9342676425980452,0.9453855415407645
0.9916666666666666,-1.0482527266022044,2.151747273397796,-0.5580577412782177,1.681608979169891,310771174811.61334,1459627742040.3384,0.010084081557769495,0.935301459982995,0.9453855415407644
0.9922222222222222,-1.0519196972271503,2.1480803027728497,-0.5580600329208236,1.6794487849041198,269460327048.37735,1547789519285.5454,0.009050261722721432,0.9363352798180433,0.9453855415407647
0.9927777777777776,-1.0556052842629247,2.1443947157370755,-0.558062390783189,1.677415048491343,233472305770.17996,1650570035588.03,0.008016439586738614,0.9373691019540262,0.9453855415407648
0.9933333333333333,-1.0593094877121159,2.1406905122878843,-0.5580647827912192,1.6755112825878995,202144442985.68848,1770384712211.653,0.006982615310550859,0.9384029262302139,0.9453855415407647
0.9938888888888889,-1.0630323075775434,2.1369676924224565,-0.5580671648909586,1.673739533371612,174893388204.5639,1910062468988.1956,0.0059487890618155365,0.9394367524789489,0.9453855415407645
0.9944444444444444,-1.0667737438623193,2.133226256137681,-0.5580694779095761,1.6721003064928726,151206035097.45813,2072918681382.813,0.004914961010661552,0.9404705805301032,0.9453855415407648
0.995,-1.070533796569924,2.129466203430076,-0.5580716436855168,1.670592559990345,130631432119.71721,2262841426214.4976,0.003881131325666371,0.9415044102150982,0.9453855415407647
0.9955555555555554,-1.0743124657042835,2.1256875342957167,-0.5580735602800863,1.6692137633790813,112773577007.37486,2484393379791.5605,0.002847300170445328,0.9425382413703195,0.9453855415407648
0.9961111111111111,-1.0781097512698636,2.1218902487301365,-0.5580750960929042,1.667960019191948,97285004695.31508,2742932448093.8813,0.0018134677009538282,0.9435720738398107,0.9453855415407645
0.9966666666666667,-1.0819256532717771,2.118074346728223,-0.558076082600812,1.6668262346714662,83861086439.48816,3044754506147.569,0.0007796340635199406,0.9446059074772448,0.9453855415407647
0.9972222222222221,-1.085760171715903,2.114239828284097,-0.5580763054291774,1.6658063303060962,72234966034.63976,3397262519457.604,-0.00025420060642611446,0.9456397421471907,0.9453855415407645
0.9977777777777778,-1.0896133066090345,2.1103866933909656,-0.5580754933693446,1.664893468683287,62173066044.3765,3809167003422.362,-0.0012880361850128449,0.9466735777257773,0.9453855415407645
0.9983333333333332,-1.0934850579590436,2.1065149420409566,-0.5580733048585352,1.6640802878374692,53471103512.00614,4290723774224.6045,-0.002321872560083306,0.9477074141008481,0.9453855415407648
0.9988888888888888,-1.097375425775077,2.102624574224923,-0.5580693113498071,1.6633591253767717,45950560660.18383,4854016136869.1875,-0.0033557096309601276,0.9487412511717247,0.9453855415407645
0.9994444444444445,-1.1012844100677817,2.0987155899322185,-0.5580629768410021,1.6627222223503413,39455561459.21974,5513290008825.947,-0.004389547307927335,0.9497750888486918,0.9453855415407645
1.0,-1.1052120108495787,2.0947879891504213,-0.5580536326412059,1.6621618994991454,33850109884.504047,6285352170884.834,-0.005423385511528478,0.950808927052293,0.9453855415407645
